STRUCTURE,STRUCTURE_ID,ACTION,FREQ,FREQ_LABEL,REF_AREA,REF_AREA_LABEL,INDICATOR,INDICATOR_LABEL,SEX,SEX_LABEL,AGE,AGE_LABEL,URBANISATION,URBANISATION_LABEL,UNIT_MEASURE,UNIT_MEASURE_LABEL,COMP_BREAKDOWN_1,COMP_BREAKDOWN_1_LABEL,COMP_BREAKDOWN_2,COMP_BREAKDOWN_2_LABEL,COMP_BREAKDOWN_3,COMP_BREAKDOWN_3_LABEL,TIME_PERIOD,OBS_VALUE,DATABASE_ID,DATABASE_ID_LABEL,UNIT_MULT,UNIT_MULT_LABEL,UNIT_TYPE,UNIT_TYPE_LABEL,TIME_FORMAT,TIME_FORMAT_LABEL,OBS_STATUS,OBS_STATUS_LABEL,OBS_CONF,OBS_CONF_LABEL
datastructure,WB.DATA360:DS_DATA360(1.2),I,A,Annual,SRB,Serbia,FAO_CAHD_7006,Number of people unable to afford a healthy diet (million),_T,Total,_T,All age ranges or no breakdown by age,_T,Total,PS,Persons,_Z,Not Applicable,_Z,Not Applicable,_Z,Not Applicable,2025,0.7,FAO_CAHD,Cost and Affordability of a Healthy Diet (CoAHD),6,Millions,COUNT,Count (Integer),602,CCYY,A,Normal value,PU,Public
datastructure,WB.DATA360:DS_DATA360(1.2),I,A,Annual,SRB,Serbia,FAO_CAHD_7006,Number of people unable to afford a healthy diet (million),_T,Total,_T,All age ranges or no breakdown by age,_T,Total,PS,Persons,_Z,Not Applicable,_Z,Not Applicable,_Z,Not Applicable,2018,1.9,FAO_CAHD,Cost and Affordability of a Healthy Diet (CoAHD),6,Millions,COUNT,Count (Integer),602,CCYY,A,Normal value,PU,Public
datastructure,WB.DATA360:DS_DATA360(1.2),I,A,Annual,SRB,Serbia,FAO_CAHD_7006,Number of people unable to afford a healthy diet (million),_T,Total,_T,All age ranges or no breakdown by age,_T,Total,PS,Persons,_Z,Not Applicable,_Z,Not Applicable,_Z,Not Applicable,2019,1.4,FAO_CAHD,Cost and Affordability of a Healthy Diet (CoAHD),6,Millions,COUNT,Count (Integer),602,CCYY,A,Normal value,PU,Public
datastructure,WB.DATA360:DS_DATA360(1.2),I,A,Annual,SRB,Serbia,FAO_CAHD_7006,Number of people unable to afford a healthy diet (million),_T,Total,_T,All age ranges or no breakdown by age,_T,Total,PS,Persons,_Z,Not Applicable,_Z,Not Applicable,_Z,Not Applicable,2020,1.1,FAO_CAHD,Cost and Affordability of a Healthy Diet (CoAHD),6,Millions,COUNT,Count (Integer),602,CCYY,A,Normal value,PU,Public
datastructure,WB.DATA360:DS_DATA360(1.2),I,A,Annual,SRB,Serbia,FAO_CAHD_7006,Number of people unable to afford a healthy diet (million),_T,Total,_T,All age ranges or no breakdown by age,_T,Total,PS,Persons,_Z,Not Applicable,_Z,Not Applicable,_Z,Not Applicable,2021,0.8,FAO_CAHD,Cost and Affordability of a Healthy Diet (CoAHD),6,Millions,COUNT,Count (Integer),602,CCYY,A,Normal value,PU,Public
datastructure,WB.DATA360:DS_DATA360(1.2),I,A,Annual,SRB,Serbia,FAO_CAHD_7006,Number of people unable to afford a healthy diet (million),_T,Total,_T,All age ranges or no breakdown by age,_T,Total,PS,Persons,_Z,Not Applicable,_Z,Not Applicable,_Z,Not Applicable,2022,1.0,FAO_CAHD,Cost and Affordability of a Healthy Diet (CoAHD),6,Millions,COUNT,Count (Integer),602,CCYY,A,Normal value,PU,Public
datastructure,WB.DATA360:DS_DATA360(1.2),I,A,Annual,SRB,Serbia,FAO_CAHD_7006,Number of people unable to afford a healthy diet (million),_T,Total,_T,All age ranges or no breakdown by age,_T,Total,PS,Persons,_Z,Not Applicable,_Z,Not Applicable,_Z,Not Applicable,2023,0.9,FAO_CAHD,Cost and Affordability of a Healthy Diet (CoAHD),6,Millions,COUNT,Count (Integer),602,CCYY,A,Normal value,PU,Public
datastructure,WB.DATA360:DS_DATA360(1.2),I,A,Annual,SRB,Serbia,FAO_CAHD_7006,Number of people unable to afford a healthy diet (million),_T,Total,_T,All age ranges or no breakdown by age,_T,Total,PS,Persons,_Z,Not Applicable,_Z,Not Applicable,_Z,Not Applicable,2024,0.8,FAO_CAHD,Cost and Affordability of a Healthy Diet (CoAHD),6,Millions,COUNT,Count (Integer),602,CCYY,A,Normal value,PU,Public
datastructure,WB.DATA360:DS_DATA360(1.2),I,A,Annual,SYC,Seychelles,FAO_CAHD_7006,Number of people unable to afford a healthy diet (million),_T,Total,_T,All age ranges or no breakdown by age,_T,Total,PS,Persons,_Z,Not Applicable,_Z,Not Applicable,_Z,Not Applicable,2018,0.1,FAO_CAHD,Cost and Affordability of a Healthy Diet (CoAHD),6,Millions,COUNT,Count (Integer),602,CCYY,A,Normal value,PU,Public
datastructure,WB.DATA360:DS_DATA360(1.2),I,A,Annual,SYC,Seychelles,FAO_CAHD_7006,Number of people unable to afford a healthy diet (million),_T,Total,_T,All age ranges or no breakdown by age,_T,Total,PS,Persons,_Z,Not Applicable,_Z,Not Applicable,_Z,Not Applicable,2017,0.1,FAO_CAHD,Cost and Affordability of a Healthy Diet (CoAHD),6,Millions,COUNT,Count (Integer),602,CCYY,A,Normal value,PU,Public
datastructure,WB.DATA360:DS_DATA360(1.2),I,A,Annual,SYC,Seychelles,FAO_CAHD_7006,Number of people unable to afford a healthy diet (million),_T,Total,_T,All age ranges or no breakdown by age,_T,Total,PS,Persons,_Z,Not Applicable,_Z,Not Applicable,_Z,Not Applicable,2019,0.1,FAO_CAHD,Cost and Affordability of a Healthy Diet (CoAHD),6,Millions,COUNT,Count (Integer),602,CCYY,A,Normal value,PU,Public
datastructure,WB.DATA360:DS_DATA360(1.2),I,A,Annual,SYC,Seychelles,FAO_CAHD_7006,Number of people unable to afford a healthy diet (million),_T,Total,_T,All age ranges or no breakdown by age,_T,Total,PS,Persons,_Z,Not Applicable,_Z,Not Applicable,_Z,Not Applicable,2020,0.1,FAO_CAHD,Cost and Affordability of a Healthy Diet (CoAHD),6,Millions,COUNT,Count (Integer),602,CCYY,A,Normal value,PU,Public
datastructure,WB.DATA360:DS_DATA360(1.2),I,A,Annual,SYC,Seychelles,FAO_CAHD_7006,Number of people unable to afford a healthy diet (million),_T,Total,_T,All age ranges or no breakdown by age,_T,Total,PS,Persons,_Z,Not Applicable,_Z,Not Applicable,_Z,Not Applicable,2021,0.0,FAO_CAHD,Cost and Affordability of a Healthy Diet (CoAHD),6,Millions,COUNT,Count (Integer),602,CCYY,A,Normal value,PU,Public
datastructure,WB.DATA360:DS_DATA360(1.2),I,A,Annual,SYC,Seychelles,FAO_CAHD_7006,Number of people unable to afford a healthy diet (million),_T,Total,_T,All age ranges or no breakdown by age,_T,Total,PS,Persons,_Z,Not Applicable,_Z,Not Applicable,_Z,Not Applicable,2022,0.1,FAO_CAHD,Cost and Affordability of a Healthy Diet (CoAHD),6,Millions,COUNT,Count (Integer),602,CCYY,A,Normal value,PU,Public
datastructure,WB.DATA360:DS_DATA360(1.2),I,A,Annual,SYC,Seychelles,FAO_CAHD_7006,Number of people unable to afford a healthy diet (million),_T,Total,_T,All age ranges or no breakdown by age,_T,Total,PS,Persons,_Z,Not Applicable,_Z,Not Applicable,_Z,Not Applicable,2023,0.1,FAO_CAHD,Cost and Affordability of a Healthy Diet (CoAHD),6,Millions,COUNT,Count (Integer),602,CCYY,A,Normal value,PU,Public
datastructure,WB.DATA360:DS_DATA360(1.2),I,A,Annual,SYC,Seychelles,FAO_CAHD_7006,Number of people unable to afford a healthy diet (million),_T,Total,_T,All age ranges or no breakdown by age,_T,Total,PS,Persons,_Z,Not Applicable,_Z,Not Applicable,_Z,Not Applicable,2024,0.1,FAO_CAHD,Cost and Affordability of a Healthy Diet (CoAHD),6,Millions,COUNT,Count (Integer),602,CCYY,A,Normal value,PU,Public
datastructure,WB.DATA360:DS_DATA360(1.2),I,A,Annual,SYC,Seychelles,FAO_CAHD_7006,Number of people unable to afford a healthy diet (million),_T,Total,_T,All age ranges or no breakdown by age,_T,Total,PS,Persons,_Z,Not Applicable,_Z,Not Applicable,_Z,Not Applicable,2025,0.1,FAO_CAHD,Cost and Affordability of a Healthy Diet (CoAHD),6,Millions,COUNT,Count (Integer),602,CCYY,A,Normal value,PU,Public
datastructure,WB.DATA360:DS_DATA360(1.2),I,A,Annual,SRB,Serbia,FAO_CAHD_7006,Number of people unable to afford a healthy diet (million),_T,Total,_T,All age ranges or no breakdown by age,_T,Total,PS,Persons,_Z,Not Applicable,_Z,Not Applicable,_Z,Not Applicable,2017,2.4,FAO_CAHD,Cost and Affordability of a Healthy Diet (CoAHD),6,Millions,COUNT,Count (Integer),602,CCYY,A,Normal value,PU,Public
datastructure,WB.DATA360:DS_DATA360(1.2),I,A,Annual,SEN,Senegal,FAO_CAHD_7006,Number of people unable to afford a healthy diet (million),_T,Total,_T,All age ranges or no breakdown by age,_T,Total,PS,Persons,_Z,Not Applicable,_Z,Not Applicable,_Z,Not Applicable,2017,8.5,FAO_CAHD,Cost and Affordability of a Healthy Diet (CoAHD),6,Millions,COUNT,Count (Integer),602,CCYY,A,Normal value,PU,Public
datastructure,WB.DATA360:DS_DATA360(1.2),I,A,Annual,SEN,Senegal,FAO_CAHD_7006,Number of people unable to afford a healthy diet (million),_T,Total,_T,All age ranges or no breakdown by age,_T,Total,PS,Persons,_Z,Not Applicable,_Z,Not Applicable,_Z,Not Applicable,2018,7.9,FAO_CAHD,Cost and Affordability of a Healthy Diet (CoAHD),6,Millions,COUNT,Count (Integer),602,CCYY,A,Normal value,PU,Public
datastructure,WB.DATA360:DS_DATA360(1.2),I,A,Annual,SEN,Senegal,FAO_CAHD_7006,Number of people unable to afford a healthy diet (million),_T,Total,_T,All age ranges or no breakdown by age,_T,Total,PS,Persons,_Z,Not Applicable,_Z,Not Applicable,_Z,Not Applicable,2019,7.8,FAO_CAHD,Cost and Affordability of a Healthy Diet (CoAHD),6,Millions,COUNT,Count (Integer),602,CCYY,A,Normal value,PU,Public
datastructure,WB.DATA360:DS_DATA360(1.2),I,A,Annual,SEN,Senegal,FAO_CAHD_7006,Number of people unable to afford a healthy diet (million),_T,Total,_T,All age ranges or no breakdown by age,_T,Total,PS,Persons,_Z,Not Applicable,_Z,Not Applicable,_Z,Not Applicable,2020,8.2,FAO_CAHD,Cost and Affordability of a Healthy Diet (CoAHD),6,Millions,COUNT,Count (Integer),602,CCYY,A,Normal value,PU,Public
datastructure,WB.DATA360:DS_DATA360(1.2),I,A,Annual,SEN,Senegal,FAO_CAHD_7006,Number of people unable to afford a healthy diet (million),_T,Total,_T,All age ranges or no breakdown by age,_T,Total,PS,Persons,_Z,Not Applicable,_Z,Not Applicable,_Z,Not Applicable,2021,8.3,FAO_CAHD,Cost and Affordability of a Healthy Diet (CoAHD),6,Millions,COUNT,Count (Integer),602,CCYY,A,Normal value,PU,Public
datastructure,WB.DATA360:DS_DATA360(1.2),I,A,Annual,SEN,Senegal,FAO_CAHD_7006,Number of people unable to afford a healthy diet (million),_T,Total,_T,All age ranges or no breakdown by age,_T,Total,PS,Persons,_Z,Not Applicable,_Z,Not Applicable,_Z,Not Applicable,2022,8.8,FAO_CAHD,Cost and Affordability of a Healthy Diet (CoAHD),6,Millions,COUNT,Count (Integer),602,CCYY,A,Normal value,PU,Public
datastructure,WB.DATA360:DS_DATA360(1.2),I,A,Annual,SEN,Senegal,FAO_CAHD_7006,Number of people unable to afford a healthy diet (million),_T,Total,_T,All age ranges or no breakdown by age,_T,Total,PS,Persons,_Z,Not Applicable,_Z,Not Applicable,_Z,Not Applicable,2023,8.9,FAO_CAHD,Cost and Affordability of a Healthy Diet (CoAHD),6,Millions,COUNT,Count (Integer),602,CCYY,A,Normal value,PU,Public
datastructure,WB.DATA360:DS_DATA360(1.2),I,A,Annual,SEN,Senegal,FAO_CAHD_7006,Number of people unable to afford a healthy diet (million),_T,Total,_T,All age ranges or no breakdown by age,_T,Total,PS,Persons,_Z,Not Applicable,_Z,Not Applicable,_Z,Not Applicable,2024,8.8,FAO_CAHD,Cost and Affordability of a Healthy Diet (CoAHD),6,Millions,COUNT,Count (Integer),602,CCYY,A,Normal value,PU,Public
datastructure,WB.DATA360:DS_DATA360(1.2),I,A,Annual,SEN,Senegal,FAO_CAHD_7006,Number of people unable to afford a healthy diet (million),_T,Total,_T,All age ranges or no breakdown by age,_T,Total,PS,Persons,_Z,Not Applicable,_Z,Not Applicable,_Z,Not Applicable,2025,8.6,FAO_CAHD,Cost and Affordability of a Healthy Diet (CoAHD),6,Millions,COUNT,Count (Integer),602,CCYY,A,Normal value,PU,Public
datastructure,WB.DATA360:DS_DATA360(1.2),I,A,Annual,SVK,Slovak Republic,FAO_CAHD_7006,Number of people unable to afford a healthy diet (million),_T,Total,_T,All age ranges or no breakdown by age,_T,Total,PS,Persons,_Z,Not Applicable,_Z,Not Applicable,_Z,Not Applicable,2017,1.2,FAO_CAHD,Cost and Affordability of a Healthy Diet (CoAHD),6,Millions,COUNT,Count (Integer),602,CCYY,A,Normal value,PU,Public
datastructure,WB.DATA360:DS_DATA360(1.2),I,A,Annual,SVK,Slovak Republic,FAO_CAHD_7006,Number of people unable to afford a healthy diet (million),_T,Total,_T,All age ranges or no breakdown by age,_T,Total,PS,Persons,_Z,Not Applicable,_Z,Not Applicable,_Z,Not Applicable,2018,1.2,FAO_CAHD,Cost and Affordability of a Healthy Diet (CoAHD),6,Millions,COUNT,Count (Integer),602,CCYY,A,Normal value,PU,Public
datastructure,WB.DATA360:DS_DATA360(1.2),I,A,Annual,SVK,Slovak Republic,FAO_CAHD_7006,Number of people unable to afford a healthy diet (million),_T,Total,_T,All age ranges or no breakdown by age,_T,Total,PS,Persons,_Z,Not Applicable,_Z,Not Applicable,_Z,Not Applicable,2019,1.0,FAO_CAHD,Cost and Affordability of a Healthy Diet (CoAHD),6,Millions,COUNT,Count (Integer),602,CCYY,A,Normal value,PU,Public
datastructure,WB.DATA360:DS_DATA360(1.2),I,A,Annual,SVK,Slovak Republic,FAO_CAHD_7006,Number of people unable to afford a healthy diet (million),_T,Total,_T,All age ranges or no breakdown by age,_T,Total,PS,Persons,_Z,Not Applicable,_Z,Not Applicable,_Z,Not Applicable,2020,1.3,FAO_CAHD,Cost and Affordability of a Healthy Diet (CoAHD),6,Millions,COUNT,Count (Integer),602,CCYY,A,Normal value,PU,Public
datastructure,WB.DATA360:DS_DATA360(1.2),I,A,Annual,SVK,Slovak Republic,FAO_CAHD_7006,Number of people unable to afford a healthy diet (million),_T,Total,_T,All age ranges or no breakdown by age,_T,Total,PS,Persons,_Z,Not Applicable,_Z,Not Applicable,_Z,Not Applicable,2021,1.2,FAO_CAHD,Cost and Affordability of a Healthy Diet (CoAHD),6,Millions,COUNT,Count (Integer),602,CCYY,A,Normal value,PU,Public
datastructure,WB.DATA360:DS_DATA360(1.2),I,A,Annual,SVK,Slovak Republic,FAO_CAHD_7006,Number of people unable to afford a healthy diet (million),_T,Total,_T,All age ranges or no breakdown by age,_T,Total,PS,Persons,_Z,Not Applicable,_Z,Not Applicable,_Z,Not Applicable,2022,1.5,FAO_CAHD,Cost and Affordability of a Healthy Diet (CoAHD),6,Millions,COUNT,Count (Integer),602,CCYY,A,Normal value,PU,Public
datastructure,WB.DATA360:DS_DATA360(1.2),I,A,Annual,SVK,Slovak Republic,FAO_CAHD_7006,Number of people unable to afford a healthy diet (million),_T,Total,_T,All age ranges or no breakdown by age,_T,Total,PS,Persons,_Z,Not Applicable,_Z,Not Applicable,_Z,Not Applicable,2023,1.6,FAO_CAHD,Cost and Affordability of a Healthy Diet (CoAHD),6,Millions,COUNT,Count (Integer),602,CCYY,A,Normal value,PU,Public
datastructure,WB.DATA360:DS_DATA360(1.2),I,A,Annual,SVK,Slovak Republic,FAO_CAHD_7006,Number of people unable to afford a healthy diet (million),_T,Total,_T,All age ranges or no breakdown by age,_T,Total,PS,Persons,_Z,Not Applicable,_Z,Not Applicable,_Z,Not Applicable,2024,1.5,FAO_CAHD,Cost and Affordability of a Healthy Diet (CoAHD),6,Millions,COUNT,Count (Integer),602,CCYY,A,Normal value,PU,Public
datastructure,WB.DATA360:DS_DATA360(1.2),I,A,Annual,SVK,Slovak Republic,FAO_CAHD_7006,Number of people unable to afford a healthy diet (million),_T,Total,_T,All age ranges or no breakdown by age,_T,Total,PS,Persons,_Z,Not Applicable,_Z,Not Applicable,_Z,Not Applicable,2025,1.5,FAO_CAHD,Cost and Affordability of a Healthy Diet (CoAHD),6,Millions,COUNT,Count (Integer),602,CCYY,A,Normal value,PU,Public
datastructure,WB.DATA360:DS_DATA360(1.2),I,A,Annual,SLE,Sierra Leone,FAO_CAHD_7006,Number of people unable to afford a healthy diet (million),_T,Total,_T,All age ranges or no breakdown by age,_T,Total,PS,Persons,_Z,Not Applicable,_Z,Not Applicable,_Z,Not Applicable,2023,5.5,FAO_CAHD,Cost and Affordability of a Healthy Diet (CoAHD),6,Millions,COUNT,Count (Integer),602,CCYY,A,Normal value,PU,Public
datastructure,WB.DATA360:DS_DATA360(1.2),I,A,Annual,SLE,Sierra Leone,FAO_CAHD_7006,Number of people unable to afford a healthy diet (million),_T,Total,_T,All age ranges or no breakdown by age,_T,Total,PS,Persons,_Z,Not Applicable,_Z,Not Applicable,_Z,Not Applicable,2024,5.5,FAO_CAHD,Cost and Affordability of a Healthy Diet (CoAHD),6,Millions,COUNT,Count (Integer),602,CCYY,A,Normal value,PU,Public
datastructure,WB.DATA360:DS_DATA360(1.2),I,A,Annual,SLE,Sierra Leone,FAO_CAHD_7006,Number of people unable to afford a healthy diet (million),_T,Total,_T,All age ranges or no breakdown by age,_T,Total,PS,Persons,_Z,Not Applicable,_Z,Not Applicable,_Z,Not Applicable,2025,5.5,FAO_CAHD,Cost and Affordability of a Healthy Diet (CoAHD),6,Millions,COUNT,Count (Integer),602,CCYY,A,Normal value,PU,Public
datastructure,WB.DATA360:DS_DATA360(1.2),I,A,Annual,SLE,Sierra Leone,FAO_CAHD_7006,Number of people unable to afford a healthy diet (million),_T,Total,_T,All age ranges or no breakdown by age,_T,Total,PS,Persons,_Z,Not Applicable,_Z,Not Applicable,_Z,Not Applicable,2021,5.2,FAO_CAHD,Cost and Affordability of a Healthy Diet (CoAHD),6,Millions,COUNT,Count (Integer),602,CCYY,A,Normal value,PU,Public
datastructure,WB.DATA360:DS_DATA360(1.2),I,A,Annual,SLE,Sierra Leone,FAO_CAHD_7006,Number of people unable to afford a healthy diet (million),_T,Total,_T,All age ranges or no breakdown by age,_T,Total,PS,Persons,_Z,Not Applicable,_Z,Not Applicable,_Z,Not Applicable,2022,5.3,FAO_CAHD,Cost and Affordability of a Healthy Diet (CoAHD),6,Millions,COUNT,Count (Integer),602,CCYY,A,Normal value,PU,Public
datastructure,WB.DATA360:DS_DATA360(1.2),I,A,Annual,SLE,Sierra Leone,FAO_CAHD_7006,Number of people unable to afford a healthy diet (million),_T,Total,_T,All age ranges or no breakdown by age,_T,Total,PS,Persons,_Z,Not Applicable,_Z,Not Applicable,_Z,Not Applicable,2020,5.0,FAO_CAHD,Cost and Affordability of a Healthy Diet (CoAHD),6,Millions,COUNT,Count (Integer),602,CCYY,A,Normal value,PU,Public
datastructure,WB.DATA360:DS_DATA360(1.2),I,A,Annual,SLE,Sierra Leone,FAO_CAHD_7006,Number of people unable to afford a healthy diet (million),_T,Total,_T,All age ranges or no breakdown by age,_T,Total,PS,Persons,_Z,Not Applicable,_Z,Not Applicable,_Z,Not Applicable,2019,4.8,FAO_CAHD,Cost and Affordability of a Healthy Diet (CoAHD),6,Millions,COUNT,Count (Integer),602,CCYY,A,Normal value,PU,Public
datastructure,WB.DATA360:DS_DATA360(1.2),I,A,Annual,SLE,Sierra Leone,FAO_CAHD_7006,Number of people unable to afford a healthy diet (million),_T,Total,_T,All age ranges or no breakdown by age,_T,Total,PS,Persons,_Z,Not Applicable,_Z,Not Applicable,_Z,Not Applicable,2017,4.8,FAO_CAHD,Cost and Affordability of a Healthy Diet (CoAHD),6,Millions,COUNT,Count (Integer),602,CCYY,A,Normal value,PU,Public
datastructure,WB.DATA360:DS_DATA360(1.2),I,A,Annual,SLE,Sierra Leone,FAO_CAHD_7006,Number of people unable to afford a healthy diet (million),_T,Total,_T,All age ranges or no breakdown by age,_T,Total,PS,Persons,_Z,Not Applicable,_Z,Not Applicable,_Z,Not Applicable,2018,4.9,FAO_CAHD,Cost and Affordability of a Healthy Diet (CoAHD),6,Millions,COUNT,Count (Integer),602,CCYY,A,Normal value,PU,Public
datastructure,WB.DATA360:DS_DATA360(1.2),I,A,Annual,RUS,Russian Federation,FAO_CAHD_7006,Number of people unable to afford a healthy diet (million),_T,Total,_T,All age ranges or no breakdown by age,_T,Total,PS,Persons,_Z,Not Applicable,_Z,Not Applicable,_Z,Not Applicable,2018,32.0,FAO_CAHD,Cost and Affordability of a Healthy Diet (CoAHD),6,Millions,COUNT,Count (Integer),602,CCYY,A,Normal value,PU,Public
datastructure,WB.DATA360:DS_DATA360(1.2),I,A,Annual,RUS,Russian Federation,FAO_CAHD_7006,Number of people unable to afford a healthy diet (million),_T,Total,_T,All age ranges or no breakdown by age,_T,Total,PS,Persons,_Z,Not Applicable,_Z,Not Applicable,_Z,Not Applicable,2019,31.0,FAO_CAHD,Cost and Affordability of a Healthy Diet (CoAHD),6,Millions,COUNT,Count (Integer),602,CCYY,A,Normal value,PU,Public
datastructure,WB.DATA360:DS_DATA360(1.2),I,A,Annual,RUS,Russian Federation,FAO_CAHD_7006,Number of people unable to afford a healthy diet (million),_T,Total,_T,All age ranges or no breakdown by age,_T,Total,PS,Persons,_Z,Not Applicable,_Z,Not Applicable,_Z,Not Applicable,2020,27.1,FAO_CAHD,Cost and Affordability of a Healthy Diet (CoAHD),6,Millions,COUNT,Count (Integer),602,CCYY,A,Normal value,PU,Public
datastructure,WB.DATA360:DS_DATA360(1.2),I,A,Annual,RUS,Russian Federation,FAO_CAHD_7006,Number of people unable to afford a healthy diet (million),_T,Total,_T,All age ranges or no breakdown by age,_T,Total,PS,Persons,_Z,Not Applicable,_Z,Not Applicable,_Z,Not Applicable,2021,29.4,FAO_CAHD,Cost and Affordability of a Healthy Diet (CoAHD),6,Millions,COUNT,Count (Integer),602,CCYY,A,Normal value,PU,Public
datastructure,WB.DATA360:DS_DATA360(1.2),I,A,Annual,RUS,Russian Federation,FAO_CAHD_7006,Number of people unable to afford a healthy diet (million),_T,Total,_T,All age ranges or no breakdown by age,_T,Total,PS,Persons,_Z,Not Applicable,_Z,Not Applicable,_Z,Not Applicable,2022,28.4,FAO_CAHD,Cost and Affordability of a Healthy Diet (CoAHD),6,Millions,COUNT,Count (Integer),602,CCYY,A,Normal value,PU,Public
datastructure,WB.DATA360:DS_DATA360(1.2),I,A,Annual,RUS,Russian Federation,FAO_CAHD_7006,Number of people unable to afford a healthy diet (million),_T,Total,_T,All age ranges or no breakdown by age,_T,Total,PS,Persons,_Z,Not Applicable,_Z,Not Applicable,_Z,Not Applicable,2023,21.6,FAO_CAHD,Cost and Affordability of a Healthy Diet (CoAHD),6,Millions,COUNT,Count (Integer),602,CCYY,A,Normal value,PU,Public
datastructure,WB.DATA360:DS_DATA360(1.2),I,A,Annual,RUS,Russian Federation,FAO_CAHD_7006,Number of people unable to afford a healthy diet (million),_T,Total,_T,All age ranges or no breakdown by age,_T,Total,PS,Persons,_Z,Not Applicable,_Z,Not Applicable,_Z,Not Applicable,2024,18.5,FAO_CAHD,Cost and Affordability of a Healthy Diet (CoAHD),6,Millions,COUNT,Count (Integer),602,CCYY,A,Normal value,PU,Public
datastructure,WB.DATA360:DS_DATA360(1.2),I,A,Annual,RUS,Russian Federation,FAO_CAHD_7006,Number of people unable to afford a healthy diet (million),_T,Total,_T,All age ranges or no breakdown by age,_T,Total,PS,Persons,_Z,Not Applicable,_Z,Not Applicable,_Z,Not Applicable,2025,17.8,FAO_CAHD,Cost and Affordability of a Healthy Diet (CoAHD),6,Millions,COUNT,Count (Integer),602,CCYY,A,Normal value,PU,Public
datastructure,WB.DATA360:DS_DATA360(1.2),I,A,Annual,RUS,Russian Federation,FAO_CAHD_7006,Number of people unable to afford a healthy diet (million),_T,Total,_T,All age ranges or no breakdown by age,_T,Total,PS,Persons,_Z,Not Applicable,_Z,Not Applicable,_Z,Not Applicable,2017,33.4,FAO_CAHD,Cost and Affordability of a Healthy Diet (CoAHD),6,Millions,COUNT,Count (Integer),602,CCYY,A,Normal value,PU,Public
datastructure,WB.DATA360:DS_DATA360(1.2),I,A,Annual,RWA,Rwanda,FAO_CAHD_7006,Number of people unable to afford a healthy diet (million),_T,Total,_T,All age ranges or no breakdown by age,_T,Total,PS,Persons,_Z,Not Applicable,_Z,Not Applicable,_Z,Not Applicable,2018,9.7,FAO_CAHD,Cost and Affordability of a Healthy Diet (CoAHD),6,Millions,COUNT,Count (Integer),602,CCYY,A,Normal value,PU,Public
datastructure,WB.DATA360:DS_DATA360(1.2),I,A,Annual,RWA,Rwanda,FAO_CAHD_7006,Number of people unable to afford a healthy diet (million),_T,Total,_T,All age ranges or no breakdown by age,_T,Total,PS,Persons,_Z,Not Applicable,_Z,Not Applicable,_Z,Not Applicable,2017,10.0,FAO_CAHD,Cost and Affordability of a Healthy Diet (CoAHD),6,Millions,COUNT,Count (Integer),602,CCYY,A,Normal value,PU,Public
datastructure,WB.DATA360:DS_DATA360(1.2),I,A,Annual,RWA,Rwanda,FAO_CAHD_7006,Number of people unable to afford a healthy diet (million),_T,Total,_T,All age ranges or no breakdown by age,_T,Total,PS,Persons,_Z,Not Applicable,_Z,Not Applicable,_Z,Not Applicable,2019,9.6,FAO_CAHD,Cost and Affordability of a Healthy Diet (CoAHD),6,Millions,COUNT,Count (Integer),602,CCYY,A,Normal value,PU,Public
datastructure,WB.DATA360:DS_DATA360(1.2),I,A,Annual,RWA,Rwanda,FAO_CAHD_7006,Number of people unable to afford a healthy diet (million),_T,Total,_T,All age ranges or no breakdown by age,_T,Total,PS,Persons,_Z,Not Applicable,_Z,Not Applicable,_Z,Not Applicable,2020,10.3,FAO_CAHD,Cost and Affordability of a Healthy Diet (CoAHD),6,Millions,COUNT,Count (Integer),602,CCYY,A,Normal value,PU,Public
datastructure,WB.DATA360:DS_DATA360(1.2),I,A,Annual,RWA,Rwanda,FAO_CAHD_7006,Number of people unable to afford a healthy diet (million),_T,Total,_T,All age ranges or no breakdown by age,_T,Total,PS,Persons,_Z,Not Applicable,_Z,Not Applicable,_Z,Not Applicable,2021,10.0,FAO_CAHD,Cost and Affordability of a Healthy Diet (CoAHD),6,Millions,COUNT,Count (Integer),602,CCYY,A,Normal value,PU,Public
datastructure,WB.DATA360:DS_DATA360(1.2),I,A,Annual,RWA,Rwanda,FAO_CAHD_7006,Number of people unable to afford a healthy diet (million),_T,Total,_T,All age ranges or no breakdown by age,_T,Total,PS,Persons,_Z,Not Applicable,_Z,Not Applicable,_Z,Not Applicable,2022,10.2,FAO_CAHD,Cost and Affordability of a Healthy Diet (CoAHD),6,Millions,COUNT,Count (Integer),602,CCYY,A,Normal value,PU,Public
datastructure,WB.DATA360:DS_DATA360(1.2),I,A,Annual,RWA,Rwanda,FAO_CAHD_7006,Number of people unable to afford a healthy diet (million),_T,Total,_T,All age ranges or no breakdown by age,_T,Total,PS,Persons,_Z,Not Applicable,_Z,Not Applicable,_Z,Not Applicable,2023,10.7,FAO_CAHD,Cost and Affordability of a Healthy Diet (CoAHD),6,Millions,COUNT,Count (Integer),602,CCYY,A,Normal value,PU,Public
datastructure,WB.DATA360:DS_DATA360(1.2),I,A,Annual,RWA,Rwanda,FAO_CAHD_7006,Number of people unable to afford a healthy diet (million),_T,Total,_T,All age ranges or no breakdown by age,_T,Total,PS,Persons,_Z,Not Applicable,_Z,Not Applicable,_Z,Not Applicable,2024,10.3,FAO_CAHD,Cost and Affordability of a Healthy Diet (CoAHD),6,Millions,COUNT,Count (Integer),602,CCYY,A,Normal value,PU,Public
datastructure,WB.DATA360:DS_DATA360(1.2),I,A,Annual,RWA,Rwanda,FAO_CAHD_7006,Number of people unable to afford a healthy diet (million),_T,Total,_T,All age ranges or no breakdown by age,_T,Total,PS,Persons,_Z,Not Applicable,_Z,Not Applicable,_Z,Not Applicable,2025,10.2,FAO_CAHD,Cost and Affordability of a Healthy Diet (CoAHD),6,Millions,COUNT,Count (Integer),602,CCYY,A,Normal value,PU,Public
datastructure,WB.DATA360:DS_DATA360(1.2),I,A,Annual,STP,Sao Tome and Principe,FAO_CAHD_7006,Number of people unable to afford a healthy diet (million),_T,Total,_T,All age ranges or no breakdown by age,_T,Total,PS,Persons,_Z,Not Applicable,_Z,Not Applicable,_Z,Not Applicable,2020,0.1,FAO_CAHD,Cost and Affordability of a Healthy Diet (CoAHD),6,Millions,COUNT,Count (Integer),602,CCYY,A,Normal value,PU,Public
datastructure,WB.DATA360:DS_DATA360(1.2),I,A,Annual,STP,Sao Tome and Principe,FAO_CAHD_7006,Number of people unable to afford a healthy diet (million),_T,Total,_T,All age ranges or no breakdown by age,_T,Total,PS,Persons,_Z,Not Applicable,_Z,Not Applicable,_Z,Not Applicable,2021,0.1,FAO_CAHD,Cost and Affordability of a Healthy Diet (CoAHD),6,Millions,COUNT,Count (Integer),602,CCYY,A,Normal value,PU,Public
datastructure,WB.DATA360:DS_DATA360(1.2),I,A,Annual,STP,Sao Tome and Principe,FAO_CAHD_7006,Number of people unable to afford a healthy diet (million),_T,Total,_T,All age ranges or no breakdown by age,_T,Total,PS,Persons,_Z,Not Applicable,_Z,Not Applicable,_Z,Not Applicable,2022,0.1,FAO_CAHD,Cost and Affordability of a Healthy Diet (CoAHD),6,Millions,COUNT,Count (Integer),602,CCYY,A,Normal value,PU,Public
datastructure,WB.DATA360:DS_DATA360(1.2),I,A,Annual,STP,Sao Tome and Principe,FAO_CAHD_7006,Number of people unable to afford a healthy diet (million),_T,Total,_T,All age ranges or no breakdown by age,_T,Total,PS,Persons,_Z,Not Applicable,_Z,Not Applicable,_Z,Not Applicable,2023,0.1,FAO_CAHD,Cost and Affordability of a Healthy Diet (CoAHD),6,Millions,COUNT,Count (Integer),602,CCYY,A,Normal value,PU,Public
datastructure,WB.DATA360:DS_DATA360(1.2),I,A,Annual,STP,Sao Tome and Principe,FAO_CAHD_7006,Number of people unable to afford a healthy diet (million),_T,Total,_T,All age ranges or no breakdown by age,_T,Total,PS,Persons,_Z,Not Applicable,_Z,Not Applicable,_Z,Not Applicable,2024,0.1,FAO_CAHD,Cost and Affordability of a Healthy Diet (CoAHD),6,Millions,COUNT,Count (Integer),602,CCYY,A,Normal value,PU,Public
datastructure,WB.DATA360:DS_DATA360(1.2),I,A,Annual,STP,Sao Tome and Principe,FAO_CAHD_7006,Number of people unable to afford a healthy diet (million),_T,Total,_T,All age ranges or no breakdown by age,_T,Total,PS,Persons,_Z,Not Applicable,_Z,Not Applicable,_Z,Not Applicable,2025,0.1,FAO_CAHD,Cost and Affordability of a Healthy Diet (CoAHD),6,Millions,COUNT,Count (Integer),602,CCYY,A,Normal value,PU,Public
datastructure,WB.DATA360:DS_DATA360(1.2),I,A,Annual,STP,Sao Tome and Principe,FAO_CAHD_7006,Number of people unable to afford a healthy diet (million),_T,Total,_T,All age ranges or no breakdown by age,_T,Total,PS,Persons,_Z,Not Applicable,_Z,Not Applicable,_Z,Not Applicable,2019,0.1,FAO_CAHD,Cost and Affordability of a Healthy Diet (CoAHD),6,Millions,COUNT,Count (Integer),602,CCYY,A,Normal value,PU,Public
datastructure,WB.DATA360:DS_DATA360(1.2),I,A,Annual,STP,Sao Tome and Principe,FAO_CAHD_7006,Number of people unable to afford a healthy diet (million),_T,Total,_T,All age ranges or no breakdown by age,_T,Total,PS,Persons,_Z,Not Applicable,_Z,Not Applicable,_Z,Not Applicable,2018,0.1,FAO_CAHD,Cost and Affordability of a Healthy Diet (CoAHD),6,Millions,COUNT,Count (Integer),602,CCYY,A,Normal value,PU,Public
datastructure,WB.DATA360:DS_DATA360(1.2),I,A,Annual,STP,Sao Tome and Principe,FAO_CAHD_7006,Number of people unable to afford a healthy diet (million),_T,Total,_T,All age ranges or no breakdown by age,_T,Total,PS,Persons,_Z,Not Applicable,_Z,Not Applicable,_Z,Not Applicable,2017,0.1,FAO_CAHD,Cost and Affordability of a Healthy Diet (CoAHD),6,Millions,COUNT,Count (Integer),602,CCYY,A,Normal value,PU,Public
datastructure,WB.DATA360:DS_DATA360(1.2),I,A,Annual,LCA,St. Lucia,FAO_CAHD_7006,Number of people unable to afford a healthy diet (million),_T,Total,_T,All age ranges or no breakdown by age,_T,Total,PS,Persons,_Z,Not Applicable,_Z,Not Applicable,_Z,Not Applicable,2023,0.0,FAO_CAHD,Cost and Affordability of a Healthy Diet (CoAHD),6,Millions,COUNT,Count (Integer),602,CCYY,A,Normal value,PU,Public
datastructure,WB.DATA360:DS_DATA360(1.2),I,A,Annual,LCA,St. Lucia,FAO_CAHD_7006,Number of people unable to afford a healthy diet (million),_T,Total,_T,All age ranges or no breakdown by age,_T,Total,PS,Persons,_Z,Not Applicable,_Z,Not Applicable,_Z,Not Applicable,2017,0.0,FAO_CAHD,Cost and Affordability of a Healthy Diet (CoAHD),6,Millions,COUNT,Count (Integer),602,CCYY,A,Normal value,PU,Public
datastructure,WB.DATA360:DS_DATA360(1.2),I,A,Annual,LCA,St. Lucia,FAO_CAHD_7006,Number of people unable to afford a healthy diet (million),_T,Total,_T,All age ranges or no breakdown by age,_T,Total,PS,Persons,_Z,Not Applicable,_Z,Not Applicable,_Z,Not Applicable,2018,0.0,FAO_CAHD,Cost and Affordability of a Healthy Diet (CoAHD),6,Millions,COUNT,Count (Integer),602,CCYY,A,Normal value,PU,Public
datastructure,WB.DATA360:DS_DATA360(1.2),I,A,Annual,LCA,St. Lucia,FAO_CAHD_7006,Number of people unable to afford a healthy diet (million),_T,Total,_T,All age ranges or no breakdown by age,_T,Total,PS,Persons,_Z,Not Applicable,_Z,Not Applicable,_Z,Not Applicable,2019,0.0,FAO_CAHD,Cost and Affordability of a Healthy Diet (CoAHD),6,Millions,COUNT,Count (Integer),602,CCYY,A,Normal value,PU,Public
datastructure,WB.DATA360:DS_DATA360(1.2),I,A,Annual,LCA,St. Lucia,FAO_CAHD_7006,Number of people unable to afford a healthy diet (million),_T,Total,_T,All age ranges or no breakdown by age,_T,Total,PS,Persons,_Z,Not Applicable,_Z,Not Applicable,_Z,Not Applicable,2020,0.0,FAO_CAHD,Cost and Affordability of a Healthy Diet (CoAHD),6,Millions,COUNT,Count (Integer),602,CCYY,A,Normal value,PU,Public
datastructure,WB.DATA360:DS_DATA360(1.2),I,A,Annual,LCA,St. Lucia,FAO_CAHD_7006,Number of people unable to afford a healthy diet (million),_T,Total,_T,All age ranges or no breakdown by age,_T,Total,PS,Persons,_Z,Not Applicable,_Z,Not Applicable,_Z,Not Applicable,2021,0.0,FAO_CAHD,Cost and Affordability of a Healthy Diet (CoAHD),6,Millions,COUNT,Count (Integer),602,CCYY,A,Normal value,PU,Public
datastructure,WB.DATA360:DS_DATA360(1.2),I,A,Annual,LCA,St. Lucia,FAO_CAHD_7006,Number of people unable to afford a healthy diet (million),_T,Total,_T,All age ranges or no breakdown by age,_T,Total,PS,Persons,_Z,Not Applicable,_Z,Not Applicable,_Z,Not Applicable,2022,0.0,FAO_CAHD,Cost and Affordability of a Healthy Diet (CoAHD),6,Millions,COUNT,Count (Integer),602,CCYY,A,Normal value,PU,Public
datastructure,WB.DATA360:DS_DATA360(1.2),I,A,Annual,LCA,St. Lucia,FAO_CAHD_7006,Number of people unable to afford a healthy diet (million),_T,Total,_T,All age ranges or no breakdown by age,_T,Total,PS,Persons,_Z,Not Applicable,_Z,Not Applicable,_Z,Not Applicable,2024,0.0,FAO_CAHD,Cost and Affordability of a Healthy Diet (CoAHD),6,Millions,COUNT,Count (Integer),602,CCYY,A,Normal value,PU,Public
datastructure,WB.DATA360:DS_DATA360(1.2),I,A,Annual,LCA,St. Lucia,FAO_CAHD_7006,Number of people unable to afford a healthy diet (million),_T,Total,_T,All age ranges or no breakdown by age,_T,Total,PS,Persons,_Z,Not Applicable,_Z,Not Applicable,_Z,Not Applicable,2025,0.0,FAO_CAHD,Cost and Affordability of a Healthy Diet (CoAHD),6,Millions,COUNT,Count (Integer),602,CCYY,A,Normal value,PU,Public
datastructure,WB.DATA360:DS_DATA360(1.2),I,A,Annual,SVN,Slovenia,FAO_CAHD_7006,Number of people unable to afford a healthy diet (million),_T,Total,_T,All age ranges or no breakdown by age,_T,Total,PS,Persons,_Z,Not Applicable,_Z,Not Applicable,_Z,Not Applicable,2017,0.1,FAO_CAHD,Cost and Affordability of a Healthy Diet (CoAHD),6,Millions,COUNT,Count (Integer),602,CCYY,A,Normal value,PU,Public
datastructure,WB.DATA360:DS_DATA360(1.2),I,A,Annual,SVN,Slovenia,FAO_CAHD_7006,Number of people unable to afford a healthy diet (million),_T,Total,_T,All age ranges or no breakdown by age,_T,Total,PS,Persons,_Z,Not Applicable,_Z,Not Applicable,_Z,Not Applicable,2018,0.1,FAO_CAHD,Cost and Affordability of a Healthy Diet (CoAHD),6,Millions,COUNT,Count (Integer),602,CCYY,A,Normal value,PU,Public
datastructure,WB.DATA360:DS_DATA360(1.2),I,A,Annual,CHE,Switzerland,FAO_CAHD_7006,Number of people unable to afford a healthy diet (million),_T,Total,_T,All age ranges or no breakdown by age,_T,Total,PS,Persons,_Z,Not Applicable,_Z,Not Applicable,_Z,Not Applicable,2017,0.2,FAO_CAHD,Cost and Affordability of a Healthy Diet (CoAHD),6,Millions,COUNT,Count (Integer),602,CCYY,A,Normal value,PU,Public
datastructure,WB.DATA360:DS_DATA360(1.2),I,A,Annual,CHE,Switzerland,FAO_CAHD_7006,Number of people unable to afford a healthy diet (million),_T,Total,_T,All age ranges or no breakdown by age,_T,Total,PS,Persons,_Z,Not Applicable,_Z,Not Applicable,_Z,Not Applicable,2018,0.1,FAO_CAHD,Cost and Affordability of a Healthy Diet (CoAHD),6,Millions,COUNT,Count (Integer),602,CCYY,A,Normal value,PU,Public
datastructure,WB.DATA360:DS_DATA360(1.2),I,A,Annual,CHE,Switzerland,FAO_CAHD_7006,Number of people unable to afford a healthy diet (million),_T,Total,_T,All age ranges or no breakdown by age,_T,Total,PS,Persons,_Z,Not Applicable,_Z,Not Applicable,_Z,Not Applicable,2019,0.1,FAO_CAHD,Cost and Affordability of a Healthy Diet (CoAHD),6,Millions,COUNT,Count (Integer),602,CCYY,A,Normal value,PU,Public
datastructure,WB.DATA360:DS_DATA360(1.2),I,A,Annual,CHE,Switzerland,FAO_CAHD_7006,Number of people unable to afford a healthy diet (million),_T,Total,_T,All age ranges or no breakdown by age,_T,Total,PS,Persons,_Z,Not Applicable,_Z,Not Applicable,_Z,Not Applicable,2020,0.1,FAO_CAHD,Cost and Affordability of a Healthy Diet (CoAHD),6,Millions,COUNT,Count (Integer),602,CCYY,A,Normal value,PU,Public
datastructure,WB.DATA360:DS_DATA360(1.2),I,A,Annual,CHE,Switzerland,FAO_CAHD_7006,Number of people unable to afford a healthy diet (million),_T,Total,_T,All age ranges or no breakdown by age,_T,Total,PS,Persons,_Z,Not Applicable,_Z,Not Applicable,_Z,Not Applicable,2021,0.1,FAO_CAHD,Cost and Affordability of a Healthy Diet (CoAHD),6,Millions,COUNT,Count (Integer),602,CCYY,A,Normal value,PU,Public
datastructure,WB.DATA360:DS_DATA360(1.2),I,A,Annual,CHE,Switzerland,FAO_CAHD_7006,Number of people unable to afford a healthy diet (million),_T,Total,_T,All age ranges or no breakdown by age,_T,Total,PS,Persons,_Z,Not Applicable,_Z,Not Applicable,_Z,Not Applicable,2022,0.1,FAO_CAHD,Cost and Affordability of a Healthy Diet (CoAHD),6,Millions,COUNT,Count (Integer),602,CCYY,A,Normal value,PU,Public
datastructure,WB.DATA360:DS_DATA360(1.2),I,A,Annual,CHE,Switzerland,FAO_CAHD_7006,Number of people unable to afford a healthy diet (million),_T,Total,_T,All age ranges or no breakdown by age,_T,Total,PS,Persons,_Z,Not Applicable,_Z,Not Applicable,_Z,Not Applicable,2023,0.1,FAO_CAHD,Cost and Affordability of a Healthy Diet (CoAHD),6,Millions,COUNT,Count (Integer),602,CCYY,A,Normal value,PU,Public
datastructure,WB.DATA360:DS_DATA360(1.2),I,A,Annual,CHE,Switzerland,FAO_CAHD_7006,Number of people unable to afford a healthy diet (million),_T,Total,_T,All age ranges or no breakdown by age,_T,Total,PS,Persons,_Z,Not Applicable,_Z,Not Applicable,_Z,Not Applicable,2024,0.1,FAO_CAHD,Cost and Affordability of a Healthy Diet (CoAHD),6,Millions,COUNT,Count (Integer),602,CCYY,A,Normal value,PU,Public
datastructure,WB.DATA360:DS_DATA360(1.2),I,A,Annual,CHE,Switzerland,FAO_CAHD_7006,Number of people unable to afford a healthy diet (million),_T,Total,_T,All age ranges or no breakdown by age,_T,Total,PS,Persons,_Z,Not Applicable,_Z,Not Applicable,_Z,Not Applicable,2025,0.1,FAO_CAHD,Cost and Affordability of a Healthy Diet (CoAHD),6,Millions,COUNT,Count (Integer),602,CCYY,A,Normal value,PU,Public
datastructure,WB.DATA360:DS_DATA360(1.2),I,A,Annual,SYR,Syrian Arab Republic,FAO_CAHD_7006,Number of people unable to afford a healthy diet (million),_T,Total,_T,All age ranges or no breakdown by age,_T,Total,PS,Persons,_Z,Not Applicable,_Z,Not Applicable,_Z,Not Applicable,2017,11.0,FAO_CAHD,Cost and Affordability of a Healthy Diet (CoAHD),6,Millions,COUNT,Count (Integer),602,CCYY,A,Normal value,PU,Public
datastructure,WB.DATA360:DS_DATA360(1.2),I,A,Annual,SYR,Syrian Arab Republic,FAO_CAHD_7006,Number of people unable to afford a healthy diet (million),_T,Total,_T,All age ranges or no breakdown by age,_T,Total,PS,Persons,_Z,Not Applicable,_Z,Not Applicable,_Z,Not Applicable,2018,8.7,FAO_CAHD,Cost and Affordability of a Healthy Diet (CoAHD),6,Millions,COUNT,Count (Integer),602,CCYY,A,Normal value,PU,Public
datastructure,WB.DATA360:DS_DATA360(1.2),I,A,Annual,SYR,Syrian Arab Republic,FAO_CAHD_7006,Number of people unable to afford a healthy diet (million),_T,Total,_T,All age ranges or no breakdown by age,_T,Total,PS,Persons,_Z,Not Applicable,_Z,Not Applicable,_Z,Not Applicable,2019,8.3,FAO_CAHD,Cost and Affordability of a Healthy Diet (CoAHD),6,Millions,COUNT,Count (Integer),602,CCYY,A,Normal value,PU,Public
datastructure,WB.DATA360:DS_DATA360(1.2),I,A,Annual,SVN,Slovenia,FAO_CAHD_7006,Number of people unable to afford a healthy diet (million),_T,Total,_T,All age ranges or no breakdown by age,_T,Total,PS,Persons,_Z,Not Applicable,_Z,Not Applicable,_Z,Not Applicable,2019,0.1,FAO_CAHD,Cost and Affordability of a Healthy Diet (CoAHD),6,Millions,COUNT,Count (Integer),602,CCYY,A,Normal value,PU,Public
datastructure,WB.DATA360:DS_DATA360(1.2),I,A,Annual,SUR,Suriname,FAO_CAHD_7006,Number of people unable to afford a healthy diet (million),_T,Total,_T,All age ranges or no breakdown by age,_T,Total,PS,Persons,_Z,Not Applicable,_Z,Not Applicable,_Z,Not Applicable,2025,0.2,FAO_CAHD,Cost and Affordability of a Healthy Diet (CoAHD),6,Millions,COUNT,Count (Integer),602,CCYY,A,Normal value,PU,Public
datastructure,WB.DATA360:DS_DATA360(1.2),I,A,Annual,SUR,Suriname,FAO_CAHD_7006,Number of people unable to afford a healthy diet (million),_T,Total,_T,All age ranges or no breakdown by age,_T,Total,PS,Persons,_Z,Not Applicable,_Z,Not Applicable,_Z,Not Applicable,2024,0.2,FAO_CAHD,Cost and Affordability of a Healthy Diet (CoAHD),6,Millions,COUNT,Count (Integer),602,CCYY,A,Normal value,PU,Public
datastructure,WB.DATA360:DS_DATA360(1.2),I,A,Annual,SUR,Suriname,FAO_CAHD_7006,Number of people unable to afford a healthy diet (million),_T,Total,_T,All age ranges or no breakdown by age,_T,Total,PS,Persons,_Z,Not Applicable,_Z,Not Applicable,_Z,Not Applicable,2023,0.2,FAO_CAHD,Cost and Affordability of a Healthy Diet (CoAHD),6,Millions,COUNT,Count (Integer),602,CCYY,A,Normal value,PU,Public
datastructure,WB.DATA360:DS_DATA360(1.2),I,A,Annual,SUR,Suriname,FAO_CAHD_7006,Number of people unable to afford a healthy diet (million),_T,Total,_T,All age ranges or no breakdown by age,_T,Total,PS,Persons,_Z,Not Applicable,_Z,Not Applicable,_Z,Not Applicable,2022,0.2,FAO_CAHD,Cost and Affordability of a Healthy Diet (CoAHD),6,Millions,COUNT,Count (Integer),602,CCYY,A,Normal value,PU,Public
datastructure,WB.DATA360:DS_DATA360(1.2),I,A,Annual,SUR,Suriname,FAO_CAHD_7006,Number of people unable to afford a healthy diet (million),_T,Total,_T,All age ranges or no breakdown by age,_T,Total,PS,Persons,_Z,Not Applicable,_Z,Not Applicable,_Z,Not Applicable,2017,0.1,FAO_CAHD,Cost and Affordability of a Healthy Diet (CoAHD),6,Millions,COUNT,Count (Integer),602,CCYY,A,Normal value,PU,Public
datastructure,WB.DATA360:DS_DATA360(1.2),I,A,Annual,SUR,Suriname,FAO_CAHD_7006,Number of people unable to afford a healthy diet (million),_T,Total,_T,All age ranges or no breakdown by age,_T,Total,PS,Persons,_Z,Not Applicable,_Z,Not Applicable,_Z,Not Applicable,2018,0.1,FAO_CAHD,Cost and Affordability of a Healthy Diet (CoAHD),6,Millions,COUNT,Count (Integer),602,CCYY,A,Normal value,PU,Public
datastructure,WB.DATA360:DS_DATA360(1.2),I,A,Annual,SUR,Suriname,FAO_CAHD_7006,Number of people unable to afford a healthy diet (million),_T,Total,_T,All age ranges or no breakdown by age,_T,Total,PS,Persons,_Z,Not Applicable,_Z,Not Applicable,_Z,Not Applicable,2019,0.1,FAO_CAHD,Cost and Affordability of a Healthy Diet (CoAHD),6,Millions,COUNT,Count (Integer),602,CCYY,A,Normal value,PU,Public
datastructure,WB.DATA360:DS_DATA360(1.2),I,A,Annual,SUR,Suriname,FAO_CAHD_7006,Number of people unable to afford a healthy diet (million),_T,Total,_T,All age ranges or no breakdown by age,_T,Total,PS,Persons,_Z,Not Applicable,_Z,Not Applicable,_Z,Not Applicable,2020,0.2,FAO_CAHD,Cost and Affordability of a Healthy Diet (CoAHD),6,Millions,COUNT,Count (Integer),602,CCYY,A,Normal value,PU,Public
datastructure,WB.DATA360:DS_DATA360(1.2),I,A,Annual,SUR,Suriname,FAO_CAHD_7006,Number of people unable to afford a healthy diet (million),_T,Total,_T,All age ranges or no breakdown by age,_T,Total,PS,Persons,_Z,Not Applicable,_Z,Not Applicable,_Z,Not Applicable,2021,0.2,FAO_CAHD,Cost and Affordability of a Healthy Diet (CoAHD),6,Millions,COUNT,Count (Integer),602,CCYY,A,Normal value,PU,Public
datastructure,WB.DATA360:DS_DATA360(1.2),I,A,Annual,SWE,Sweden,FAO_CAHD_7006,Number of people unable to afford a healthy diet (million),_T,Total,_T,All age ranges or no breakdown by age,_T,Total,PS,Persons,_Z,Not Applicable,_Z,Not Applicable,_Z,Not Applicable,2019,0.4,FAO_CAHD,Cost and Affordability of a Healthy Diet (CoAHD),6,Millions,COUNT,Count (Integer),602,CCYY,A,Normal value,PU,Public
datastructure,WB.DATA360:DS_DATA360(1.2),I,A,Annual,SWE,Sweden,FAO_CAHD_7006,Number of people unable to afford a healthy diet (million),_T,Total,_T,All age ranges or no breakdown by age,_T,Total,PS,Persons,_Z,Not Applicable,_Z,Not Applicable,_Z,Not Applicable,2020,0.4,FAO_CAHD,Cost and Affordability of a Healthy Diet (CoAHD),6,Millions,COUNT,Count (Integer),602,CCYY,A,Normal value,PU,Public
datastructure,WB.DATA360:DS_DATA360(1.2),I,A,Annual,SWE,Sweden,FAO_CAHD_7006,Number of people unable to afford a healthy diet (million),_T,Total,_T,All age ranges or no breakdown by age,_T,Total,PS,Persons,_Z,Not Applicable,_Z,Not Applicable,_Z,Not Applicable,2021,0.4,FAO_CAHD,Cost and Affordability of a Healthy Diet (CoAHD),6,Millions,COUNT,Count (Integer),602,CCYY,A,Normal value,PU,Public
datastructure,WB.DATA360:DS_DATA360(1.2),I,A,Annual,SWE,Sweden,FAO_CAHD_7006,Number of people unable to afford a healthy diet (million),_T,Total,_T,All age ranges or no breakdown by age,_T,Total,PS,Persons,_Z,Not Applicable,_Z,Not Applicable,_Z,Not Applicable,2022,0.6,FAO_CAHD,Cost and Affordability of a Healthy Diet (CoAHD),6,Millions,COUNT,Count (Integer),602,CCYY,A,Normal value,PU,Public
datastructure,WB.DATA360:DS_DATA360(1.2),I,A,Annual,SWE,Sweden,FAO_CAHD_7006,Number of people unable to afford a healthy diet (million),_T,Total,_T,All age ranges or no breakdown by age,_T,Total,PS,Persons,_Z,Not Applicable,_Z,Not Applicable,_Z,Not Applicable,2023,0.5,FAO_CAHD,Cost and Affordability of a Healthy Diet (CoAHD),6,Millions,COUNT,Count (Integer),602,CCYY,A,Normal value,PU,Public
datastructure,WB.DATA360:DS_DATA360(1.2),I,A,Annual,SWE,Sweden,FAO_CAHD_7006,Number of people unable to afford a healthy diet (million),_T,Total,_T,All age ranges or no breakdown by age,_T,Total,PS,Persons,_Z,Not Applicable,_Z,Not Applicable,_Z,Not Applicable,2024,0.5,FAO_CAHD,Cost and Affordability of a Healthy Diet (CoAHD),6,Millions,COUNT,Count (Integer),602,CCYY,A,Normal value,PU,Public
datastructure,WB.DATA360:DS_DATA360(1.2),I,A,Annual,SWE,Sweden,FAO_CAHD_7006,Number of people unable to afford a healthy diet (million),_T,Total,_T,All age ranges or no breakdown by age,_T,Total,PS,Persons,_Z,Not Applicable,_Z,Not Applicable,_Z,Not Applicable,2025,0.5,FAO_CAHD,Cost and Affordability of a Healthy Diet (CoAHD),6,Millions,COUNT,Count (Integer),602,CCYY,A,Normal value,PU,Public
datastructure,WB.DATA360:DS_DATA360(1.2),I,A,Annual,SWE,Sweden,FAO_CAHD_7006,Number of people unable to afford a healthy diet (million),_T,Total,_T,All age ranges or no breakdown by age,_T,Total,PS,Persons,_Z,Not Applicable,_Z,Not Applicable,_Z,Not Applicable,2017,0.4,FAO_CAHD,Cost and Affordability of a Healthy Diet (CoAHD),6,Millions,COUNT,Count (Integer),602,CCYY,A,Normal value,PU,Public
datastructure,WB.DATA360:DS_DATA360(1.2),I,A,Annual,SWE,Sweden,FAO_CAHD_7006,Number of people unable to afford a healthy diet (million),_T,Total,_T,All age ranges or no breakdown by age,_T,Total,PS,Persons,_Z,Not Applicable,_Z,Not Applicable,_Z,Not Applicable,2018,0.5,FAO_CAHD,Cost and Affordability of a Healthy Diet (CoAHD),6,Millions,COUNT,Count (Integer),602,CCYY,A,Normal value,PU,Public
datastructure,WB.DATA360:DS_DATA360(1.2),I,A,Annual,SYR,Syrian Arab Republic,FAO_CAHD_7006,Number of people unable to afford a healthy diet (million),_T,Total,_T,All age ranges or no breakdown by age,_T,Total,PS,Persons,_Z,Not Applicable,_Z,Not Applicable,_Z,Not Applicable,2020,15.6,FAO_CAHD,Cost and Affordability of a Healthy Diet (CoAHD),6,Millions,COUNT,Count (Integer),602,CCYY,A,Normal value,PU,Public
datastructure,WB.DATA360:DS_DATA360(1.2),I,A,Annual,SYR,Syrian Arab Republic,FAO_CAHD_7006,Number of people unable to afford a healthy diet (million),_T,Total,_T,All age ranges or no breakdown by age,_T,Total,PS,Persons,_Z,Not Applicable,_Z,Not Applicable,_Z,Not Applicable,2021,15.4,FAO_CAHD,Cost and Affordability of a Healthy Diet (CoAHD),6,Millions,COUNT,Count (Integer),602,CCYY,A,Normal value,PU,Public
datastructure,WB.DATA360:DS_DATA360(1.2),I,A,Annual,SYR,Syrian Arab Republic,FAO_CAHD_7006,Number of people unable to afford a healthy diet (million),_T,Total,_T,All age ranges or no breakdown by age,_T,Total,PS,Persons,_Z,Not Applicable,_Z,Not Applicable,_Z,Not Applicable,2022,15.9,FAO_CAHD,Cost and Affordability of a Healthy Diet (CoAHD),6,Millions,COUNT,Count (Integer),602,CCYY,A,Normal value,PU,Public
datastructure,WB.DATA360:DS_DATA360(1.2),I,A,Annual,SYR,Syrian Arab Republic,FAO_CAHD_7006,Number of people unable to afford a healthy diet (million),_T,Total,_T,All age ranges or no breakdown by age,_T,Total,PS,Persons,_Z,Not Applicable,_Z,Not Applicable,_Z,Not Applicable,2023,17.6,FAO_CAHD,Cost and Affordability of a Healthy Diet (CoAHD),6,Millions,COUNT,Count (Integer),602,CCYY,A,Normal value,PU,Public
datastructure,WB.DATA360:DS_DATA360(1.2),I,A,Annual,TGO,Togo,FAO_CAHD_7006,Number of people unable to afford a healthy diet (million),_T,Total,_T,All age ranges or no breakdown by age,_T,Total,PS,Persons,_Z,Not Applicable,_Z,Not Applicable,_Z,Not Applicable,2021,4.5,FAO_CAHD,Cost and Affordability of a Healthy Diet (CoAHD),6,Millions,COUNT,Count (Integer),602,CCYY,A,Normal value,PU,Public
datastructure,WB.DATA360:DS_DATA360(1.2),I,A,Annual,TGO,Togo,FAO_CAHD_7006,Number of people unable to afford a healthy diet (million),_T,Total,_T,All age ranges or no breakdown by age,_T,Total,PS,Persons,_Z,Not Applicable,_Z,Not Applicable,_Z,Not Applicable,2022,4.6,FAO_CAHD,Cost and Affordability of a Healthy Diet (CoAHD),6,Millions,COUNT,Count (Integer),602,CCYY,A,Normal value,PU,Public
datastructure,WB.DATA360:DS_DATA360(1.2),I,A,Annual,TGO,Togo,FAO_CAHD_7006,Number of people unable to afford a healthy diet (million),_T,Total,_T,All age ranges or no breakdown by age,_T,Total,PS,Persons,_Z,Not Applicable,_Z,Not Applicable,_Z,Not Applicable,2023,4.5,FAO_CAHD,Cost and Affordability of a Healthy Diet (CoAHD),6,Millions,COUNT,Count (Integer),602,CCYY,A,Normal value,PU,Public
datastructure,WB.DATA360:DS_DATA360(1.2),I,A,Annual,TGO,Togo,FAO_CAHD_7006,Number of people unable to afford a healthy diet (million),_T,Total,_T,All age ranges or no breakdown by age,_T,Total,PS,Persons,_Z,Not Applicable,_Z,Not Applicable,_Z,Not Applicable,2024,4.5,FAO_CAHD,Cost and Affordability of a Healthy Diet (CoAHD),6,Millions,COUNT,Count (Integer),602,CCYY,A,Normal value,PU,Public
datastructure,WB.DATA360:DS_DATA360(1.2),I,A,Annual,TGO,Togo,FAO_CAHD_7006,Number of people unable to afford a healthy diet (million),_T,Total,_T,All age ranges or no breakdown by age,_T,Total,PS,Persons,_Z,Not Applicable,_Z,Not Applicable,_Z,Not Applicable,2025,4.6,FAO_CAHD,Cost and Affordability of a Healthy Diet (CoAHD),6,Millions,COUNT,Count (Integer),602,CCYY,A,Normal value,PU,Public
datastructure,WB.DATA360:DS_DATA360(1.2),I,A,Annual,TGO,Togo,FAO_CAHD_7006,Number of people unable to afford a healthy diet (million),_T,Total,_T,All age ranges or no breakdown by age,_T,Total,PS,Persons,_Z,Not Applicable,_Z,Not Applicable,_Z,Not Applicable,2019,4.0,FAO_CAHD,Cost and Affordability of a Healthy Diet (CoAHD),6,Millions,COUNT,Count (Integer),602,CCYY,A,Normal value,PU,Public
datastructure,WB.DATA360:DS_DATA360(1.2),I,A,Annual,TGO,Togo,FAO_CAHD_7006,Number of people unable to afford a healthy diet (million),_T,Total,_T,All age ranges or no breakdown by age,_T,Total,PS,Persons,_Z,Not Applicable,_Z,Not Applicable,_Z,Not Applicable,2020,4.3,FAO_CAHD,Cost and Affordability of a Healthy Diet (CoAHD),6,Millions,COUNT,Count (Integer),602,CCYY,A,Normal value,PU,Public
datastructure,WB.DATA360:DS_DATA360(1.2),I,A,Annual,TGO,Togo,FAO_CAHD_7006,Number of people unable to afford a healthy diet (million),_T,Total,_T,All age ranges or no breakdown by age,_T,Total,PS,Persons,_Z,Not Applicable,_Z,Not Applicable,_Z,Not Applicable,2018,4.2,FAO_CAHD,Cost and Affordability of a Healthy Diet (CoAHD),6,Millions,COUNT,Count (Integer),602,CCYY,A,Normal value,PU,Public
datastructure,WB.DATA360:DS_DATA360(1.2),I,A,Annual,TGO,Togo,FAO_CAHD_7006,Number of people unable to afford a healthy diet (million),_T,Total,_T,All age ranges or no breakdown by age,_T,Total,PS,Persons,_Z,Not Applicable,_Z,Not Applicable,_Z,Not Applicable,2017,4.7,FAO_CAHD,Cost and Affordability of a Healthy Diet (CoAHD),6,Millions,COUNT,Count (Integer),602,CCYY,A,Normal value,PU,Public
datastructure,WB.DATA360:DS_DATA360(1.2),I,A,Annual,SYR,Syrian Arab Republic,FAO_CAHD_7006,Number of people unable to afford a healthy diet (million),_T,Total,_T,All age ranges or no breakdown by age,_T,Total,PS,Persons,_Z,Not Applicable,_Z,Not Applicable,_Z,Not Applicable,2024,18.1,FAO_CAHD,Cost and Affordability of a Healthy Diet (CoAHD),6,Millions,COUNT,Count (Integer),602,CCYY,A,Normal value,PU,Public
datastructure,WB.DATA360:DS_DATA360(1.2),I,A,Annual,SYR,Syrian Arab Republic,FAO_CAHD_7006,Number of people unable to afford a healthy diet (million),_T,Total,_T,All age ranges or no breakdown by age,_T,Total,PS,Persons,_Z,Not Applicable,_Z,Not Applicable,_Z,Not Applicable,2025,15.6,FAO_CAHD,Cost and Affordability of a Healthy Diet (CoAHD),6,Millions,COUNT,Count (Integer),602,CCYY,A,Normal value,PU,Public
datastructure,WB.DATA360:DS_DATA360(1.2),I,A,Annual,ZAF,South Africa,FAO_CAHD_7006,Number of people unable to afford a healthy diet (million),_T,Total,_T,All age ranges or no breakdown by age,_T,Total,PS,Persons,_Z,Not Applicable,_Z,Not Applicable,_Z,Not Applicable,2024,36.9,FAO_CAHD,Cost and Affordability of a Healthy Diet (CoAHD),6,Millions,COUNT,Count (Integer),602,CCYY,A,Normal value,PU,Public
datastructure,WB.DATA360:DS_DATA360(1.2),I,A,Annual,ZAF,South Africa,FAO_CAHD_7006,Number of people unable to afford a healthy diet (million),_T,Total,_T,All age ranges or no breakdown by age,_T,Total,PS,Persons,_Z,Not Applicable,_Z,Not Applicable,_Z,Not Applicable,2025,37.5,FAO_CAHD,Cost and Affordability of a Healthy Diet (CoAHD),6,Millions,COUNT,Count (Integer),602,CCYY,A,Normal value,PU,Public
datastructure,WB.DATA360:DS_DATA360(1.2),I,A,Annual,ZAF,South Africa,FAO_CAHD_7006,Number of people unable to afford a healthy diet (million),_T,Total,_T,All age ranges or no breakdown by age,_T,Total,PS,Persons,_Z,Not Applicable,_Z,Not Applicable,_Z,Not Applicable,2023,36.3,FAO_CAHD,Cost and Affordability of a Healthy Diet (CoAHD),6,Millions,COUNT,Count (Integer),602,CCYY,A,Normal value,PU,Public
datastructure,WB.DATA360:DS_DATA360(1.2),I,A,Annual,ZAF,South Africa,FAO_CAHD_7006,Number of people unable to afford a healthy diet (million),_T,Total,_T,All age ranges or no breakdown by age,_T,Total,PS,Persons,_Z,Not Applicable,_Z,Not Applicable,_Z,Not Applicable,2022,35.7,FAO_CAHD,Cost and Affordability of a Healthy Diet (CoAHD),6,Millions,COUNT,Count (Integer),602,CCYY,A,Normal value,PU,Public
datastructure,WB.DATA360:DS_DATA360(1.2),I,A,Annual,ZAF,South Africa,FAO_CAHD_7006,Number of people unable to afford a healthy diet (million),_T,Total,_T,All age ranges or no breakdown by age,_T,Total,PS,Persons,_Z,Not Applicable,_Z,Not Applicable,_Z,Not Applicable,2021,35.8,FAO_CAHD,Cost and Affordability of a Healthy Diet (CoAHD),6,Millions,COUNT,Count (Integer),602,CCYY,A,Normal value,PU,Public
datastructure,WB.DATA360:DS_DATA360(1.2),I,A,Annual,ZAF,South Africa,FAO_CAHD_7006,Number of people unable to afford a healthy diet (million),_T,Total,_T,All age ranges or no breakdown by age,_T,Total,PS,Persons,_Z,Not Applicable,_Z,Not Applicable,_Z,Not Applicable,2020,36.2,FAO_CAHD,Cost and Affordability of a Healthy Diet (CoAHD),6,Millions,COUNT,Count (Integer),602,CCYY,A,Normal value,PU,Public
datastructure,WB.DATA360:DS_DATA360(1.2),I,A,Annual,ZAF,South Africa,FAO_CAHD_7006,Number of people unable to afford a healthy diet (million),_T,Total,_T,All age ranges or no breakdown by age,_T,Total,PS,Persons,_Z,Not Applicable,_Z,Not Applicable,_Z,Not Applicable,2017,35.1,FAO_CAHD,Cost and Affordability of a Healthy Diet (CoAHD),6,Millions,COUNT,Count (Integer),602,CCYY,A,Normal value,PU,Public
datastructure,WB.DATA360:DS_DATA360(1.2),I,A,Annual,ZAF,South Africa,FAO_CAHD_7006,Number of people unable to afford a healthy diet (million),_T,Total,_T,All age ranges or no breakdown by age,_T,Total,PS,Persons,_Z,Not Applicable,_Z,Not Applicable,_Z,Not Applicable,2018,34.9,FAO_CAHD,Cost and Affordability of a Healthy Diet (CoAHD),6,Millions,COUNT,Count (Integer),602,CCYY,A,Normal value,PU,Public
datastructure,WB.DATA360:DS_DATA360(1.2),I,A,Annual,ZAF,South Africa,FAO_CAHD_7006,Number of people unable to afford a healthy diet (million),_T,Total,_T,All age ranges or no breakdown by age,_T,Total,PS,Persons,_Z,Not Applicable,_Z,Not Applicable,_Z,Not Applicable,2019,34.9,FAO_CAHD,Cost and Affordability of a Healthy Diet (CoAHD),6,Millions,COUNT,Count (Integer),602,CCYY,A,Normal value,PU,Public
datastructure,WB.DATA360:DS_DATA360(1.2),I,A,Annual,SSD,South Sudan,FAO_CAHD_7006,Number of people unable to afford a healthy diet (million),_T,Total,_T,All age ranges or no breakdown by age,_T,Total,PS,Persons,_Z,Not Applicable,_Z,Not Applicable,_Z,Not Applicable,2024,11.4,FAO_CAHD,Cost and Affordability of a Healthy Diet (CoAHD),6,Millions,COUNT,Count (Integer),602,CCYY,A,Normal value,PU,Public
datastructure,WB.DATA360:DS_DATA360(1.2),I,A,Annual,SSD,South Sudan,FAO_CAHD_7006,Number of people unable to afford a healthy diet (million),_T,Total,_T,All age ranges or no breakdown by age,_T,Total,PS,Persons,_Z,Not Applicable,_Z,Not Applicable,_Z,Not Applicable,2017,9.4,FAO_CAHD,Cost and Affordability of a Healthy Diet (CoAHD),6,Millions,COUNT,Count (Integer),602,CCYY,A,Normal value,PU,Public
datastructure,WB.DATA360:DS_DATA360(1.2),I,A,Annual,SSD,South Sudan,FAO_CAHD_7006,Number of people unable to afford a healthy diet (million),_T,Total,_T,All age ranges or no breakdown by age,_T,Total,PS,Persons,_Z,Not Applicable,_Z,Not Applicable,_Z,Not Applicable,2018,9.2,FAO_CAHD,Cost and Affordability of a Healthy Diet (CoAHD),6,Millions,COUNT,Count (Integer),602,CCYY,A,Normal value,PU,Public
datastructure,WB.DATA360:DS_DATA360(1.2),I,A,Annual,SSD,South Sudan,FAO_CAHD_7006,Number of people unable to afford a healthy diet (million),_T,Total,_T,All age ranges or no breakdown by age,_T,Total,PS,Persons,_Z,Not Applicable,_Z,Not Applicable,_Z,Not Applicable,2019,9.6,FAO_CAHD,Cost and Affordability of a Healthy Diet (CoAHD),6,Millions,COUNT,Count (Integer),602,CCYY,A,Normal value,PU,Public
datastructure,WB.DATA360:DS_DATA360(1.2),I,A,Annual,SSD,South Sudan,FAO_CAHD_7006,Number of people unable to afford a healthy diet (million),_T,Total,_T,All age ranges or no breakdown by age,_T,Total,PS,Persons,_Z,Not Applicable,_Z,Not Applicable,_Z,Not Applicable,2020,9.9,FAO_CAHD,Cost and Affordability of a Healthy Diet (CoAHD),6,Millions,COUNT,Count (Integer),602,CCYY,A,Normal value,PU,Public
datastructure,WB.DATA360:DS_DATA360(1.2),I,A,Annual,SSD,South Sudan,FAO_CAHD_7006,Number of people unable to afford a healthy diet (million),_T,Total,_T,All age ranges or no breakdown by age,_T,Total,PS,Persons,_Z,Not Applicable,_Z,Not Applicable,_Z,Not Applicable,2021,10.1,FAO_CAHD,Cost and Affordability of a Healthy Diet (CoAHD),6,Millions,COUNT,Count (Integer),602,CCYY,A,Normal value,PU,Public
datastructure,WB.DATA360:DS_DATA360(1.2),I,A,Annual,SSD,South Sudan,FAO_CAHD_7006,Number of people unable to afford a healthy diet (million),_T,Total,_T,All age ranges or no breakdown by age,_T,Total,PS,Persons,_Z,Not Applicable,_Z,Not Applicable,_Z,Not Applicable,2022,10.3,FAO_CAHD,Cost and Affordability of a Healthy Diet (CoAHD),6,Millions,COUNT,Count (Integer),602,CCYY,A,Normal value,PU,Public
datastructure,WB.DATA360:DS_DATA360(1.2),I,A,Annual,SSD,South Sudan,FAO_CAHD_7006,Number of people unable to afford a healthy diet (million),_T,Total,_T,All age ranges or no breakdown by age,_T,Total,PS,Persons,_Z,Not Applicable,_Z,Not Applicable,_Z,Not Applicable,2023,10.6,FAO_CAHD,Cost and Affordability of a Healthy Diet (CoAHD),6,Millions,COUNT,Count (Integer),602,CCYY,A,Normal value,PU,Public
datastructure,WB.DATA360:DS_DATA360(1.2),I,A,Annual,SSD,South Sudan,FAO_CAHD_7006,Number of people unable to afford a healthy diet (million),_T,Total,_T,All age ranges or no breakdown by age,_T,Total,PS,Persons,_Z,Not Applicable,_Z,Not Applicable,_Z,Not Applicable,2025,11.4,FAO_CAHD,Cost and Affordability of a Healthy Diet (CoAHD),6,Millions,COUNT,Count (Integer),602,CCYY,A,Normal value,PU,Public
datastructure,WB.DATA360:DS_DATA360(1.2),I,A,Annual,SVN,Slovenia,FAO_CAHD_7006,Number of people unable to afford a healthy diet (million),_T,Total,_T,All age ranges or no breakdown by age,_T,Total,PS,Persons,_Z,Not Applicable,_Z,Not Applicable,_Z,Not Applicable,2020,0.1,FAO_CAHD,Cost and Affordability of a Healthy Diet (CoAHD),6,Millions,COUNT,Count (Integer),602,CCYY,A,Normal value,PU,Public
datastructure,WB.DATA360:DS_DATA360(1.2),I,A,Annual,SVN,Slovenia,FAO_CAHD_7006,Number of people unable to afford a healthy diet (million),_T,Total,_T,All age ranges or no breakdown by age,_T,Total,PS,Persons,_Z,Not Applicable,_Z,Not Applicable,_Z,Not Applicable,2021,0.0,FAO_CAHD,Cost and Affordability of a Healthy Diet (CoAHD),6,Millions,COUNT,Count (Integer),602,CCYY,A,Normal value,PU,Public
datastructure,WB.DATA360:DS_DATA360(1.2),I,A,Annual,SVN,Slovenia,FAO_CAHD_7006,Number of people unable to afford a healthy diet (million),_T,Total,_T,All age ranges or no breakdown by age,_T,Total,PS,Persons,_Z,Not Applicable,_Z,Not Applicable,_Z,Not Applicable,2022,0.0,FAO_CAHD,Cost and Affordability of a Healthy Diet (CoAHD),6,Millions,COUNT,Count (Integer),602,CCYY,A,Normal value,PU,Public
datastructure,WB.DATA360:DS_DATA360(1.2),I,A,Annual,SVN,Slovenia,FAO_CAHD_7006,Number of people unable to afford a healthy diet (million),_T,Total,_T,All age ranges or no breakdown by age,_T,Total,PS,Persons,_Z,Not Applicable,_Z,Not Applicable,_Z,Not Applicable,2023,0.1,FAO_CAHD,Cost and Affordability of a Healthy Diet (CoAHD),6,Millions,COUNT,Count (Integer),602,CCYY,A,Normal value,PU,Public
datastructure,WB.DATA360:DS_DATA360(1.2),I,A,Annual,SVN,Slovenia,FAO_CAHD_7006,Number of people unable to afford a healthy diet (million),_T,Total,_T,All age ranges or no breakdown by age,_T,Total,PS,Persons,_Z,Not Applicable,_Z,Not Applicable,_Z,Not Applicable,2024,0.0,FAO_CAHD,Cost and Affordability of a Healthy Diet (CoAHD),6,Millions,COUNT,Count (Integer),602,CCYY,A,Normal value,PU,Public
datastructure,WB.DATA360:DS_DATA360(1.2),I,A,Annual,SVN,Slovenia,FAO_CAHD_7006,Number of people unable to afford a healthy diet (million),_T,Total,_T,All age ranges or no breakdown by age,_T,Total,PS,Persons,_Z,Not Applicable,_Z,Not Applicable,_Z,Not Applicable,2025,0.0,FAO_CAHD,Cost and Affordability of a Healthy Diet (CoAHD),6,Millions,COUNT,Count (Integer),602,CCYY,A,Normal value,PU,Public
datastructure,WB.DATA360:DS_DATA360(1.2),I,A,Annual,LKA,Sri Lanka,FAO_CAHD_7006,Number of people unable to afford a healthy diet (million),_T,Total,_T,All age ranges or no breakdown by age,_T,Total,PS,Persons,_Z,Not Applicable,_Z,Not Applicable,_Z,Not Applicable,2021,7.7,FAO_CAHD,Cost and Affordability of a Healthy Diet (CoAHD),6,Millions,COUNT,Count (Integer),602,CCYY,A,Normal value,PU,Public
datastructure,WB.DATA360:DS_DATA360(1.2),I,A,Annual,LKA,Sri Lanka,FAO_CAHD_7006,Number of people unable to afford a healthy diet (million),_T,Total,_T,All age ranges or no breakdown by age,_T,Total,PS,Persons,_Z,Not Applicable,_Z,Not Applicable,_Z,Not Applicable,2022,9.2,FAO_CAHD,Cost and Affordability of a Healthy Diet (CoAHD),6,Millions,COUNT,Count (Integer),602,CCYY,A,Normal value,PU,Public
datastructure,WB.DATA360:DS_DATA360(1.2),I,A,Annual,LKA,Sri Lanka,FAO_CAHD_7006,Number of people unable to afford a healthy diet (million),_T,Total,_T,All age ranges or no breakdown by age,_T,Total,PS,Persons,_Z,Not Applicable,_Z,Not Applicable,_Z,Not Applicable,2023,8.9,FAO_CAHD,Cost and Affordability of a Healthy Diet (CoAHD),6,Millions,COUNT,Count (Integer),602,CCYY,A,Normal value,PU,Public
datastructure,WB.DATA360:DS_DATA360(1.2),I,A,Annual,LKA,Sri Lanka,FAO_CAHD_7006,Number of people unable to afford a healthy diet (million),_T,Total,_T,All age ranges or no breakdown by age,_T,Total,PS,Persons,_Z,Not Applicable,_Z,Not Applicable,_Z,Not Applicable,2024,8.4,FAO_CAHD,Cost and Affordability of a Healthy Diet (CoAHD),6,Millions,COUNT,Count (Integer),602,CCYY,A,Normal value,PU,Public
datastructure,WB.DATA360:DS_DATA360(1.2),I,A,Annual,LKA,Sri Lanka,FAO_CAHD_7006,Number of people unable to afford a healthy diet (million),_T,Total,_T,All age ranges or no breakdown by age,_T,Total,PS,Persons,_Z,Not Applicable,_Z,Not Applicable,_Z,Not Applicable,2025,8.1,FAO_CAHD,Cost and Affordability of a Healthy Diet (CoAHD),6,Millions,COUNT,Count (Integer),602,CCYY,A,Normal value,PU,Public
datastructure,WB.DATA360:DS_DATA360(1.2),I,A,Annual,LKA,Sri Lanka,FAO_CAHD_7006,Number of people unable to afford a healthy diet (million),_T,Total,_T,All age ranges or no breakdown by age,_T,Total,PS,Persons,_Z,Not Applicable,_Z,Not Applicable,_Z,Not Applicable,2020,7.6,FAO_CAHD,Cost and Affordability of a Healthy Diet (CoAHD),6,Millions,COUNT,Count (Integer),602,CCYY,A,Normal value,PU,Public
datastructure,WB.DATA360:DS_DATA360(1.2),I,A,Annual,LKA,Sri Lanka,FAO_CAHD_7006,Number of people unable to afford a healthy diet (million),_T,Total,_T,All age ranges or no breakdown by age,_T,Total,PS,Persons,_Z,Not Applicable,_Z,Not Applicable,_Z,Not Applicable,2019,6.4,FAO_CAHD,Cost and Affordability of a Healthy Diet (CoAHD),6,Millions,COUNT,Count (Integer),602,CCYY,A,Normal value,PU,Public
datastructure,WB.DATA360:DS_DATA360(1.2),I,A,Annual,LKA,Sri Lanka,FAO_CAHD_7006,Number of people unable to afford a healthy diet (million),_T,Total,_T,All age ranges or no breakdown by age,_T,Total,PS,Persons,_Z,Not Applicable,_Z,Not Applicable,_Z,Not Applicable,2018,6.5,FAO_CAHD,Cost and Affordability of a Healthy Diet (CoAHD),6,Millions,COUNT,Count (Integer),602,CCYY,A,Normal value,PU,Public
datastructure,WB.DATA360:DS_DATA360(1.2),I,A,Annual,ESP,Spain,FAO_CAHD_7006,Number of people unable to afford a healthy diet (million),_T,Total,_T,All age ranges or no breakdown by age,_T,Total,PS,Persons,_Z,Not Applicable,_Z,Not Applicable,_Z,Not Applicable,2017,5.9,FAO_CAHD,Cost and Affordability of a Healthy Diet (CoAHD),6,Millions,COUNT,Count (Integer),602,CCYY,A,Normal value,PU,Public
datastructure,WB.DATA360:DS_DATA360(1.2),I,A,Annual,ESP,Spain,FAO_CAHD_7006,Number of people unable to afford a healthy diet (million),_T,Total,_T,All age ranges or no breakdown by age,_T,Total,PS,Persons,_Z,Not Applicable,_Z,Not Applicable,_Z,Not Applicable,2018,5.7,FAO_CAHD,Cost and Affordability of a Healthy Diet (CoAHD),6,Millions,COUNT,Count (Integer),602,CCYY,A,Normal value,PU,Public
datastructure,WB.DATA360:DS_DATA360(1.2),I,A,Annual,ESP,Spain,FAO_CAHD_7006,Number of people unable to afford a healthy diet (million),_T,Total,_T,All age ranges or no breakdown by age,_T,Total,PS,Persons,_Z,Not Applicable,_Z,Not Applicable,_Z,Not Applicable,2019,5.4,FAO_CAHD,Cost and Affordability of a Healthy Diet (CoAHD),6,Millions,COUNT,Count (Integer),602,CCYY,A,Normal value,PU,Public
datastructure,WB.DATA360:DS_DATA360(1.2),I,A,Annual,ESP,Spain,FAO_CAHD_7006,Number of people unable to afford a healthy diet (million),_T,Total,_T,All age ranges or no breakdown by age,_T,Total,PS,Persons,_Z,Not Applicable,_Z,Not Applicable,_Z,Not Applicable,2020,5.6,FAO_CAHD,Cost and Affordability of a Healthy Diet (CoAHD),6,Millions,COUNT,Count (Integer),602,CCYY,A,Normal value,PU,Public
datastructure,WB.DATA360:DS_DATA360(1.2),I,A,Annual,ESP,Spain,FAO_CAHD_7006,Number of people unable to afford a healthy diet (million),_T,Total,_T,All age ranges or no breakdown by age,_T,Total,PS,Persons,_Z,Not Applicable,_Z,Not Applicable,_Z,Not Applicable,2021,4.9,FAO_CAHD,Cost and Affordability of a Healthy Diet (CoAHD),6,Millions,COUNT,Count (Integer),602,CCYY,A,Normal value,PU,Public
datastructure,WB.DATA360:DS_DATA360(1.2),I,A,Annual,ESP,Spain,FAO_CAHD_7006,Number of people unable to afford a healthy diet (million),_T,Total,_T,All age ranges or no breakdown by age,_T,Total,PS,Persons,_Z,Not Applicable,_Z,Not Applicable,_Z,Not Applicable,2022,4.5,FAO_CAHD,Cost and Affordability of a Healthy Diet (CoAHD),6,Millions,COUNT,Count (Integer),602,CCYY,A,Normal value,PU,Public
datastructure,WB.DATA360:DS_DATA360(1.2),I,A,Annual,ESP,Spain,FAO_CAHD_7006,Number of people unable to afford a healthy diet (million),_T,Total,_T,All age ranges or no breakdown by age,_T,Total,PS,Persons,_Z,Not Applicable,_Z,Not Applicable,_Z,Not Applicable,2023,4.8,FAO_CAHD,Cost and Affordability of a Healthy Diet (CoAHD),6,Millions,COUNT,Count (Integer),602,CCYY,A,Normal value,PU,Public
datastructure,WB.DATA360:DS_DATA360(1.2),I,A,Annual,ESP,Spain,FAO_CAHD_7006,Number of people unable to afford a healthy diet (million),_T,Total,_T,All age ranges or no breakdown by age,_T,Total,PS,Persons,_Z,Not Applicable,_Z,Not Applicable,_Z,Not Applicable,2024,4.6,FAO_CAHD,Cost and Affordability of a Healthy Diet (CoAHD),6,Millions,COUNT,Count (Integer),602,CCYY,A,Normal value,PU,Public
datastructure,WB.DATA360:DS_DATA360(1.2),I,A,Annual,ESP,Spain,FAO_CAHD_7006,Number of people unable to afford a healthy diet (million),_T,Total,_T,All age ranges or no breakdown by age,_T,Total,PS,Persons,_Z,Not Applicable,_Z,Not Applicable,_Z,Not Applicable,2025,4.5,FAO_CAHD,Cost and Affordability of a Healthy Diet (CoAHD),6,Millions,COUNT,Count (Integer),602,CCYY,A,Normal value,PU,Public
datastructure,WB.DATA360:DS_DATA360(1.2),I,A,Annual,LKA,Sri Lanka,FAO_CAHD_7006,Number of people unable to afford a healthy diet (million),_T,Total,_T,All age ranges or no breakdown by age,_T,Total,PS,Persons,_Z,Not Applicable,_Z,Not Applicable,_Z,Not Applicable,2017,7.1,FAO_CAHD,Cost and Affordability of a Healthy Diet (CoAHD),6,Millions,COUNT,Count (Integer),602,CCYY,A,Normal value,PU,Public
datastructure,WB.DATA360:DS_DATA360(1.2),I,A,Annual,NIC,Nicaragua,FAO_CAHD_7006,Number of people unable to afford a healthy diet (million),_T,Total,_T,All age ranges or no breakdown by age,_T,Total,PS,Persons,_Z,Not Applicable,_Z,Not Applicable,_Z,Not Applicable,2023,1.8,FAO_CAHD,Cost and Affordability of a Healthy Diet (CoAHD),6,Millions,COUNT,Count (Integer),602,CCYY,A,Normal value,PU,Public
datastructure,WB.DATA360:DS_DATA360(1.2),I,A,Annual,NIC,Nicaragua,FAO_CAHD_7006,Number of people unable to afford a healthy diet (million),_T,Total,_T,All age ranges or no breakdown by age,_T,Total,PS,Persons,_Z,Not Applicable,_Z,Not Applicable,_Z,Not Applicable,2017,1.6,FAO_CAHD,Cost and Affordability of a Healthy Diet (CoAHD),6,Millions,COUNT,Count (Integer),602,CCYY,A,Normal value,PU,Public
datastructure,WB.DATA360:DS_DATA360(1.2),I,A,Annual,NIC,Nicaragua,FAO_CAHD_7006,Number of people unable to afford a healthy diet (million),_T,Total,_T,All age ranges or no breakdown by age,_T,Total,PS,Persons,_Z,Not Applicable,_Z,Not Applicable,_Z,Not Applicable,2018,1.8,FAO_CAHD,Cost and Affordability of a Healthy Diet (CoAHD),6,Millions,COUNT,Count (Integer),602,CCYY,A,Normal value,PU,Public
datastructure,WB.DATA360:DS_DATA360(1.2),I,A,Annual,NIC,Nicaragua,FAO_CAHD_7006,Number of people unable to afford a healthy diet (million),_T,Total,_T,All age ranges or no breakdown by age,_T,Total,PS,Persons,_Z,Not Applicable,_Z,Not Applicable,_Z,Not Applicable,2019,1.9,FAO_CAHD,Cost and Affordability of a Healthy Diet (CoAHD),6,Millions,COUNT,Count (Integer),602,CCYY,A,Normal value,PU,Public
datastructure,WB.DATA360:DS_DATA360(1.2),I,A,Annual,NIC,Nicaragua,FAO_CAHD_7006,Number of people unable to afford a healthy diet (million),_T,Total,_T,All age ranges or no breakdown by age,_T,Total,PS,Persons,_Z,Not Applicable,_Z,Not Applicable,_Z,Not Applicable,2020,2.0,FAO_CAHD,Cost and Affordability of a Healthy Diet (CoAHD),6,Millions,COUNT,Count (Integer),602,CCYY,A,Normal value,PU,Public
datastructure,WB.DATA360:DS_DATA360(1.2),I,A,Annual,NIC,Nicaragua,FAO_CAHD_7006,Number of people unable to afford a healthy diet (million),_T,Total,_T,All age ranges or no breakdown by age,_T,Total,PS,Persons,_Z,Not Applicable,_Z,Not Applicable,_Z,Not Applicable,2021,1.8,FAO_CAHD,Cost and Affordability of a Healthy Diet (CoAHD),6,Millions,COUNT,Count (Integer),602,CCYY,A,Normal value,PU,Public
datastructure,WB.DATA360:DS_DATA360(1.2),I,A,Annual,NIC,Nicaragua,FAO_CAHD_7006,Number of people unable to afford a healthy diet (million),_T,Total,_T,All age ranges or no breakdown by age,_T,Total,PS,Persons,_Z,Not Applicable,_Z,Not Applicable,_Z,Not Applicable,2022,1.9,FAO_CAHD,Cost and Affordability of a Healthy Diet (CoAHD),6,Millions,COUNT,Count (Integer),602,CCYY,A,Normal value,PU,Public
datastructure,WB.DATA360:DS_DATA360(1.2),I,A,Annual,NOR,Norway,FAO_CAHD_7006,Number of people unable to afford a healthy diet (million),_T,Total,_T,All age ranges or no breakdown by age,_T,Total,PS,Persons,_Z,Not Applicable,_Z,Not Applicable,_Z,Not Applicable,2022,0.1,FAO_CAHD,Cost and Affordability of a Healthy Diet (CoAHD),6,Millions,COUNT,Count (Integer),602,CCYY,A,Normal value,PU,Public
datastructure,WB.DATA360:DS_DATA360(1.2),I,A,Annual,NLD,Netherlands,FAO_CAHD_7006,Number of people unable to afford a healthy diet (million),_T,Total,_T,All age ranges or no breakdown by age,_T,Total,PS,Persons,_Z,Not Applicable,_Z,Not Applicable,_Z,Not Applicable,2017,0.3,FAO_CAHD,Cost and Affordability of a Healthy Diet (CoAHD),6,Millions,COUNT,Count (Integer),602,CCYY,A,Normal value,PU,Public
datastructure,WB.DATA360:DS_DATA360(1.2),I,A,Annual,NLD,Netherlands,FAO_CAHD_7006,Number of people unable to afford a healthy diet (million),_T,Total,_T,All age ranges or no breakdown by age,_T,Total,PS,Persons,_Z,Not Applicable,_Z,Not Applicable,_Z,Not Applicable,2018,0.3,FAO_CAHD,Cost and Affordability of a Healthy Diet (CoAHD),6,Millions,COUNT,Count (Integer),602,CCYY,A,Normal value,PU,Public
datastructure,WB.DATA360:DS_DATA360(1.2),I,A,Annual,NLD,Netherlands,FAO_CAHD_7006,Number of people unable to afford a healthy diet (million),_T,Total,_T,All age ranges or no breakdown by age,_T,Total,PS,Persons,_Z,Not Applicable,_Z,Not Applicable,_Z,Not Applicable,2019,0.3,FAO_CAHD,Cost and Affordability of a Healthy Diet (CoAHD),6,Millions,COUNT,Count (Integer),602,CCYY,A,Normal value,PU,Public
datastructure,WB.DATA360:DS_DATA360(1.2),I,A,Annual,NLD,Netherlands,FAO_CAHD_7006,Number of people unable to afford a healthy diet (million),_T,Total,_T,All age ranges or no breakdown by age,_T,Total,PS,Persons,_Z,Not Applicable,_Z,Not Applicable,_Z,Not Applicable,2020,0.3,FAO_CAHD,Cost and Affordability of a Healthy Diet (CoAHD),6,Millions,COUNT,Count (Integer),602,CCYY,A,Normal value,PU,Public
datastructure,WB.DATA360:DS_DATA360(1.2),I,A,Annual,NLD,Netherlands,FAO_CAHD_7006,Number of people unable to afford a healthy diet (million),_T,Total,_T,All age ranges or no breakdown by age,_T,Total,PS,Persons,_Z,Not Applicable,_Z,Not Applicable,_Z,Not Applicable,2021,0.2,FAO_CAHD,Cost and Affordability of a Healthy Diet (CoAHD),6,Millions,COUNT,Count (Integer),602,CCYY,A,Normal value,PU,Public
datastructure,WB.DATA360:DS_DATA360(1.2),I,A,Annual,NLD,Netherlands,FAO_CAHD_7006,Number of people unable to afford a healthy diet (million),_T,Total,_T,All age ranges or no breakdown by age,_T,Total,PS,Persons,_Z,Not Applicable,_Z,Not Applicable,_Z,Not Applicable,2022,0.2,FAO_CAHD,Cost and Affordability of a Healthy Diet (CoAHD),6,Millions,COUNT,Count (Integer),602,CCYY,A,Normal value,PU,Public
datastructure,WB.DATA360:DS_DATA360(1.2),I,A,Annual,NLD,Netherlands,FAO_CAHD_7006,Number of people unable to afford a healthy diet (million),_T,Total,_T,All age ranges or no breakdown by age,_T,Total,PS,Persons,_Z,Not Applicable,_Z,Not Applicable,_Z,Not Applicable,2023,0.2,FAO_CAHD,Cost and Affordability of a Healthy Diet (CoAHD),6,Millions,COUNT,Count (Integer),602,CCYY,A,Normal value,PU,Public
datastructure,WB.DATA360:DS_DATA360(1.2),I,A,Annual,NLD,Netherlands,FAO_CAHD_7006,Number of people unable to afford a healthy diet (million),_T,Total,_T,All age ranges or no breakdown by age,_T,Total,PS,Persons,_Z,Not Applicable,_Z,Not Applicable,_Z,Not Applicable,2024,0.2,FAO_CAHD,Cost and Affordability of a Healthy Diet (CoAHD),6,Millions,COUNT,Count (Integer),602,CCYY,A,Normal value,PU,Public
datastructure,WB.DATA360:DS_DATA360(1.2),I,A,Annual,NLD,Netherlands,FAO_CAHD_7006,Number of people unable to afford a healthy diet (million),_T,Total,_T,All age ranges or no breakdown by age,_T,Total,PS,Persons,_Z,Not Applicable,_Z,Not Applicable,_Z,Not Applicable,2025,0.2,FAO_CAHD,Cost and Affordability of a Healthy Diet (CoAHD),6,Millions,COUNT,Count (Integer),602,CCYY,A,Normal value,PU,Public
datastructure,WB.DATA360:DS_DATA360(1.2),I,A,Annual,MKD,North Macedonia,FAO_CAHD_7006,Number of people unable to afford a healthy diet (million),_T,Total,_T,All age ranges or no breakdown by age,_T,Total,PS,Persons,_Z,Not Applicable,_Z,Not Applicable,_Z,Not Applicable,2017,0.5,FAO_CAHD,Cost and Affordability of a Healthy Diet (CoAHD),6,Millions,COUNT,Count (Integer),602,CCYY,A,Normal value,PU,Public
datastructure,WB.DATA360:DS_DATA360(1.2),I,A,Annual,MKD,North Macedonia,FAO_CAHD_7006,Number of people unable to afford a healthy diet (million),_T,Total,_T,All age ranges or no breakdown by age,_T,Total,PS,Persons,_Z,Not Applicable,_Z,Not Applicable,_Z,Not Applicable,2018,0.4,FAO_CAHD,Cost and Affordability of a Healthy Diet (CoAHD),6,Millions,COUNT,Count (Integer),602,CCYY,A,Normal value,PU,Public
datastructure,WB.DATA360:DS_DATA360(1.2),I,A,Annual,MKD,North Macedonia,FAO_CAHD_7006,Number of people unable to afford a healthy diet (million),_T,Total,_T,All age ranges or no breakdown by age,_T,Total,PS,Persons,_Z,Not Applicable,_Z,Not Applicable,_Z,Not Applicable,2019,0.4,FAO_CAHD,Cost and Affordability of a Healthy Diet (CoAHD),6,Millions,COUNT,Count (Integer),602,CCYY,A,Normal value,PU,Public
datastructure,WB.DATA360:DS_DATA360(1.2),I,A,Annual,MKD,North Macedonia,FAO_CAHD_7006,Number of people unable to afford a healthy diet (million),_T,Total,_T,All age ranges or no breakdown by age,_T,Total,PS,Persons,_Z,Not Applicable,_Z,Not Applicable,_Z,Not Applicable,2020,0.4,FAO_CAHD,Cost and Affordability of a Healthy Diet (CoAHD),6,Millions,COUNT,Count (Integer),602,CCYY,A,Normal value,PU,Public
datastructure,WB.DATA360:DS_DATA360(1.2),I,A,Annual,MKD,North Macedonia,FAO_CAHD_7006,Number of people unable to afford a healthy diet (million),_T,Total,_T,All age ranges or no breakdown by age,_T,Total,PS,Persons,_Z,Not Applicable,_Z,Not Applicable,_Z,Not Applicable,2021,0.3,FAO_CAHD,Cost and Affordability of a Healthy Diet (CoAHD),6,Millions,COUNT,Count (Integer),602,CCYY,A,Normal value,PU,Public
datastructure,WB.DATA360:DS_DATA360(1.2),I,A,Annual,MKD,North Macedonia,FAO_CAHD_7006,Number of people unable to afford a healthy diet (million),_T,Total,_T,All age ranges or no breakdown by age,_T,Total,PS,Persons,_Z,Not Applicable,_Z,Not Applicable,_Z,Not Applicable,2022,0.3,FAO_CAHD,Cost and Affordability of a Healthy Diet (CoAHD),6,Millions,COUNT,Count (Integer),602,CCYY,A,Normal value,PU,Public
datastructure,WB.DATA360:DS_DATA360(1.2),I,A,Annual,MKD,North Macedonia,FAO_CAHD_7006,Number of people unable to afford a healthy diet (million),_T,Total,_T,All age ranges or no breakdown by age,_T,Total,PS,Persons,_Z,Not Applicable,_Z,Not Applicable,_Z,Not Applicable,2023,0.3,FAO_CAHD,Cost and Affordability of a Healthy Diet (CoAHD),6,Millions,COUNT,Count (Integer),602,CCYY,A,Normal value,PU,Public
datastructure,WB.DATA360:DS_DATA360(1.2),I,A,Annual,MKD,North Macedonia,FAO_CAHD_7006,Number of people unable to afford a healthy diet (million),_T,Total,_T,All age ranges or no breakdown by age,_T,Total,PS,Persons,_Z,Not Applicable,_Z,Not Applicable,_Z,Not Applicable,2024,0.3,FAO_CAHD,Cost and Affordability of a Healthy Diet (CoAHD),6,Millions,COUNT,Count (Integer),602,CCYY,A,Normal value,PU,Public
datastructure,WB.DATA360:DS_DATA360(1.2),I,A,Annual,MKD,North Macedonia,FAO_CAHD_7006,Number of people unable to afford a healthy diet (million),_T,Total,_T,All age ranges or no breakdown by age,_T,Total,PS,Persons,_Z,Not Applicable,_Z,Not Applicable,_Z,Not Applicable,2025,0.3,FAO_CAHD,Cost and Affordability of a Healthy Diet (CoAHD),6,Millions,COUNT,Count (Integer),602,CCYY,A,Normal value,PU,Public
datastructure,WB.DATA360:DS_DATA360(1.2),I,A,Annual,NOR,Norway,FAO_CAHD_7006,Number of people unable to afford a healthy diet (million),_T,Total,_T,All age ranges or no breakdown by age,_T,Total,PS,Persons,_Z,Not Applicable,_Z,Not Applicable,_Z,Not Applicable,2017,0.1,FAO_CAHD,Cost and Affordability of a Healthy Diet (CoAHD),6,Millions,COUNT,Count (Integer),602,CCYY,A,Normal value,PU,Public
datastructure,WB.DATA360:DS_DATA360(1.2),I,A,Annual,NOR,Norway,FAO_CAHD_7006,Number of people unable to afford a healthy diet (million),_T,Total,_T,All age ranges or no breakdown by age,_T,Total,PS,Persons,_Z,Not Applicable,_Z,Not Applicable,_Z,Not Applicable,2018,0.1,FAO_CAHD,Cost and Affordability of a Healthy Diet (CoAHD),6,Millions,COUNT,Count (Integer),602,CCYY,A,Normal value,PU,Public
datastructure,WB.DATA360:DS_DATA360(1.2),I,A,Annual,NOR,Norway,FAO_CAHD_7006,Number of people unable to afford a healthy diet (million),_T,Total,_T,All age ranges or no breakdown by age,_T,Total,PS,Persons,_Z,Not Applicable,_Z,Not Applicable,_Z,Not Applicable,2019,0.1,FAO_CAHD,Cost and Affordability of a Healthy Diet (CoAHD),6,Millions,COUNT,Count (Integer),602,CCYY,A,Normal value,PU,Public
datastructure,WB.DATA360:DS_DATA360(1.2),I,A,Annual,NOR,Norway,FAO_CAHD_7006,Number of people unable to afford a healthy diet (million),_T,Total,_T,All age ranges or no breakdown by age,_T,Total,PS,Persons,_Z,Not Applicable,_Z,Not Applicable,_Z,Not Applicable,2020,0.1,FAO_CAHD,Cost and Affordability of a Healthy Diet (CoAHD),6,Millions,COUNT,Count (Integer),602,CCYY,A,Normal value,PU,Public
datastructure,WB.DATA360:DS_DATA360(1.2),I,A,Annual,NER,Niger,FAO_CAHD_7006,Number of people unable to afford a healthy diet (million),_T,Total,_T,All age ranges or no breakdown by age,_T,Total,PS,Persons,_Z,Not Applicable,_Z,Not Applicable,_Z,Not Applicable,2025,24.0,FAO_CAHD,Cost and Affordability of a Healthy Diet (CoAHD),6,Millions,COUNT,Count (Integer),602,CCYY,A,Normal value,PU,Public
datastructure,WB.DATA360:DS_DATA360(1.2),I,A,Annual,NER,Niger,FAO_CAHD_7006,Number of people unable to afford a healthy diet (million),_T,Total,_T,All age ranges or no breakdown by age,_T,Total,PS,Persons,_Z,Not Applicable,_Z,Not Applicable,_Z,Not Applicable,2024,23.4,FAO_CAHD,Cost and Affordability of a Healthy Diet (CoAHD),6,Millions,COUNT,Count (Integer),602,CCYY,A,Normal value,PU,Public
datastructure,WB.DATA360:DS_DATA360(1.2),I,A,Annual,NER,Niger,FAO_CAHD_7006,Number of people unable to afford a healthy diet (million),_T,Total,_T,All age ranges or no breakdown by age,_T,Total,PS,Persons,_Z,Not Applicable,_Z,Not Applicable,_Z,Not Applicable,2017,18.6,FAO_CAHD,Cost and Affordability of a Healthy Diet (CoAHD),6,Millions,COUNT,Count (Integer),602,CCYY,A,Normal value,PU,Public
datastructure,WB.DATA360:DS_DATA360(1.2),I,A,Annual,NER,Niger,FAO_CAHD_7006,Number of people unable to afford a healthy diet (million),_T,Total,_T,All age ranges or no breakdown by age,_T,Total,PS,Persons,_Z,Not Applicable,_Z,Not Applicable,_Z,Not Applicable,2018,18.8,FAO_CAHD,Cost and Affordability of a Healthy Diet (CoAHD),6,Millions,COUNT,Count (Integer),602,CCYY,A,Normal value,PU,Public
datastructure,WB.DATA360:DS_DATA360(1.2),I,A,Annual,NER,Niger,FAO_CAHD_7006,Number of people unable to afford a healthy diet (million),_T,Total,_T,All age ranges or no breakdown by age,_T,Total,PS,Persons,_Z,Not Applicable,_Z,Not Applicable,_Z,Not Applicable,2019,19.3,FAO_CAHD,Cost and Affordability of a Healthy Diet (CoAHD),6,Millions,COUNT,Count (Integer),602,CCYY,A,Normal value,PU,Public
datastructure,WB.DATA360:DS_DATA360(1.2),I,A,Annual,NER,Niger,FAO_CAHD_7006,Number of people unable to afford a healthy diet (million),_T,Total,_T,All age ranges or no breakdown by age,_T,Total,PS,Persons,_Z,Not Applicable,_Z,Not Applicable,_Z,Not Applicable,2020,20.3,FAO_CAHD,Cost and Affordability of a Healthy Diet (CoAHD),6,Millions,COUNT,Count (Integer),602,CCYY,A,Normal value,PU,Public
datastructure,WB.DATA360:DS_DATA360(1.2),I,A,Annual,NER,Niger,FAO_CAHD_7006,Number of people unable to afford a healthy diet (million),_T,Total,_T,All age ranges or no breakdown by age,_T,Total,PS,Persons,_Z,Not Applicable,_Z,Not Applicable,_Z,Not Applicable,2021,21.5,FAO_CAHD,Cost and Affordability of a Healthy Diet (CoAHD),6,Millions,COUNT,Count (Integer),602,CCYY,A,Normal value,PU,Public
datastructure,WB.DATA360:DS_DATA360(1.2),I,A,Annual,NER,Niger,FAO_CAHD_7006,Number of people unable to afford a healthy diet (million),_T,Total,_T,All age ranges or no breakdown by age,_T,Total,PS,Persons,_Z,Not Applicable,_Z,Not Applicable,_Z,Not Applicable,2022,22.0,FAO_CAHD,Cost and Affordability of a Healthy Diet (CoAHD),6,Millions,COUNT,Count (Integer),602,CCYY,A,Normal value,PU,Public
datastructure,WB.DATA360:DS_DATA360(1.2),I,A,Annual,NER,Niger,FAO_CAHD_7006,Number of people unable to afford a healthy diet (million),_T,Total,_T,All age ranges or no breakdown by age,_T,Total,PS,Persons,_Z,Not Applicable,_Z,Not Applicable,_Z,Not Applicable,2023,22.9,FAO_CAHD,Cost and Affordability of a Healthy Diet (CoAHD),6,Millions,COUNT,Count (Integer),602,CCYY,A,Normal value,PU,Public
datastructure,WB.DATA360:DS_DATA360(1.2),I,A,Annual,NGA,Nigeria,FAO_CAHD_7006,Number of people unable to afford a healthy diet (million),_T,Total,_T,All age ranges or no breakdown by age,_T,Total,PS,Persons,_Z,Not Applicable,_Z,Not Applicable,_Z,Not Applicable,2020,162.3,FAO_CAHD,Cost and Affordability of a Healthy Diet (CoAHD),6,Millions,COUNT,Count (Integer),602,CCYY,A,Normal value,PU,Public
datastructure,WB.DATA360:DS_DATA360(1.2),I,A,Annual,NGA,Nigeria,FAO_CAHD_7006,Number of people unable to afford a healthy diet (million),_T,Total,_T,All age ranges or no breakdown by age,_T,Total,PS,Persons,_Z,Not Applicable,_Z,Not Applicable,_Z,Not Applicable,2021,171.6,FAO_CAHD,Cost and Affordability of a Healthy Diet (CoAHD),6,Millions,COUNT,Count (Integer),602,CCYY,A,Normal value,PU,Public
datastructure,WB.DATA360:DS_DATA360(1.2),I,A,Annual,NGA,Nigeria,FAO_CAHD_7006,Number of people unable to afford a healthy diet (million),_T,Total,_T,All age ranges or no breakdown by age,_T,Total,PS,Persons,_Z,Not Applicable,_Z,Not Applicable,_Z,Not Applicable,2022,177.8,FAO_CAHD,Cost and Affordability of a Healthy Diet (CoAHD),6,Millions,COUNT,Count (Integer),602,CCYY,A,Normal value,PU,Public
datastructure,WB.DATA360:DS_DATA360(1.2),I,A,Annual,NGA,Nigeria,FAO_CAHD_7006,Number of people unable to afford a healthy diet (million),_T,Total,_T,All age ranges or no breakdown by age,_T,Total,PS,Persons,_Z,Not Applicable,_Z,Not Applicable,_Z,Not Applicable,2023,184.3,FAO_CAHD,Cost and Affordability of a Healthy Diet (CoAHD),6,Millions,COUNT,Count (Integer),602,CCYY,A,Normal value,PU,Public
datastructure,WB.DATA360:DS_DATA360(1.2),I,A,Annual,NGA,Nigeria,FAO_CAHD_7006,Number of people unable to afford a healthy diet (million),_T,Total,_T,All age ranges or no breakdown by age,_T,Total,PS,Persons,_Z,Not Applicable,_Z,Not Applicable,_Z,Not Applicable,2024,189.8,FAO_CAHD,Cost and Affordability of a Healthy Diet (CoAHD),6,Millions,COUNT,Count (Integer),602,CCYY,A,Normal value,PU,Public
datastructure,WB.DATA360:DS_DATA360(1.2),I,A,Annual,NGA,Nigeria,FAO_CAHD_7006,Number of people unable to afford a healthy diet (million),_T,Total,_T,All age ranges or no breakdown by age,_T,Total,PS,Persons,_Z,Not Applicable,_Z,Not Applicable,_Z,Not Applicable,2025,191.2,FAO_CAHD,Cost and Affordability of a Healthy Diet (CoAHD),6,Millions,COUNT,Count (Integer),602,CCYY,A,Normal value,PU,Public
datastructure,WB.DATA360:DS_DATA360(1.2),I,A,Annual,NGA,Nigeria,FAO_CAHD_7006,Number of people unable to afford a healthy diet (million),_T,Total,_T,All age ranges or no breakdown by age,_T,Total,PS,Persons,_Z,Not Applicable,_Z,Not Applicable,_Z,Not Applicable,2018,142.4,FAO_CAHD,Cost and Affordability of a Healthy Diet (CoAHD),6,Millions,COUNT,Count (Integer),602,CCYY,A,Normal value,PU,Public
datastructure,WB.DATA360:DS_DATA360(1.2),I,A,Annual,NGA,Nigeria,FAO_CAHD_7006,Number of people unable to afford a healthy diet (million),_T,Total,_T,All age ranges or no breakdown by age,_T,Total,PS,Persons,_Z,Not Applicable,_Z,Not Applicable,_Z,Not Applicable,2019,146.9,FAO_CAHD,Cost and Affordability of a Healthy Diet (CoAHD),6,Millions,COUNT,Count (Integer),602,CCYY,A,Normal value,PU,Public
datastructure,WB.DATA360:DS_DATA360(1.2),I,A,Annual,NGA,Nigeria,FAO_CAHD_7006,Number of people unable to afford a healthy diet (million),_T,Total,_T,All age ranges or no breakdown by age,_T,Total,PS,Persons,_Z,Not Applicable,_Z,Not Applicable,_Z,Not Applicable,2017,137.5,FAO_CAHD,Cost and Affordability of a Healthy Diet (CoAHD),6,Millions,COUNT,Count (Integer),602,CCYY,A,Normal value,PU,Public
datastructure,WB.DATA360:DS_DATA360(1.2),I,A,Annual,MOZ,Mozambique,FAO_CAHD_7006,Number of people unable to afford a healthy diet (million),_T,Total,_T,All age ranges or no breakdown by age,_T,Total,PS,Persons,_Z,Not Applicable,_Z,Not Applicable,_Z,Not Applicable,2018,25.0,FAO_CAHD,Cost and Affordability of a Healthy Diet (CoAHD),6,Millions,COUNT,Count (Integer),602,CCYY,A,Normal value,PU,Public
datastructure,WB.DATA360:DS_DATA360(1.2),I,A,Annual,MAR,Morocco,FAO_CAHD_7006,Number of people unable to afford a healthy diet (million),_T,Total,_T,All age ranges or no breakdown by age,_T,Total,PS,Persons,_Z,Not Applicable,_Z,Not Applicable,_Z,Not Applicable,2017,4.8,FAO_CAHD,Cost and Affordability of a Healthy Diet (CoAHD),6,Millions,COUNT,Count (Integer),602,CCYY,A,Normal value,PU,Public
datastructure,WB.DATA360:DS_DATA360(1.2),I,A,Annual,MAR,Morocco,FAO_CAHD_7006,Number of people unable to afford a healthy diet (million),_T,Total,_T,All age ranges or no breakdown by age,_T,Total,PS,Persons,_Z,Not Applicable,_Z,Not Applicable,_Z,Not Applicable,2018,4.6,FAO_CAHD,Cost and Affordability of a Healthy Diet (CoAHD),6,Millions,COUNT,Count (Integer),602,CCYY,A,Normal value,PU,Public
datastructure,WB.DATA360:DS_DATA360(1.2),I,A,Annual,MAR,Morocco,FAO_CAHD_7006,Number of people unable to afford a healthy diet (million),_T,Total,_T,All age ranges or no breakdown by age,_T,Total,PS,Persons,_Z,Not Applicable,_Z,Not Applicable,_Z,Not Applicable,2019,4.5,FAO_CAHD,Cost and Affordability of a Healthy Diet (CoAHD),6,Millions,COUNT,Count (Integer),602,CCYY,A,Normal value,PU,Public
datastructure,WB.DATA360:DS_DATA360(1.2),I,A,Annual,MAR,Morocco,FAO_CAHD_7006,Number of people unable to afford a healthy diet (million),_T,Total,_T,All age ranges or no breakdown by age,_T,Total,PS,Persons,_Z,Not Applicable,_Z,Not Applicable,_Z,Not Applicable,2020,5.3,FAO_CAHD,Cost and Affordability of a Healthy Diet (CoAHD),6,Millions,COUNT,Count (Integer),602,CCYY,A,Normal value,PU,Public
datastructure,WB.DATA360:DS_DATA360(1.2),I,A,Annual,MAR,Morocco,FAO_CAHD_7006,Number of people unable to afford a healthy diet (million),_T,Total,_T,All age ranges or no breakdown by age,_T,Total,PS,Persons,_Z,Not Applicable,_Z,Not Applicable,_Z,Not Applicable,2021,4.6,FAO_CAHD,Cost and Affordability of a Healthy Diet (CoAHD),6,Millions,COUNT,Count (Integer),602,CCYY,A,Normal value,PU,Public
datastructure,WB.DATA360:DS_DATA360(1.2),I,A,Annual,MAR,Morocco,FAO_CAHD_7006,Number of people unable to afford a healthy diet (million),_T,Total,_T,All age ranges or no breakdown by age,_T,Total,PS,Persons,_Z,Not Applicable,_Z,Not Applicable,_Z,Not Applicable,2022,4.9,FAO_CAHD,Cost and Affordability of a Healthy Diet (CoAHD),6,Millions,COUNT,Count (Integer),602,CCYY,A,Normal value,PU,Public
datastructure,WB.DATA360:DS_DATA360(1.2),I,A,Annual,MAR,Morocco,FAO_CAHD_7006,Number of people unable to afford a healthy diet (million),_T,Total,_T,All age ranges or no breakdown by age,_T,Total,PS,Persons,_Z,Not Applicable,_Z,Not Applicable,_Z,Not Applicable,2023,5.3,FAO_CAHD,Cost and Affordability of a Healthy Diet (CoAHD),6,Millions,COUNT,Count (Integer),602,CCYY,A,Normal value,PU,Public
datastructure,WB.DATA360:DS_DATA360(1.2),I,A,Annual,MAR,Morocco,FAO_CAHD_7006,Number of people unable to afford a healthy diet (million),_T,Total,_T,All age ranges or no breakdown by age,_T,Total,PS,Persons,_Z,Not Applicable,_Z,Not Applicable,_Z,Not Applicable,2024,5.0,FAO_CAHD,Cost and Affordability of a Healthy Diet (CoAHD),6,Millions,COUNT,Count (Integer),602,CCYY,A,Normal value,PU,Public
datastructure,WB.DATA360:DS_DATA360(1.2),I,A,Annual,MAR,Morocco,FAO_CAHD_7006,Number of people unable to afford a healthy diet (million),_T,Total,_T,All age ranges or no breakdown by age,_T,Total,PS,Persons,_Z,Not Applicable,_Z,Not Applicable,_Z,Not Applicable,2025,4.8,FAO_CAHD,Cost and Affordability of a Healthy Diet (CoAHD),6,Millions,COUNT,Count (Integer),602,CCYY,A,Normal value,PU,Public
datastructure,WB.DATA360:DS_DATA360(1.2),I,A,Annual,MNG,Mongolia,FAO_CAHD_7006,Number of people unable to afford a healthy diet (million),_T,Total,_T,All age ranges or no breakdown by age,_T,Total,PS,Persons,_Z,Not Applicable,_Z,Not Applicable,_Z,Not Applicable,2024,1.1,FAO_CAHD,Cost and Affordability of a Healthy Diet (CoAHD),6,Millions,COUNT,Count (Integer),602,CCYY,A,Normal value,PU,Public
datastructure,WB.DATA360:DS_DATA360(1.2),I,A,Annual,MNG,Mongolia,FAO_CAHD_7006,Number of people unable to afford a healthy diet (million),_T,Total,_T,All age ranges or no breakdown by age,_T,Total,PS,Persons,_Z,Not Applicable,_Z,Not Applicable,_Z,Not Applicable,2025,1.0,FAO_CAHD,Cost and Affordability of a Healthy Diet (CoAHD),6,Millions,COUNT,Count (Integer),602,CCYY,A,Normal value,PU,Public
datastructure,WB.DATA360:DS_DATA360(1.2),I,A,Annual,MNG,Mongolia,FAO_CAHD_7006,Number of people unable to afford a healthy diet (million),_T,Total,_T,All age ranges or no breakdown by age,_T,Total,PS,Persons,_Z,Not Applicable,_Z,Not Applicable,_Z,Not Applicable,2022,1.3,FAO_CAHD,Cost and Affordability of a Healthy Diet (CoAHD),6,Millions,COUNT,Count (Integer),602,CCYY,A,Normal value,PU,Public
datastructure,WB.DATA360:DS_DATA360(1.2),I,A,Annual,MNG,Mongolia,FAO_CAHD_7006,Number of people unable to afford a healthy diet (million),_T,Total,_T,All age ranges or no breakdown by age,_T,Total,PS,Persons,_Z,Not Applicable,_Z,Not Applicable,_Z,Not Applicable,2023,1.3,FAO_CAHD,Cost and Affordability of a Healthy Diet (CoAHD),6,Millions,COUNT,Count (Integer),602,CCYY,A,Normal value,PU,Public
datastructure,WB.DATA360:DS_DATA360(1.2),I,A,Annual,MNG,Mongolia,FAO_CAHD_7006,Number of people unable to afford a healthy diet (million),_T,Total,_T,All age ranges or no breakdown by age,_T,Total,PS,Persons,_Z,Not Applicable,_Z,Not Applicable,_Z,Not Applicable,2021,1.4,FAO_CAHD,Cost and Affordability of a Healthy Diet (CoAHD),6,Millions,COUNT,Count (Integer),602,CCYY,A,Normal value,PU,Public
datastructure,WB.DATA360:DS_DATA360(1.2),I,A,Annual,MNG,Mongolia,FAO_CAHD_7006,Number of people unable to afford a healthy diet (million),_T,Total,_T,All age ranges or no breakdown by age,_T,Total,PS,Persons,_Z,Not Applicable,_Z,Not Applicable,_Z,Not Applicable,2020,1.5,FAO_CAHD,Cost and Affordability of a Healthy Diet (CoAHD),6,Millions,COUNT,Count (Integer),602,CCYY,A,Normal value,PU,Public
datastructure,WB.DATA360:DS_DATA360(1.2),I,A,Annual,MNG,Mongolia,FAO_CAHD_7006,Number of people unable to afford a healthy diet (million),_T,Total,_T,All age ranges or no breakdown by age,_T,Total,PS,Persons,_Z,Not Applicable,_Z,Not Applicable,_Z,Not Applicable,2017,1.6,FAO_CAHD,Cost and Affordability of a Healthy Diet (CoAHD),6,Millions,COUNT,Count (Integer),602,CCYY,A,Normal value,PU,Public
datastructure,WB.DATA360:DS_DATA360(1.2),I,A,Annual,MNG,Mongolia,FAO_CAHD_7006,Number of people unable to afford a healthy diet (million),_T,Total,_T,All age ranges or no breakdown by age,_T,Total,PS,Persons,_Z,Not Applicable,_Z,Not Applicable,_Z,Not Applicable,2018,1.6,FAO_CAHD,Cost and Affordability of a Healthy Diet (CoAHD),6,Millions,COUNT,Count (Integer),602,CCYY,A,Normal value,PU,Public
datastructure,WB.DATA360:DS_DATA360(1.2),I,A,Annual,MNG,Mongolia,FAO_CAHD_7006,Number of people unable to afford a healthy diet (million),_T,Total,_T,All age ranges or no breakdown by age,_T,Total,PS,Persons,_Z,Not Applicable,_Z,Not Applicable,_Z,Not Applicable,2019,1.5,FAO_CAHD,Cost and Affordability of a Healthy Diet (CoAHD),6,Millions,COUNT,Count (Integer),602,CCYY,A,Normal value,PU,Public
datastructure,WB.DATA360:DS_DATA360(1.2),I,A,Annual,MNE,Montenegro,FAO_CAHD_7006,Number of people unable to afford a healthy diet (million),_T,Total,_T,All age ranges or no breakdown by age,_T,Total,PS,Persons,_Z,Not Applicable,_Z,Not Applicable,_Z,Not Applicable,2023,0.1,FAO_CAHD,Cost and Affordability of a Healthy Diet (CoAHD),6,Millions,COUNT,Count (Integer),602,CCYY,A,Normal value,PU,Public
datastructure,WB.DATA360:DS_DATA360(1.2),I,A,Annual,MNE,Montenegro,FAO_CAHD_7006,Number of people unable to afford a healthy diet (million),_T,Total,_T,All age ranges or no breakdown by age,_T,Total,PS,Persons,_Z,Not Applicable,_Z,Not Applicable,_Z,Not Applicable,2017,0.1,FAO_CAHD,Cost and Affordability of a Healthy Diet (CoAHD),6,Millions,COUNT,Count (Integer),602,CCYY,A,Normal value,PU,Public
datastructure,WB.DATA360:DS_DATA360(1.2),I,A,Annual,MNE,Montenegro,FAO_CAHD_7006,Number of people unable to afford a healthy diet (million),_T,Total,_T,All age ranges or no breakdown by age,_T,Total,PS,Persons,_Z,Not Applicable,_Z,Not Applicable,_Z,Not Applicable,2018,0.1,FAO_CAHD,Cost and Affordability of a Healthy Diet (CoAHD),6,Millions,COUNT,Count (Integer),602,CCYY,A,Normal value,PU,Public
datastructure,WB.DATA360:DS_DATA360(1.2),I,A,Annual,MNE,Montenegro,FAO_CAHD_7006,Number of people unable to afford a healthy diet (million),_T,Total,_T,All age ranges or no breakdown by age,_T,Total,PS,Persons,_Z,Not Applicable,_Z,Not Applicable,_Z,Not Applicable,2019,0.1,FAO_CAHD,Cost and Affordability of a Healthy Diet (CoAHD),6,Millions,COUNT,Count (Integer),602,CCYY,A,Normal value,PU,Public
datastructure,WB.DATA360:DS_DATA360(1.2),I,A,Annual,MNE,Montenegro,FAO_CAHD_7006,Number of people unable to afford a healthy diet (million),_T,Total,_T,All age ranges or no breakdown by age,_T,Total,PS,Persons,_Z,Not Applicable,_Z,Not Applicable,_Z,Not Applicable,2020,0.1,FAO_CAHD,Cost and Affordability of a Healthy Diet (CoAHD),6,Millions,COUNT,Count (Integer),602,CCYY,A,Normal value,PU,Public
datastructure,WB.DATA360:DS_DATA360(1.2),I,A,Annual,MNE,Montenegro,FAO_CAHD_7006,Number of people unable to afford a healthy diet (million),_T,Total,_T,All age ranges or no breakdown by age,_T,Total,PS,Persons,_Z,Not Applicable,_Z,Not Applicable,_Z,Not Applicable,2021,0.1,FAO_CAHD,Cost and Affordability of a Healthy Diet (CoAHD),6,Millions,COUNT,Count (Integer),602,CCYY,A,Normal value,PU,Public
datastructure,WB.DATA360:DS_DATA360(1.2),I,A,Annual,MNE,Montenegro,FAO_CAHD_7006,Number of people unable to afford a healthy diet (million),_T,Total,_T,All age ranges or no breakdown by age,_T,Total,PS,Persons,_Z,Not Applicable,_Z,Not Applicable,_Z,Not Applicable,2022,0.1,FAO_CAHD,Cost and Affordability of a Healthy Diet (CoAHD),6,Millions,COUNT,Count (Integer),602,CCYY,A,Normal value,PU,Public
datastructure,WB.DATA360:DS_DATA360(1.2),I,A,Annual,MNE,Montenegro,FAO_CAHD_7006,Number of people unable to afford a healthy diet (million),_T,Total,_T,All age ranges or no breakdown by age,_T,Total,PS,Persons,_Z,Not Applicable,_Z,Not Applicable,_Z,Not Applicable,2024,0.1,FAO_CAHD,Cost and Affordability of a Healthy Diet (CoAHD),6,Millions,COUNT,Count (Integer),602,CCYY,A,Normal value,PU,Public
datastructure,WB.DATA360:DS_DATA360(1.2),I,A,Annual,MNE,Montenegro,FAO_CAHD_7006,Number of people unable to afford a healthy diet (million),_T,Total,_T,All age ranges or no breakdown by age,_T,Total,PS,Persons,_Z,Not Applicable,_Z,Not Applicable,_Z,Not Applicable,2025,0.0,FAO_CAHD,Cost and Affordability of a Healthy Diet (CoAHD),6,Millions,COUNT,Count (Integer),602,CCYY,A,Normal value,PU,Public
datastructure,WB.DATA360:DS_DATA360(1.2),I,A,Annual,MOZ,Mozambique,FAO_CAHD_7006,Number of people unable to afford a healthy diet (million),_T,Total,_T,All age ranges or no breakdown by age,_T,Total,PS,Persons,_Z,Not Applicable,_Z,Not Applicable,_Z,Not Applicable,2017,24.2,FAO_CAHD,Cost and Affordability of a Healthy Diet (CoAHD),6,Millions,COUNT,Count (Integer),602,CCYY,A,Normal value,PU,Public
datastructure,WB.DATA360:DS_DATA360(1.2),I,A,Annual,MOZ,Mozambique,FAO_CAHD_7006,Number of people unable to afford a healthy diet (million),_T,Total,_T,All age ranges or no breakdown by age,_T,Total,PS,Persons,_Z,Not Applicable,_Z,Not Applicable,_Z,Not Applicable,2019,26.1,FAO_CAHD,Cost and Affordability of a Healthy Diet (CoAHD),6,Millions,COUNT,Count (Integer),602,CCYY,A,Normal value,PU,Public
datastructure,WB.DATA360:DS_DATA360(1.2),I,A,Annual,MOZ,Mozambique,FAO_CAHD_7006,Number of people unable to afford a healthy diet (million),_T,Total,_T,All age ranges or no breakdown by age,_T,Total,PS,Persons,_Z,Not Applicable,_Z,Not Applicable,_Z,Not Applicable,2020,27.4,FAO_CAHD,Cost and Affordability of a Healthy Diet (CoAHD),6,Millions,COUNT,Count (Integer),602,CCYY,A,Normal value,PU,Public
datastructure,WB.DATA360:DS_DATA360(1.2),I,A,Annual,NAM,Namibia,FAO_CAHD_7006,Number of people unable to afford a healthy diet (million),_T,Total,_T,All age ranges or no breakdown by age,_T,Total,PS,Persons,_Z,Not Applicable,_Z,Not Applicable,_Z,Not Applicable,2025,1.5,FAO_CAHD,Cost and Affordability of a Healthy Diet (CoAHD),6,Millions,COUNT,Count (Integer),602,CCYY,A,Normal value,PU,Public
datastructure,WB.DATA360:DS_DATA360(1.2),I,A,Annual,NAM,Namibia,FAO_CAHD_7006,Number of people unable to afford a healthy diet (million),_T,Total,_T,All age ranges or no breakdown by age,_T,Total,PS,Persons,_Z,Not Applicable,_Z,Not Applicable,_Z,Not Applicable,2024,1.4,FAO_CAHD,Cost and Affordability of a Healthy Diet (CoAHD),6,Millions,COUNT,Count (Integer),602,CCYY,A,Normal value,PU,Public
datastructure,WB.DATA360:DS_DATA360(1.2),I,A,Annual,NAM,Namibia,FAO_CAHD_7006,Number of people unable to afford a healthy diet (million),_T,Total,_T,All age ranges or no breakdown by age,_T,Total,PS,Persons,_Z,Not Applicable,_Z,Not Applicable,_Z,Not Applicable,2023,1.4,FAO_CAHD,Cost and Affordability of a Healthy Diet (CoAHD),6,Millions,COUNT,Count (Integer),602,CCYY,A,Normal value,PU,Public
datastructure,WB.DATA360:DS_DATA360(1.2),I,A,Annual,NAM,Namibia,FAO_CAHD_7006,Number of people unable to afford a healthy diet (million),_T,Total,_T,All age ranges or no breakdown by age,_T,Total,PS,Persons,_Z,Not Applicable,_Z,Not Applicable,_Z,Not Applicable,2022,1.4,FAO_CAHD,Cost and Affordability of a Healthy Diet (CoAHD),6,Millions,COUNT,Count (Integer),602,CCYY,A,Normal value,PU,Public
datastructure,WB.DATA360:DS_DATA360(1.2),I,A,Annual,NAM,Namibia,FAO_CAHD_7006,Number of people unable to afford a healthy diet (million),_T,Total,_T,All age ranges or no breakdown by age,_T,Total,PS,Persons,_Z,Not Applicable,_Z,Not Applicable,_Z,Not Applicable,2021,1.4,FAO_CAHD,Cost and Affordability of a Healthy Diet (CoAHD),6,Millions,COUNT,Count (Integer),602,CCYY,A,Normal value,PU,Public
datastructure,WB.DATA360:DS_DATA360(1.2),I,A,Annual,NAM,Namibia,FAO_CAHD_7006,Number of people unable to afford a healthy diet (million),_T,Total,_T,All age ranges or no breakdown by age,_T,Total,PS,Persons,_Z,Not Applicable,_Z,Not Applicable,_Z,Not Applicable,2017,1.1,FAO_CAHD,Cost and Affordability of a Healthy Diet (CoAHD),6,Millions,COUNT,Count (Integer),602,CCYY,A,Normal value,PU,Public
datastructure,WB.DATA360:DS_DATA360(1.2),I,A,Annual,NAM,Namibia,FAO_CAHD_7006,Number of people unable to afford a healthy diet (million),_T,Total,_T,All age ranges or no breakdown by age,_T,Total,PS,Persons,_Z,Not Applicable,_Z,Not Applicable,_Z,Not Applicable,2018,1.2,FAO_CAHD,Cost and Affordability of a Healthy Diet (CoAHD),6,Millions,COUNT,Count (Integer),602,CCYY,A,Normal value,PU,Public
datastructure,WB.DATA360:DS_DATA360(1.2),I,A,Annual,NAM,Namibia,FAO_CAHD_7006,Number of people unable to afford a healthy diet (million),_T,Total,_T,All age ranges or no breakdown by age,_T,Total,PS,Persons,_Z,Not Applicable,_Z,Not Applicable,_Z,Not Applicable,2019,1.2,FAO_CAHD,Cost and Affordability of a Healthy Diet (CoAHD),6,Millions,COUNT,Count (Integer),602,CCYY,A,Normal value,PU,Public
datastructure,WB.DATA360:DS_DATA360(1.2),I,A,Annual,NAM,Namibia,FAO_CAHD_7006,Number of people unable to afford a healthy diet (million),_T,Total,_T,All age ranges or no breakdown by age,_T,Total,PS,Persons,_Z,Not Applicable,_Z,Not Applicable,_Z,Not Applicable,2020,1.4,FAO_CAHD,Cost and Affordability of a Healthy Diet (CoAHD),6,Millions,COUNT,Count (Integer),602,CCYY,A,Normal value,PU,Public
datastructure,WB.DATA360:DS_DATA360(1.2),I,A,Annual,NPL,Nepal,FAO_CAHD_7006,Number of people unable to afford a healthy diet (million),_T,Total,_T,All age ranges or no breakdown by age,_T,Total,PS,Persons,_Z,Not Applicable,_Z,Not Applicable,_Z,Not Applicable,2025,5.3,FAO_CAHD,Cost and Affordability of a Healthy Diet (CoAHD),6,Millions,COUNT,Count (Integer),602,CCYY,A,Normal value,PU,Public
datastructure,WB.DATA360:DS_DATA360(1.2),I,A,Annual,NPL,Nepal,FAO_CAHD_7006,Number of people unable to afford a healthy diet (million),_T,Total,_T,All age ranges or no breakdown by age,_T,Total,PS,Persons,_Z,Not Applicable,_Z,Not Applicable,_Z,Not Applicable,2018,8.1,FAO_CAHD,Cost and Affordability of a Healthy Diet (CoAHD),6,Millions,COUNT,Count (Integer),602,CCYY,A,Normal value,PU,Public
datastructure,WB.DATA360:DS_DATA360(1.2),I,A,Annual,NPL,Nepal,FAO_CAHD_7006,Number of people unable to afford a healthy diet (million),_T,Total,_T,All age ranges or no breakdown by age,_T,Total,PS,Persons,_Z,Not Applicable,_Z,Not Applicable,_Z,Not Applicable,2019,7.9,FAO_CAHD,Cost and Affordability of a Healthy Diet (CoAHD),6,Millions,COUNT,Count (Integer),602,CCYY,A,Normal value,PU,Public
datastructure,WB.DATA360:DS_DATA360(1.2),I,A,Annual,NPL,Nepal,FAO_CAHD_7006,Number of people unable to afford a healthy diet (million),_T,Total,_T,All age ranges or no breakdown by age,_T,Total,PS,Persons,_Z,Not Applicable,_Z,Not Applicable,_Z,Not Applicable,2020,8.5,FAO_CAHD,Cost and Affordability of a Healthy Diet (CoAHD),6,Millions,COUNT,Count (Integer),602,CCYY,A,Normal value,PU,Public
datastructure,WB.DATA360:DS_DATA360(1.2),I,A,Annual,NPL,Nepal,FAO_CAHD_7006,Number of people unable to afford a healthy diet (million),_T,Total,_T,All age ranges or no breakdown by age,_T,Total,PS,Persons,_Z,Not Applicable,_Z,Not Applicable,_Z,Not Applicable,2021,7.7,FAO_CAHD,Cost and Affordability of a Healthy Diet (CoAHD),6,Millions,COUNT,Count (Integer),602,CCYY,A,Normal value,PU,Public
datastructure,WB.DATA360:DS_DATA360(1.2),I,A,Annual,NPL,Nepal,FAO_CAHD_7006,Number of people unable to afford a healthy diet (million),_T,Total,_T,All age ranges or no breakdown by age,_T,Total,PS,Persons,_Z,Not Applicable,_Z,Not Applicable,_Z,Not Applicable,2022,6.8,FAO_CAHD,Cost and Affordability of a Healthy Diet (CoAHD),6,Millions,COUNT,Count (Integer),602,CCYY,A,Normal value,PU,Public
datastructure,WB.DATA360:DS_DATA360(1.2),I,A,Annual,NPL,Nepal,FAO_CAHD_7006,Number of people unable to afford a healthy diet (million),_T,Total,_T,All age ranges or no breakdown by age,_T,Total,PS,Persons,_Z,Not Applicable,_Z,Not Applicable,_Z,Not Applicable,2023,6.1,FAO_CAHD,Cost and Affordability of a Healthy Diet (CoAHD),6,Millions,COUNT,Count (Integer),602,CCYY,A,Normal value,PU,Public
datastructure,WB.DATA360:DS_DATA360(1.2),I,A,Annual,NPL,Nepal,FAO_CAHD_7006,Number of people unable to afford a healthy diet (million),_T,Total,_T,All age ranges or no breakdown by age,_T,Total,PS,Persons,_Z,Not Applicable,_Z,Not Applicable,_Z,Not Applicable,2024,5.9,FAO_CAHD,Cost and Affordability of a Healthy Diet (CoAHD),6,Millions,COUNT,Count (Integer),602,CCYY,A,Normal value,PU,Public
datastructure,WB.DATA360:DS_DATA360(1.2),I,A,Annual,NPL,Nepal,FAO_CAHD_7006,Number of people unable to afford a healthy diet (million),_T,Total,_T,All age ranges or no breakdown by age,_T,Total,PS,Persons,_Z,Not Applicable,_Z,Not Applicable,_Z,Not Applicable,2017,9.7,FAO_CAHD,Cost and Affordability of a Healthy Diet (CoAHD),6,Millions,COUNT,Count (Integer),602,CCYY,A,Normal value,PU,Public
datastructure,WB.DATA360:DS_DATA360(1.2),I,A,Annual,MOZ,Mozambique,FAO_CAHD_7006,Number of people unable to afford a healthy diet (million),_T,Total,_T,All age ranges or no breakdown by age,_T,Total,PS,Persons,_Z,Not Applicable,_Z,Not Applicable,_Z,Not Applicable,2021,28.4,FAO_CAHD,Cost and Affordability of a Healthy Diet (CoAHD),6,Millions,COUNT,Count (Integer),602,CCYY,A,Normal value,PU,Public
datastructure,WB.DATA360:DS_DATA360(1.2),I,A,Annual,MOZ,Mozambique,FAO_CAHD_7006,Number of people unable to afford a healthy diet (million),_T,Total,_T,All age ranges or no breakdown by age,_T,Total,PS,Persons,_Z,Not Applicable,_Z,Not Applicable,_Z,Not Applicable,2022,29.4,FAO_CAHD,Cost and Affordability of a Healthy Diet (CoAHD),6,Millions,COUNT,Count (Integer),602,CCYY,A,Normal value,PU,Public
datastructure,WB.DATA360:DS_DATA360(1.2),I,A,Annual,MOZ,Mozambique,FAO_CAHD_7006,Number of people unable to afford a healthy diet (million),_T,Total,_T,All age ranges or no breakdown by age,_T,Total,PS,Persons,_Z,Not Applicable,_Z,Not Applicable,_Z,Not Applicable,2023,30.2,FAO_CAHD,Cost and Affordability of a Healthy Diet (CoAHD),6,Millions,COUNT,Count (Integer),602,CCYY,A,Normal value,PU,Public
datastructure,WB.DATA360:DS_DATA360(1.2),I,A,Annual,MOZ,Mozambique,FAO_CAHD_7006,Number of people unable to afford a healthy diet (million),_T,Total,_T,All age ranges or no breakdown by age,_T,Total,PS,Persons,_Z,Not Applicable,_Z,Not Applicable,_Z,Not Applicable,2024,31.4,FAO_CAHD,Cost and Affordability of a Healthy Diet (CoAHD),6,Millions,COUNT,Count (Integer),602,CCYY,A,Normal value,PU,Public
datastructure,WB.DATA360:DS_DATA360(1.2),I,A,Annual,MOZ,Mozambique,FAO_CAHD_7006,Number of people unable to afford a healthy diet (million),_T,Total,_T,All age ranges or no breakdown by age,_T,Total,PS,Persons,_Z,Not Applicable,_Z,Not Applicable,_Z,Not Applicable,2025,32.5,FAO_CAHD,Cost and Affordability of a Healthy Diet (CoAHD),6,Millions,COUNT,Count (Integer),602,CCYY,A,Normal value,PU,Public
datastructure,WB.DATA360:DS_DATA360(1.2),I,A,Annual,NOR,Norway,FAO_CAHD_7006,Number of people unable to afford a healthy diet (million),_T,Total,_T,All age ranges or no breakdown by age,_T,Total,PS,Persons,_Z,Not Applicable,_Z,Not Applicable,_Z,Not Applicable,2021,0.1,FAO_CAHD,Cost and Affordability of a Healthy Diet (CoAHD),6,Millions,COUNT,Count (Integer),602,CCYY,A,Normal value,PU,Public
datastructure,WB.DATA360:DS_DATA360(1.2),I,A,Annual,NOR,Norway,FAO_CAHD_7006,Number of people unable to afford a healthy diet (million),_T,Total,_T,All age ranges or no breakdown by age,_T,Total,PS,Persons,_Z,Not Applicable,_Z,Not Applicable,_Z,Not Applicable,2023,0.1,FAO_CAHD,Cost and Affordability of a Healthy Diet (CoAHD),6,Millions,COUNT,Count (Integer),602,CCYY,A,Normal value,PU,Public
datastructure,WB.DATA360:DS_DATA360(1.2),I,A,Annual,PRT,Portugal,FAO_CAHD_7006,Number of people unable to afford a healthy diet (million),_T,Total,_T,All age ranges or no breakdown by age,_T,Total,PS,Persons,_Z,Not Applicable,_Z,Not Applicable,_Z,Not Applicable,2017,2.3,FAO_CAHD,Cost and Affordability of a Healthy Diet (CoAHD),6,Millions,COUNT,Count (Integer),602,CCYY,A,Normal value,PU,Public
datastructure,WB.DATA360:DS_DATA360(1.2),I,A,Annual,PRT,Portugal,FAO_CAHD_7006,Number of people unable to afford a healthy diet (million),_T,Total,_T,All age ranges or no breakdown by age,_T,Total,PS,Persons,_Z,Not Applicable,_Z,Not Applicable,_Z,Not Applicable,2018,2.0,FAO_CAHD,Cost and Affordability of a Healthy Diet (CoAHD),6,Millions,COUNT,Count (Integer),602,CCYY,A,Normal value,PU,Public
datastructure,WB.DATA360:DS_DATA360(1.2),I,A,Annual,PRT,Portugal,FAO_CAHD_7006,Number of people unable to afford a healthy diet (million),_T,Total,_T,All age ranges or no breakdown by age,_T,Total,PS,Persons,_Z,Not Applicable,_Z,Not Applicable,_Z,Not Applicable,2019,1.6,FAO_CAHD,Cost and Affordability of a Healthy Diet (CoAHD),6,Millions,COUNT,Count (Integer),602,CCYY,A,Normal value,PU,Public
datastructure,WB.DATA360:DS_DATA360(1.2),I,A,Annual,PRT,Portugal,FAO_CAHD_7006,Number of people unable to afford a healthy diet (million),_T,Total,_T,All age ranges or no breakdown by age,_T,Total,PS,Persons,_Z,Not Applicable,_Z,Not Applicable,_Z,Not Applicable,2020,1.7,FAO_CAHD,Cost and Affordability of a Healthy Diet (CoAHD),6,Millions,COUNT,Count (Integer),602,CCYY,A,Normal value,PU,Public
datastructure,WB.DATA360:DS_DATA360(1.2),I,A,Annual,PRT,Portugal,FAO_CAHD_7006,Number of people unable to afford a healthy diet (million),_T,Total,_T,All age ranges or no breakdown by age,_T,Total,PS,Persons,_Z,Not Applicable,_Z,Not Applicable,_Z,Not Applicable,2021,1.6,FAO_CAHD,Cost and Affordability of a Healthy Diet (CoAHD),6,Millions,COUNT,Count (Integer),602,CCYY,A,Normal value,PU,Public
datastructure,WB.DATA360:DS_DATA360(1.2),I,A,Annual,PRT,Portugal,FAO_CAHD_7006,Number of people unable to afford a healthy diet (million),_T,Total,_T,All age ranges or no breakdown by age,_T,Total,PS,Persons,_Z,Not Applicable,_Z,Not Applicable,_Z,Not Applicable,2022,1.8,FAO_CAHD,Cost and Affordability of a Healthy Diet (CoAHD),6,Millions,COUNT,Count (Integer),602,CCYY,A,Normal value,PU,Public
datastructure,WB.DATA360:DS_DATA360(1.2),I,A,Annual,PRT,Portugal,FAO_CAHD_7006,Number of people unable to afford a healthy diet (million),_T,Total,_T,All age ranges or no breakdown by age,_T,Total,PS,Persons,_Z,Not Applicable,_Z,Not Applicable,_Z,Not Applicable,2023,1.6,FAO_CAHD,Cost and Affordability of a Healthy Diet (CoAHD),6,Millions,COUNT,Count (Integer),602,CCYY,A,Normal value,PU,Public
datastructure,WB.DATA360:DS_DATA360(1.2),I,A,Annual,PRT,Portugal,FAO_CAHD_7006,Number of people unable to afford a healthy diet (million),_T,Total,_T,All age ranges or no breakdown by age,_T,Total,PS,Persons,_Z,Not Applicable,_Z,Not Applicable,_Z,Not Applicable,2024,1.5,FAO_CAHD,Cost and Affordability of a Healthy Diet (CoAHD),6,Millions,COUNT,Count (Integer),602,CCYY,A,Normal value,PU,Public
datastructure,WB.DATA360:DS_DATA360(1.2),I,A,Annual,PRT,Portugal,FAO_CAHD_7006,Number of people unable to afford a healthy diet (million),_T,Total,_T,All age ranges or no breakdown by age,_T,Total,PS,Persons,_Z,Not Applicable,_Z,Not Applicable,_Z,Not Applicable,2025,1.5,FAO_CAHD,Cost and Affordability of a Healthy Diet (CoAHD),6,Millions,COUNT,Count (Integer),602,CCYY,A,Normal value,PU,Public
datastructure,WB.DATA360:DS_DATA360(1.2),I,A,Annual,QAT,Qatar,FAO_CAHD_7006,Number of people unable to afford a healthy diet (million),_T,Total,_T,All age ranges or no breakdown by age,_T,Total,PS,Persons,_Z,Not Applicable,_Z,Not Applicable,_Z,Not Applicable,2017,0.5,FAO_CAHD,Cost and Affordability of a Healthy Diet (CoAHD),6,Millions,COUNT,Count (Integer),602,CCYY,A,Normal value,PU,Public
datastructure,WB.DATA360:DS_DATA360(1.2),I,A,Annual,QAT,Qatar,FAO_CAHD_7006,Number of people unable to afford a healthy diet (million),_T,Total,_T,All age ranges or no breakdown by age,_T,Total,PS,Persons,_Z,Not Applicable,_Z,Not Applicable,_Z,Not Applicable,2018,0.5,FAO_CAHD,Cost and Affordability of a Healthy Diet (CoAHD),6,Millions,COUNT,Count (Integer),602,CCYY,A,Normal value,PU,Public
datastructure,WB.DATA360:DS_DATA360(1.2),I,A,Annual,QAT,Qatar,FAO_CAHD_7006,Number of people unable to afford a healthy diet (million),_T,Total,_T,All age ranges or no breakdown by age,_T,Total,PS,Persons,_Z,Not Applicable,_Z,Not Applicable,_Z,Not Applicable,2019,0.6,FAO_CAHD,Cost and Affordability of a Healthy Diet (CoAHD),6,Millions,COUNT,Count (Integer),602,CCYY,A,Normal value,PU,Public
datastructure,WB.DATA360:DS_DATA360(1.2),I,A,Annual,QAT,Qatar,FAO_CAHD_7006,Number of people unable to afford a healthy diet (million),_T,Total,_T,All age ranges or no breakdown by age,_T,Total,PS,Persons,_Z,Not Applicable,_Z,Not Applicable,_Z,Not Applicable,2020,1.0,FAO_CAHD,Cost and Affordability of a Healthy Diet (CoAHD),6,Millions,COUNT,Count (Integer),602,CCYY,A,Normal value,PU,Public
datastructure,WB.DATA360:DS_DATA360(1.2),I,A,Annual,QAT,Qatar,FAO_CAHD_7006,Number of people unable to afford a healthy diet (million),_T,Total,_T,All age ranges or no breakdown by age,_T,Total,PS,Persons,_Z,Not Applicable,_Z,Not Applicable,_Z,Not Applicable,2021,0.5,FAO_CAHD,Cost and Affordability of a Healthy Diet (CoAHD),6,Millions,COUNT,Count (Integer),602,CCYY,A,Normal value,PU,Public
datastructure,WB.DATA360:DS_DATA360(1.2),I,A,Annual,QAT,Qatar,FAO_CAHD_7006,Number of people unable to afford a healthy diet (million),_T,Total,_T,All age ranges or no breakdown by age,_T,Total,PS,Persons,_Z,Not Applicable,_Z,Not Applicable,_Z,Not Applicable,2022,0.6,FAO_CAHD,Cost and Affordability of a Healthy Diet (CoAHD),6,Millions,COUNT,Count (Integer),602,CCYY,A,Normal value,PU,Public
datastructure,WB.DATA360:DS_DATA360(1.2),I,A,Annual,QAT,Qatar,FAO_CAHD_7006,Number of people unable to afford a healthy diet (million),_T,Total,_T,All age ranges or no breakdown by age,_T,Total,PS,Persons,_Z,Not Applicable,_Z,Not Applicable,_Z,Not Applicable,2023,0.5,FAO_CAHD,Cost and Affordability of a Healthy Diet (CoAHD),6,Millions,COUNT,Count (Integer),602,CCYY,A,Normal value,PU,Public
datastructure,WB.DATA360:DS_DATA360(1.2),I,A,Annual,QAT,Qatar,FAO_CAHD_7006,Number of people unable to afford a healthy diet (million),_T,Total,_T,All age ranges or no breakdown by age,_T,Total,PS,Persons,_Z,Not Applicable,_Z,Not Applicable,_Z,Not Applicable,2024,0.7,FAO_CAHD,Cost and Affordability of a Healthy Diet (CoAHD),6,Millions,COUNT,Count (Integer),602,CCYY,A,Normal value,PU,Public
datastructure,WB.DATA360:DS_DATA360(1.2),I,A,Annual,NOR,Norway,FAO_CAHD_7006,Number of people unable to afford a healthy diet (million),_T,Total,_T,All age ranges or no breakdown by age,_T,Total,PS,Persons,_Z,Not Applicable,_Z,Not Applicable,_Z,Not Applicable,2024,0.1,FAO_CAHD,Cost and Affordability of a Healthy Diet (CoAHD),6,Millions,COUNT,Count (Integer),602,CCYY,A,Normal value,PU,Public
datastructure,WB.DATA360:DS_DATA360(1.2),I,A,Annual,PHL,Philippines,FAO_CAHD_7006,Number of people unable to afford a healthy diet (million),_T,Total,_T,All age ranges or no breakdown by age,_T,Total,PS,Persons,_Z,Not Applicable,_Z,Not Applicable,_Z,Not Applicable,2018,52.9,FAO_CAHD,Cost and Affordability of a Healthy Diet (CoAHD),6,Millions,COUNT,Count (Integer),602,CCYY,A,Normal value,PU,Public
datastructure,WB.DATA360:DS_DATA360(1.2),I,A,Annual,PHL,Philippines,FAO_CAHD_7006,Number of people unable to afford a healthy diet (million),_T,Total,_T,All age ranges or no breakdown by age,_T,Total,PS,Persons,_Z,Not Applicable,_Z,Not Applicable,_Z,Not Applicable,2017,53.5,FAO_CAHD,Cost and Affordability of a Healthy Diet (CoAHD),6,Millions,COUNT,Count (Integer),602,CCYY,A,Normal value,PU,Public
datastructure,WB.DATA360:DS_DATA360(1.2),I,A,Annual,PHL,Philippines,FAO_CAHD_7006,Number of people unable to afford a healthy diet (million),_T,Total,_T,All age ranges or no breakdown by age,_T,Total,PS,Persons,_Z,Not Applicable,_Z,Not Applicable,_Z,Not Applicable,2019,52.3,FAO_CAHD,Cost and Affordability of a Healthy Diet (CoAHD),6,Millions,COUNT,Count (Integer),602,CCYY,A,Normal value,PU,Public
datastructure,WB.DATA360:DS_DATA360(1.2),I,A,Annual,PHL,Philippines,FAO_CAHD_7006,Number of people unable to afford a healthy diet (million),_T,Total,_T,All age ranges or no breakdown by age,_T,Total,PS,Persons,_Z,Not Applicable,_Z,Not Applicable,_Z,Not Applicable,2020,59.7,FAO_CAHD,Cost and Affordability of a Healthy Diet (CoAHD),6,Millions,COUNT,Count (Integer),602,CCYY,A,Normal value,PU,Public
datastructure,WB.DATA360:DS_DATA360(1.2),I,A,Annual,PHL,Philippines,FAO_CAHD_7006,Number of people unable to afford a healthy diet (million),_T,Total,_T,All age ranges or no breakdown by age,_T,Total,PS,Persons,_Z,Not Applicable,_Z,Not Applicable,_Z,Not Applicable,2021,59.8,FAO_CAHD,Cost and Affordability of a Healthy Diet (CoAHD),6,Millions,COUNT,Count (Integer),602,CCYY,A,Normal value,PU,Public
datastructure,WB.DATA360:DS_DATA360(1.2),I,A,Annual,PHL,Philippines,FAO_CAHD_7006,Number of people unable to afford a healthy diet (million),_T,Total,_T,All age ranges or no breakdown by age,_T,Total,PS,Persons,_Z,Not Applicable,_Z,Not Applicable,_Z,Not Applicable,2022,57.2,FAO_CAHD,Cost and Affordability of a Healthy Diet (CoAHD),6,Millions,COUNT,Count (Integer),602,CCYY,A,Normal value,PU,Public
datastructure,WB.DATA360:DS_DATA360(1.2),I,A,Annual,PHL,Philippines,FAO_CAHD_7006,Number of people unable to afford a healthy diet (million),_T,Total,_T,All age ranges or no breakdown by age,_T,Total,PS,Persons,_Z,Not Applicable,_Z,Not Applicable,_Z,Not Applicable,2023,56.4,FAO_CAHD,Cost and Affordability of a Healthy Diet (CoAHD),6,Millions,COUNT,Count (Integer),602,CCYY,A,Normal value,PU,Public
datastructure,WB.DATA360:DS_DATA360(1.2),I,A,Annual,PHL,Philippines,FAO_CAHD_7006,Number of people unable to afford a healthy diet (million),_T,Total,_T,All age ranges or no breakdown by age,_T,Total,PS,Persons,_Z,Not Applicable,_Z,Not Applicable,_Z,Not Applicable,2024,54.9,FAO_CAHD,Cost and Affordability of a Healthy Diet (CoAHD),6,Millions,COUNT,Count (Integer),602,CCYY,A,Normal value,PU,Public
datastructure,WB.DATA360:DS_DATA360(1.2),I,A,Annual,PHL,Philippines,FAO_CAHD_7006,Number of people unable to afford a healthy diet (million),_T,Total,_T,All age ranges or no breakdown by age,_T,Total,PS,Persons,_Z,Not Applicable,_Z,Not Applicable,_Z,Not Applicable,2025,52.6,FAO_CAHD,Cost and Affordability of a Healthy Diet (CoAHD),6,Millions,COUNT,Count (Integer),602,CCYY,A,Normal value,PU,Public
datastructure,WB.DATA360:DS_DATA360(1.2),I,A,Annual,POL,Poland,FAO_CAHD_7006,Number of people unable to afford a healthy diet (million),_T,Total,_T,All age ranges or no breakdown by age,_T,Total,PS,Persons,_Z,Not Applicable,_Z,Not Applicable,_Z,Not Applicable,2024,3.0,FAO_CAHD,Cost and Affordability of a Healthy Diet (CoAHD),6,Millions,COUNT,Count (Integer),602,CCYY,A,Normal value,PU,Public
datastructure,WB.DATA360:DS_DATA360(1.2),I,A,Annual,POL,Poland,FAO_CAHD_7006,Number of people unable to afford a healthy diet (million),_T,Total,_T,All age ranges or no breakdown by age,_T,Total,PS,Persons,_Z,Not Applicable,_Z,Not Applicable,_Z,Not Applicable,2025,2.8,FAO_CAHD,Cost and Affordability of a Healthy Diet (CoAHD),6,Millions,COUNT,Count (Integer),602,CCYY,A,Normal value,PU,Public
datastructure,WB.DATA360:DS_DATA360(1.2),I,A,Annual,POL,Poland,FAO_CAHD_7006,Number of people unable to afford a healthy diet (million),_T,Total,_T,All age ranges or no breakdown by age,_T,Total,PS,Persons,_Z,Not Applicable,_Z,Not Applicable,_Z,Not Applicable,2022,3.4,FAO_CAHD,Cost and Affordability of a Healthy Diet (CoAHD),6,Millions,COUNT,Count (Integer),602,CCYY,A,Normal value,PU,Public
datastructure,WB.DATA360:DS_DATA360(1.2),I,A,Annual,POL,Poland,FAO_CAHD_7006,Number of people unable to afford a healthy diet (million),_T,Total,_T,All age ranges or no breakdown by age,_T,Total,PS,Persons,_Z,Not Applicable,_Z,Not Applicable,_Z,Not Applicable,2023,3.4,FAO_CAHD,Cost and Affordability of a Healthy Diet (CoAHD),6,Millions,COUNT,Count (Integer),602,CCYY,A,Normal value,PU,Public
datastructure,WB.DATA360:DS_DATA360(1.2),I,A,Annual,POL,Poland,FAO_CAHD_7006,Number of people unable to afford a healthy diet (million),_T,Total,_T,All age ranges or no breakdown by age,_T,Total,PS,Persons,_Z,Not Applicable,_Z,Not Applicable,_Z,Not Applicable,2021,3.4,FAO_CAHD,Cost and Affordability of a Healthy Diet (CoAHD),6,Millions,COUNT,Count (Integer),602,CCYY,A,Normal value,PU,Public
datastructure,WB.DATA360:DS_DATA360(1.2),I,A,Annual,POL,Poland,FAO_CAHD_7006,Number of people unable to afford a healthy diet (million),_T,Total,_T,All age ranges or no breakdown by age,_T,Total,PS,Persons,_Z,Not Applicable,_Z,Not Applicable,_Z,Not Applicable,2020,4.4,FAO_CAHD,Cost and Affordability of a Healthy Diet (CoAHD),6,Millions,COUNT,Count (Integer),602,CCYY,A,Normal value,PU,Public
datastructure,WB.DATA360:DS_DATA360(1.2),I,A,Annual,POL,Poland,FAO_CAHD_7006,Number of people unable to afford a healthy diet (million),_T,Total,_T,All age ranges or no breakdown by age,_T,Total,PS,Persons,_Z,Not Applicable,_Z,Not Applicable,_Z,Not Applicable,2017,7.6,FAO_CAHD,Cost and Affordability of a Healthy Diet (CoAHD),6,Millions,COUNT,Count (Integer),602,CCYY,A,Normal value,PU,Public
datastructure,WB.DATA360:DS_DATA360(1.2),I,A,Annual,POL,Poland,FAO_CAHD_7006,Number of people unable to afford a healthy diet (million),_T,Total,_T,All age ranges or no breakdown by age,_T,Total,PS,Persons,_Z,Not Applicable,_Z,Not Applicable,_Z,Not Applicable,2018,6.7,FAO_CAHD,Cost and Affordability of a Healthy Diet (CoAHD),6,Millions,COUNT,Count (Integer),602,CCYY,A,Normal value,PU,Public
datastructure,WB.DATA360:DS_DATA360(1.2),I,A,Annual,POL,Poland,FAO_CAHD_7006,Number of people unable to afford a healthy diet (million),_T,Total,_T,All age ranges or no breakdown by age,_T,Total,PS,Persons,_Z,Not Applicable,_Z,Not Applicable,_Z,Not Applicable,2019,4.7,FAO_CAHD,Cost and Affordability of a Healthy Diet (CoAHD),6,Millions,COUNT,Count (Integer),602,CCYY,A,Normal value,PU,Public
datastructure,WB.DATA360:DS_DATA360(1.2),I,A,Annual,QAT,Qatar,FAO_CAHD_7006,Number of people unable to afford a healthy diet (million),_T,Total,_T,All age ranges or no breakdown by age,_T,Total,PS,Persons,_Z,Not Applicable,_Z,Not Applicable,_Z,Not Applicable,2025,0.7,FAO_CAHD,Cost and Affordability of a Healthy Diet (CoAHD),6,Millions,COUNT,Count (Integer),602,CCYY,A,Normal value,PU,Public
datastructure,WB.DATA360:DS_DATA360(1.2),I,A,Annual,MDA,Moldova,FAO_CAHD_7006,Number of people unable to afford a healthy diet (million),_T,Total,_T,All age ranges or no breakdown by age,_T,Total,PS,Persons,_Z,Not Applicable,_Z,Not Applicable,_Z,Not Applicable,2020,0.3,FAO_CAHD,Cost and Affordability of a Healthy Diet (CoAHD),6,Millions,COUNT,Count (Integer),602,CCYY,A,Normal value,PU,Public
datastructure,WB.DATA360:DS_DATA360(1.2),I,A,Annual,MDA,Moldova,FAO_CAHD_7006,Number of people unable to afford a healthy diet (million),_T,Total,_T,All age ranges or no breakdown by age,_T,Total,PS,Persons,_Z,Not Applicable,_Z,Not Applicable,_Z,Not Applicable,2017,0.4,FAO_CAHD,Cost and Affordability of a Healthy Diet (CoAHD),6,Millions,COUNT,Count (Integer),602,CCYY,A,Normal value,PU,Public
datastructure,WB.DATA360:DS_DATA360(1.2),I,A,Annual,MDA,Moldova,FAO_CAHD_7006,Number of people unable to afford a healthy diet (million),_T,Total,_T,All age ranges or no breakdown by age,_T,Total,PS,Persons,_Z,Not Applicable,_Z,Not Applicable,_Z,Not Applicable,2018,0.3,FAO_CAHD,Cost and Affordability of a Healthy Diet (CoAHD),6,Millions,COUNT,Count (Integer),602,CCYY,A,Normal value,PU,Public
datastructure,WB.DATA360:DS_DATA360(1.2),I,A,Annual,MDA,Moldova,FAO_CAHD_7006,Number of people unable to afford a healthy diet (million),_T,Total,_T,All age ranges or no breakdown by age,_T,Total,PS,Persons,_Z,Not Applicable,_Z,Not Applicable,_Z,Not Applicable,2019,0.3,FAO_CAHD,Cost and Affordability of a Healthy Diet (CoAHD),6,Millions,COUNT,Count (Integer),602,CCYY,A,Normal value,PU,Public
datastructure,WB.DATA360:DS_DATA360(1.2),I,A,Annual,MDA,Moldova,FAO_CAHD_7006,Number of people unable to afford a healthy diet (million),_T,Total,_T,All age ranges or no breakdown by age,_T,Total,PS,Persons,_Z,Not Applicable,_Z,Not Applicable,_Z,Not Applicable,2021,0.3,FAO_CAHD,Cost and Affordability of a Healthy Diet (CoAHD),6,Millions,COUNT,Count (Integer),602,CCYY,A,Normal value,PU,Public
datastructure,WB.DATA360:DS_DATA360(1.2),I,A,Annual,MDA,Moldova,FAO_CAHD_7006,Number of people unable to afford a healthy diet (million),_T,Total,_T,All age ranges or no breakdown by age,_T,Total,PS,Persons,_Z,Not Applicable,_Z,Not Applicable,_Z,Not Applicable,2022,0.4,FAO_CAHD,Cost and Affordability of a Healthy Diet (CoAHD),6,Millions,COUNT,Count (Integer),602,CCYY,A,Normal value,PU,Public
datastructure,WB.DATA360:DS_DATA360(1.2),I,A,Annual,MDA,Moldova,FAO_CAHD_7006,Number of people unable to afford a healthy diet (million),_T,Total,_T,All age ranges or no breakdown by age,_T,Total,PS,Persons,_Z,Not Applicable,_Z,Not Applicable,_Z,Not Applicable,2023,0.5,FAO_CAHD,Cost and Affordability of a Healthy Diet (CoAHD),6,Millions,COUNT,Count (Integer),602,CCYY,A,Normal value,PU,Public
datastructure,WB.DATA360:DS_DATA360(1.2),I,A,Annual,MDA,Moldova,FAO_CAHD_7006,Number of people unable to afford a healthy diet (million),_T,Total,_T,All age ranges or no breakdown by age,_T,Total,PS,Persons,_Z,Not Applicable,_Z,Not Applicable,_Z,Not Applicable,2024,0.4,FAO_CAHD,Cost and Affordability of a Healthy Diet (CoAHD),6,Millions,COUNT,Count (Integer),602,CCYY,A,Normal value,PU,Public
datastructure,WB.DATA360:DS_DATA360(1.2),I,A,Annual,MDA,Moldova,FAO_CAHD_7006,Number of people unable to afford a healthy diet (million),_T,Total,_T,All age ranges or no breakdown by age,_T,Total,PS,Persons,_Z,Not Applicable,_Z,Not Applicable,_Z,Not Applicable,2025,0.3,FAO_CAHD,Cost and Affordability of a Healthy Diet (CoAHD),6,Millions,COUNT,Count (Integer),602,CCYY,A,Normal value,PU,Public
datastructure,WB.DATA360:DS_DATA360(1.2),I,A,Annual,ROU,Romania,FAO_CAHD_7006,Number of people unable to afford a healthy diet (million),_T,Total,_T,All age ranges or no breakdown by age,_T,Total,PS,Persons,_Z,Not Applicable,_Z,Not Applicable,_Z,Not Applicable,2024,3.9,FAO_CAHD,Cost and Affordability of a Healthy Diet (CoAHD),6,Millions,COUNT,Count (Integer),602,CCYY,A,Normal value,PU,Public
datastructure,WB.DATA360:DS_DATA360(1.2),I,A,Annual,ROU,Romania,FAO_CAHD_7006,Number of people unable to afford a healthy diet (million),_T,Total,_T,All age ranges or no breakdown by age,_T,Total,PS,Persons,_Z,Not Applicable,_Z,Not Applicable,_Z,Not Applicable,2025,3.8,FAO_CAHD,Cost and Affordability of a Healthy Diet (CoAHD),6,Millions,COUNT,Count (Integer),602,CCYY,A,Normal value,PU,Public
datastructure,WB.DATA360:DS_DATA360(1.2),I,A,Annual,ROU,Romania,FAO_CAHD_7006,Number of people unable to afford a healthy diet (million),_T,Total,_T,All age ranges or no breakdown by age,_T,Total,PS,Persons,_Z,Not Applicable,_Z,Not Applicable,_Z,Not Applicable,2023,4.3,FAO_CAHD,Cost and Affordability of a Healthy Diet (CoAHD),6,Millions,COUNT,Count (Integer),602,CCYY,A,Normal value,PU,Public
datastructure,WB.DATA360:DS_DATA360(1.2),I,A,Annual,ROU,Romania,FAO_CAHD_7006,Number of people unable to afford a healthy diet (million),_T,Total,_T,All age ranges or no breakdown by age,_T,Total,PS,Persons,_Z,Not Applicable,_Z,Not Applicable,_Z,Not Applicable,2022,5.4,FAO_CAHD,Cost and Affordability of a Healthy Diet (CoAHD),6,Millions,COUNT,Count (Integer),602,CCYY,A,Normal value,PU,Public
datastructure,WB.DATA360:DS_DATA360(1.2),I,A,Annual,ROU,Romania,FAO_CAHD_7006,Number of people unable to afford a healthy diet (million),_T,Total,_T,All age ranges or no breakdown by age,_T,Total,PS,Persons,_Z,Not Applicable,_Z,Not Applicable,_Z,Not Applicable,2017,11.0,FAO_CAHD,Cost and Affordability of a Healthy Diet (CoAHD),6,Millions,COUNT,Count (Integer),602,CCYY,A,Normal value,PU,Public
datastructure,WB.DATA360:DS_DATA360(1.2),I,A,Annual,ROU,Romania,FAO_CAHD_7006,Number of people unable to afford a healthy diet (million),_T,Total,_T,All age ranges or no breakdown by age,_T,Total,PS,Persons,_Z,Not Applicable,_Z,Not Applicable,_Z,Not Applicable,2018,9.8,FAO_CAHD,Cost and Affordability of a Healthy Diet (CoAHD),6,Millions,COUNT,Count (Integer),602,CCYY,A,Normal value,PU,Public
datastructure,WB.DATA360:DS_DATA360(1.2),I,A,Annual,ROU,Romania,FAO_CAHD_7006,Number of people unable to afford a healthy diet (million),_T,Total,_T,All age ranges or no breakdown by age,_T,Total,PS,Persons,_Z,Not Applicable,_Z,Not Applicable,_Z,Not Applicable,2019,8.5,FAO_CAHD,Cost and Affordability of a Healthy Diet (CoAHD),6,Millions,COUNT,Count (Integer),602,CCYY,A,Normal value,PU,Public
datastructure,WB.DATA360:DS_DATA360(1.2),I,A,Annual,ROU,Romania,FAO_CAHD_7006,Number of people unable to afford a healthy diet (million),_T,Total,_T,All age ranges or no breakdown by age,_T,Total,PS,Persons,_Z,Not Applicable,_Z,Not Applicable,_Z,Not Applicable,2020,7.0,FAO_CAHD,Cost and Affordability of a Healthy Diet (CoAHD),6,Millions,COUNT,Count (Integer),602,CCYY,A,Normal value,PU,Public
datastructure,WB.DATA360:DS_DATA360(1.2),I,A,Annual,ROU,Romania,FAO_CAHD_7006,Number of people unable to afford a healthy diet (million),_T,Total,_T,All age ranges or no breakdown by age,_T,Total,PS,Persons,_Z,Not Applicable,_Z,Not Applicable,_Z,Not Applicable,2021,6.0,FAO_CAHD,Cost and Affordability of a Healthy Diet (CoAHD),6,Millions,COUNT,Count (Integer),602,CCYY,A,Normal value,PU,Public
datastructure,WB.DATA360:DS_DATA360(1.2),I,A,Annual,KOR,"Korea, Rep.",FAO_CAHD_7006,Number of people unable to afford a healthy diet (million),_T,Total,_T,All age ranges or no breakdown by age,_T,Total,PS,Persons,_Z,Not Applicable,_Z,Not Applicable,_Z,Not Applicable,2018,5.3,FAO_CAHD,Cost and Affordability of a Healthy Diet (CoAHD),6,Millions,COUNT,Count (Integer),602,CCYY,A,Normal value,PU,Public
datastructure,WB.DATA360:DS_DATA360(1.2),I,A,Annual,KOR,"Korea, Rep.",FAO_CAHD_7006,Number of people unable to afford a healthy diet (million),_T,Total,_T,All age ranges or no breakdown by age,_T,Total,PS,Persons,_Z,Not Applicable,_Z,Not Applicable,_Z,Not Applicable,2017,6.3,FAO_CAHD,Cost and Affordability of a Healthy Diet (CoAHD),6,Millions,COUNT,Count (Integer),602,CCYY,A,Normal value,PU,Public
datastructure,WB.DATA360:DS_DATA360(1.2),I,A,Annual,KOR,"Korea, Rep.",FAO_CAHD_7006,Number of people unable to afford a healthy diet (million),_T,Total,_T,All age ranges or no breakdown by age,_T,Total,PS,Persons,_Z,Not Applicable,_Z,Not Applicable,_Z,Not Applicable,2019,4.3,FAO_CAHD,Cost and Affordability of a Healthy Diet (CoAHD),6,Millions,COUNT,Count (Integer),602,CCYY,A,Normal value,PU,Public
datastructure,WB.DATA360:DS_DATA360(1.2),I,A,Annual,KOR,"Korea, Rep.",FAO_CAHD_7006,Number of people unable to afford a healthy diet (million),_T,Total,_T,All age ranges or no breakdown by age,_T,Total,PS,Persons,_Z,Not Applicable,_Z,Not Applicable,_Z,Not Applicable,2020,3.5,FAO_CAHD,Cost and Affordability of a Healthy Diet (CoAHD),6,Millions,COUNT,Count (Integer),602,CCYY,A,Normal value,PU,Public
datastructure,WB.DATA360:DS_DATA360(1.2),I,A,Annual,KOR,"Korea, Rep.",FAO_CAHD_7006,Number of people unable to afford a healthy diet (million),_T,Total,_T,All age ranges or no breakdown by age,_T,Total,PS,Persons,_Z,Not Applicable,_Z,Not Applicable,_Z,Not Applicable,2021,3.4,FAO_CAHD,Cost and Affordability of a Healthy Diet (CoAHD),6,Millions,COUNT,Count (Integer),602,CCYY,A,Normal value,PU,Public
datastructure,WB.DATA360:DS_DATA360(1.2),I,A,Annual,KOR,"Korea, Rep.",FAO_CAHD_7006,Number of people unable to afford a healthy diet (million),_T,Total,_T,All age ranges or no breakdown by age,_T,Total,PS,Persons,_Z,Not Applicable,_Z,Not Applicable,_Z,Not Applicable,2022,3.0,FAO_CAHD,Cost and Affordability of a Healthy Diet (CoAHD),6,Millions,COUNT,Count (Integer),602,CCYY,A,Normal value,PU,Public
datastructure,WB.DATA360:DS_DATA360(1.2),I,A,Annual,KOR,"Korea, Rep.",FAO_CAHD_7006,Number of people unable to afford a healthy diet (million),_T,Total,_T,All age ranges or no breakdown by age,_T,Total,PS,Persons,_Z,Not Applicable,_Z,Not Applicable,_Z,Not Applicable,2023,2.9,FAO_CAHD,Cost and Affordability of a Healthy Diet (CoAHD),6,Millions,COUNT,Count (Integer),602,CCYY,A,Normal value,PU,Public
datastructure,WB.DATA360:DS_DATA360(1.2),I,A,Annual,KOR,"Korea, Rep.",FAO_CAHD_7006,Number of people unable to afford a healthy diet (million),_T,Total,_T,All age ranges or no breakdown by age,_T,Total,PS,Persons,_Z,Not Applicable,_Z,Not Applicable,_Z,Not Applicable,2024,2.8,FAO_CAHD,Cost and Affordability of a Healthy Diet (CoAHD),6,Millions,COUNT,Count (Integer),602,CCYY,A,Normal value,PU,Public
datastructure,WB.DATA360:DS_DATA360(1.2),I,A,Annual,KOR,"Korea, Rep.",FAO_CAHD_7006,Number of people unable to afford a healthy diet (million),_T,Total,_T,All age ranges or no breakdown by age,_T,Total,PS,Persons,_Z,Not Applicable,_Z,Not Applicable,_Z,Not Applicable,2025,2.8,FAO_CAHD,Cost and Affordability of a Healthy Diet (CoAHD),6,Millions,COUNT,Count (Integer),602,CCYY,A,Normal value,PU,Public
datastructure,WB.DATA360:DS_DATA360(1.2),I,A,Annual,PAK,Pakistan,FAO_CAHD_7006,Number of people unable to afford a healthy diet (million),_T,Total,_T,All age ranges or no breakdown by age,_T,Total,PS,Persons,_Z,Not Applicable,_Z,Not Applicable,_Z,Not Applicable,2017,132.4,FAO_CAHD,Cost and Affordability of a Healthy Diet (CoAHD),6,Millions,COUNT,Count (Integer),602,CCYY,A,Normal value,PU,Public
datastructure,WB.DATA360:DS_DATA360(1.2),I,A,Annual,PAK,Pakistan,FAO_CAHD_7006,Number of people unable to afford a healthy diet (million),_T,Total,_T,All age ranges or no breakdown by age,_T,Total,PS,Persons,_Z,Not Applicable,_Z,Not Applicable,_Z,Not Applicable,2025,160.7,FAO_CAHD,Cost and Affordability of a Healthy Diet (CoAHD),6,Millions,COUNT,Count (Integer),602,CCYY,A,Normal value,PU,Public
datastructure,WB.DATA360:DS_DATA360(1.2),I,A,Annual,PAK,Pakistan,FAO_CAHD_7006,Number of people unable to afford a healthy diet (million),_T,Total,_T,All age ranges or no breakdown by age,_T,Total,PS,Persons,_Z,Not Applicable,_Z,Not Applicable,_Z,Not Applicable,2018,131.6,FAO_CAHD,Cost and Affordability of a Healthy Diet (CoAHD),6,Millions,COUNT,Count (Integer),602,CCYY,A,Normal value,PU,Public
datastructure,WB.DATA360:DS_DATA360(1.2),I,A,Annual,PAK,Pakistan,FAO_CAHD_7006,Number of people unable to afford a healthy diet (million),_T,Total,_T,All age ranges or no breakdown by age,_T,Total,PS,Persons,_Z,Not Applicable,_Z,Not Applicable,_Z,Not Applicable,2019,137.7,FAO_CAHD,Cost and Affordability of a Healthy Diet (CoAHD),6,Millions,COUNT,Count (Integer),602,CCYY,A,Normal value,PU,Public
datastructure,WB.DATA360:DS_DATA360(1.2),I,A,Annual,PAK,Pakistan,FAO_CAHD_7006,Number of people unable to afford a healthy diet (million),_T,Total,_T,All age ranges or no breakdown by age,_T,Total,PS,Persons,_Z,Not Applicable,_Z,Not Applicable,_Z,Not Applicable,2020,145.9,FAO_CAHD,Cost and Affordability of a Healthy Diet (CoAHD),6,Millions,COUNT,Count (Integer),602,CCYY,A,Normal value,PU,Public
datastructure,WB.DATA360:DS_DATA360(1.2),I,A,Annual,PAK,Pakistan,FAO_CAHD_7006,Number of people unable to afford a healthy diet (million),_T,Total,_T,All age ranges or no breakdown by age,_T,Total,PS,Persons,_Z,Not Applicable,_Z,Not Applicable,_Z,Not Applicable,2021,150.0,FAO_CAHD,Cost and Affordability of a Healthy Diet (CoAHD),6,Millions,COUNT,Count (Integer),602,CCYY,A,Normal value,PU,Public
datastructure,WB.DATA360:DS_DATA360(1.2),I,A,Annual,PAK,Pakistan,FAO_CAHD_7006,Number of people unable to afford a healthy diet (million),_T,Total,_T,All age ranges or no breakdown by age,_T,Total,PS,Persons,_Z,Not Applicable,_Z,Not Applicable,_Z,Not Applicable,2022,157.2,FAO_CAHD,Cost and Affordability of a Healthy Diet (CoAHD),6,Millions,COUNT,Count (Integer),602,CCYY,A,Normal value,PU,Public
datastructure,WB.DATA360:DS_DATA360(1.2),I,A,Annual,PAK,Pakistan,FAO_CAHD_7006,Number of people unable to afford a healthy diet (million),_T,Total,_T,All age ranges or no breakdown by age,_T,Total,PS,Persons,_Z,Not Applicable,_Z,Not Applicable,_Z,Not Applicable,2023,166.3,FAO_CAHD,Cost and Affordability of a Healthy Diet (CoAHD),6,Millions,COUNT,Count (Integer),602,CCYY,A,Normal value,PU,Public
datastructure,WB.DATA360:DS_DATA360(1.2),I,A,Annual,PAK,Pakistan,FAO_CAHD_7006,Number of people unable to afford a healthy diet (million),_T,Total,_T,All age ranges or no breakdown by age,_T,Total,PS,Persons,_Z,Not Applicable,_Z,Not Applicable,_Z,Not Applicable,2024,161.7,FAO_CAHD,Cost and Affordability of a Healthy Diet (CoAHD),6,Millions,COUNT,Count (Integer),602,CCYY,A,Normal value,PU,Public
datastructure,WB.DATA360:DS_DATA360(1.2),I,A,Annual,PSE,West Bank and Gaza,FAO_CAHD_7006,Number of people unable to afford a healthy diet (million),_T,Total,_T,All age ranges or no breakdown by age,_T,Total,PS,Persons,_Z,Not Applicable,_Z,Not Applicable,_Z,Not Applicable,2022,0.2,FAO_CAHD,Cost and Affordability of a Healthy Diet (CoAHD),6,Millions,COUNT,Count (Integer),602,CCYY,A,Normal value,PU,Public
datastructure,WB.DATA360:DS_DATA360(1.2),I,A,Annual,PSE,West Bank and Gaza,FAO_CAHD_7006,Number of people unable to afford a healthy diet (million),_T,Total,_T,All age ranges or no breakdown by age,_T,Total,PS,Persons,_Z,Not Applicable,_Z,Not Applicable,_Z,Not Applicable,2023,0.2,FAO_CAHD,Cost and Affordability of a Healthy Diet (CoAHD),6,Millions,COUNT,Count (Integer),602,CCYY,A,Normal value,PU,Public
datastructure,WB.DATA360:DS_DATA360(1.2),I,A,Annual,PSE,West Bank and Gaza,FAO_CAHD_7006,Number of people unable to afford a healthy diet (million),_T,Total,_T,All age ranges or no breakdown by age,_T,Total,PS,Persons,_Z,Not Applicable,_Z,Not Applicable,_Z,Not Applicable,2024,0.4,FAO_CAHD,Cost and Affordability of a Healthy Diet (CoAHD),6,Millions,COUNT,Count (Integer),602,CCYY,A,Normal value,PU,Public
datastructure,WB.DATA360:DS_DATA360(1.2),I,A,Annual,PSE,West Bank and Gaza,FAO_CAHD_7006,Number of people unable to afford a healthy diet (million),_T,Total,_T,All age ranges or no breakdown by age,_T,Total,PS,Persons,_Z,Not Applicable,_Z,Not Applicable,_Z,Not Applicable,2025,0.5,FAO_CAHD,Cost and Affordability of a Healthy Diet (CoAHD),6,Millions,COUNT,Count (Integer),602,CCYY,A,Normal value,PU,Public
datastructure,WB.DATA360:DS_DATA360(1.2),I,A,Annual,PSE,West Bank and Gaza,FAO_CAHD_7006,Number of people unable to afford a healthy diet (million),_T,Total,_T,All age ranges or no breakdown by age,_T,Total,PS,Persons,_Z,Not Applicable,_Z,Not Applicable,_Z,Not Applicable,2020,0.2,FAO_CAHD,Cost and Affordability of a Healthy Diet (CoAHD),6,Millions,COUNT,Count (Integer),602,CCYY,A,Normal value,PU,Public
datastructure,WB.DATA360:DS_DATA360(1.2),I,A,Annual,PSE,West Bank and Gaza,FAO_CAHD_7006,Number of people unable to afford a healthy diet (million),_T,Total,_T,All age ranges or no breakdown by age,_T,Total,PS,Persons,_Z,Not Applicable,_Z,Not Applicable,_Z,Not Applicable,2021,0.2,FAO_CAHD,Cost and Affordability of a Healthy Diet (CoAHD),6,Millions,COUNT,Count (Integer),602,CCYY,A,Normal value,PU,Public
datastructure,WB.DATA360:DS_DATA360(1.2),I,A,Annual,PSE,West Bank and Gaza,FAO_CAHD_7006,Number of people unable to afford a healthy diet (million),_T,Total,_T,All age ranges or no breakdown by age,_T,Total,PS,Persons,_Z,Not Applicable,_Z,Not Applicable,_Z,Not Applicable,2019,0.2,FAO_CAHD,Cost and Affordability of a Healthy Diet (CoAHD),6,Millions,COUNT,Count (Integer),602,CCYY,A,Normal value,PU,Public
datastructure,WB.DATA360:DS_DATA360(1.2),I,A,Annual,PSE,West Bank and Gaza,FAO_CAHD_7006,Number of people unable to afford a healthy diet (million),_T,Total,_T,All age ranges or no breakdown by age,_T,Total,PS,Persons,_Z,Not Applicable,_Z,Not Applicable,_Z,Not Applicable,2018,0.2,FAO_CAHD,Cost and Affordability of a Healthy Diet (CoAHD),6,Millions,COUNT,Count (Integer),602,CCYY,A,Normal value,PU,Public
datastructure,WB.DATA360:DS_DATA360(1.2),I,A,Annual,PSE,West Bank and Gaza,FAO_CAHD_7006,Number of people unable to afford a healthy diet (million),_T,Total,_T,All age ranges or no breakdown by age,_T,Total,PS,Persons,_Z,Not Applicable,_Z,Not Applicable,_Z,Not Applicable,2017,0.2,FAO_CAHD,Cost and Affordability of a Healthy Diet (CoAHD),6,Millions,COUNT,Count (Integer),602,CCYY,A,Normal value,PU,Public
datastructure,WB.DATA360:DS_DATA360(1.2),I,A,Annual,NOR,Norway,FAO_CAHD_7006,Number of people unable to afford a healthy diet (million),_T,Total,_T,All age ranges or no breakdown by age,_T,Total,PS,Persons,_Z,Not Applicable,_Z,Not Applicable,_Z,Not Applicable,2025,0.1,FAO_CAHD,Cost and Affordability of a Healthy Diet (CoAHD),6,Millions,COUNT,Count (Integer),602,CCYY,A,Normal value,PU,Public
datastructure,WB.DATA360:DS_DATA360(1.2),I,A,Annual,PER,Peru,FAO_CAHD_7006,Number of people unable to afford a healthy diet (million),_T,Total,_T,All age ranges or no breakdown by age,_T,Total,PS,Persons,_Z,Not Applicable,_Z,Not Applicable,_Z,Not Applicable,2017,11.3,FAO_CAHD,Cost and Affordability of a Healthy Diet (CoAHD),6,Millions,COUNT,Count (Integer),602,CCYY,A,Normal value,PU,Public
datastructure,WB.DATA360:DS_DATA360(1.2),I,A,Annual,PER,Peru,FAO_CAHD_7006,Number of people unable to afford a healthy diet (million),_T,Total,_T,All age ranges or no breakdown by age,_T,Total,PS,Persons,_Z,Not Applicable,_Z,Not Applicable,_Z,Not Applicable,2018,10.6,FAO_CAHD,Cost and Affordability of a Healthy Diet (CoAHD),6,Millions,COUNT,Count (Integer),602,CCYY,A,Normal value,PU,Public
datastructure,WB.DATA360:DS_DATA360(1.2),I,A,Annual,PER,Peru,FAO_CAHD_7006,Number of people unable to afford a healthy diet (million),_T,Total,_T,All age ranges or no breakdown by age,_T,Total,PS,Persons,_Z,Not Applicable,_Z,Not Applicable,_Z,Not Applicable,2019,10.2,FAO_CAHD,Cost and Affordability of a Healthy Diet (CoAHD),6,Millions,COUNT,Count (Integer),602,CCYY,A,Normal value,PU,Public
datastructure,WB.DATA360:DS_DATA360(1.2),I,A,Annual,PER,Peru,FAO_CAHD_7006,Number of people unable to afford a healthy diet (million),_T,Total,_T,All age ranges or no breakdown by age,_T,Total,PS,Persons,_Z,Not Applicable,_Z,Not Applicable,_Z,Not Applicable,2020,15.1,FAO_CAHD,Cost and Affordability of a Healthy Diet (CoAHD),6,Millions,COUNT,Count (Integer),602,CCYY,A,Normal value,PU,Public
datastructure,WB.DATA360:DS_DATA360(1.2),I,A,Annual,PER,Peru,FAO_CAHD_7006,Number of people unable to afford a healthy diet (million),_T,Total,_T,All age ranges or no breakdown by age,_T,Total,PS,Persons,_Z,Not Applicable,_Z,Not Applicable,_Z,Not Applicable,2021,12.4,FAO_CAHD,Cost and Affordability of a Healthy Diet (CoAHD),6,Millions,COUNT,Count (Integer),602,CCYY,A,Normal value,PU,Public
datastructure,WB.DATA360:DS_DATA360(1.2),I,A,Annual,PER,Peru,FAO_CAHD_7006,Number of people unable to afford a healthy diet (million),_T,Total,_T,All age ranges or no breakdown by age,_T,Total,PS,Persons,_Z,Not Applicable,_Z,Not Applicable,_Z,Not Applicable,2022,12.3,FAO_CAHD,Cost and Affordability of a Healthy Diet (CoAHD),6,Millions,COUNT,Count (Integer),602,CCYY,A,Normal value,PU,Public
datastructure,WB.DATA360:DS_DATA360(1.2),I,A,Annual,PER,Peru,FAO_CAHD_7006,Number of people unable to afford a healthy diet (million),_T,Total,_T,All age ranges or no breakdown by age,_T,Total,PS,Persons,_Z,Not Applicable,_Z,Not Applicable,_Z,Not Applicable,2023,13.0,FAO_CAHD,Cost and Affordability of a Healthy Diet (CoAHD),6,Millions,COUNT,Count (Integer),602,CCYY,A,Normal value,PU,Public
datastructure,WB.DATA360:DS_DATA360(1.2),I,A,Annual,PER,Peru,FAO_CAHD_7006,Number of people unable to afford a healthy diet (million),_T,Total,_T,All age ranges or no breakdown by age,_T,Total,PS,Persons,_Z,Not Applicable,_Z,Not Applicable,_Z,Not Applicable,2024,12.3,FAO_CAHD,Cost and Affordability of a Healthy Diet (CoAHD),6,Millions,COUNT,Count (Integer),602,CCYY,A,Normal value,PU,Public
datastructure,WB.DATA360:DS_DATA360(1.2),I,A,Annual,PER,Peru,FAO_CAHD_7006,Number of people unable to afford a healthy diet (million),_T,Total,_T,All age ranges or no breakdown by age,_T,Total,PS,Persons,_Z,Not Applicable,_Z,Not Applicable,_Z,Not Applicable,2025,12.0,FAO_CAHD,Cost and Affordability of a Healthy Diet (CoAHD),6,Millions,COUNT,Count (Integer),602,CCYY,A,Normal value,PU,Public
datastructure,WB.DATA360:DS_DATA360(1.2),I,A,Annual,PRY,Paraguay,FAO_CAHD_7006,Number of people unable to afford a healthy diet (million),_T,Total,_T,All age ranges or no breakdown by age,_T,Total,PS,Persons,_Z,Not Applicable,_Z,Not Applicable,_Z,Not Applicable,2025,1.6,FAO_CAHD,Cost and Affordability of a Healthy Diet (CoAHD),6,Millions,COUNT,Count (Integer),602,CCYY,A,Normal value,PU,Public
datastructure,WB.DATA360:DS_DATA360(1.2),I,A,Annual,PRY,Paraguay,FAO_CAHD_7006,Number of people unable to afford a healthy diet (million),_T,Total,_T,All age ranges or no breakdown by age,_T,Total,PS,Persons,_Z,Not Applicable,_Z,Not Applicable,_Z,Not Applicable,2024,1.6,FAO_CAHD,Cost and Affordability of a Healthy Diet (CoAHD),6,Millions,COUNT,Count (Integer),602,CCYY,A,Normal value,PU,Public
datastructure,WB.DATA360:DS_DATA360(1.2),I,A,Annual,PRY,Paraguay,FAO_CAHD_7006,Number of people unable to afford a healthy diet (million),_T,Total,_T,All age ranges or no breakdown by age,_T,Total,PS,Persons,_Z,Not Applicable,_Z,Not Applicable,_Z,Not Applicable,2023,1.7,FAO_CAHD,Cost and Affordability of a Healthy Diet (CoAHD),6,Millions,COUNT,Count (Integer),602,CCYY,A,Normal value,PU,Public
datastructure,WB.DATA360:DS_DATA360(1.2),I,A,Annual,PAN,Panama,FAO_CAHD_7006,Number of people unable to afford a healthy diet (million),_T,Total,_T,All age ranges or no breakdown by age,_T,Total,PS,Persons,_Z,Not Applicable,_Z,Not Applicable,_Z,Not Applicable,2021,2.4,FAO_CAHD,Cost and Affordability of a Healthy Diet (CoAHD),6,Millions,COUNT,Count (Integer),602,CCYY,A,Normal value,PU,Public
datastructure,WB.DATA360:DS_DATA360(1.2),I,A,Annual,PAN,Panama,FAO_CAHD_7006,Number of people unable to afford a healthy diet (million),_T,Total,_T,All age ranges or no breakdown by age,_T,Total,PS,Persons,_Z,Not Applicable,_Z,Not Applicable,_Z,Not Applicable,2017,2.2,FAO_CAHD,Cost and Affordability of a Healthy Diet (CoAHD),6,Millions,COUNT,Count (Integer),602,CCYY,A,Normal value,PU,Public
datastructure,WB.DATA360:DS_DATA360(1.2),I,A,Annual,PAN,Panama,FAO_CAHD_7006,Number of people unable to afford a healthy diet (million),_T,Total,_T,All age ranges or no breakdown by age,_T,Total,PS,Persons,_Z,Not Applicable,_Z,Not Applicable,_Z,Not Applicable,2018,2.1,FAO_CAHD,Cost and Affordability of a Healthy Diet (CoAHD),6,Millions,COUNT,Count (Integer),602,CCYY,A,Normal value,PU,Public
datastructure,WB.DATA360:DS_DATA360(1.2),I,A,Annual,PAN,Panama,FAO_CAHD_7006,Number of people unable to afford a healthy diet (million),_T,Total,_T,All age ranges or no breakdown by age,_T,Total,PS,Persons,_Z,Not Applicable,_Z,Not Applicable,_Z,Not Applicable,2019,2.1,FAO_CAHD,Cost and Affordability of a Healthy Diet (CoAHD),6,Millions,COUNT,Count (Integer),602,CCYY,A,Normal value,PU,Public
datastructure,WB.DATA360:DS_DATA360(1.2),I,A,Annual,PAN,Panama,FAO_CAHD_7006,Number of people unable to afford a healthy diet (million),_T,Total,_T,All age ranges or no breakdown by age,_T,Total,PS,Persons,_Z,Not Applicable,_Z,Not Applicable,_Z,Not Applicable,2020,2.4,FAO_CAHD,Cost and Affordability of a Healthy Diet (CoAHD),6,Millions,COUNT,Count (Integer),602,CCYY,A,Normal value,PU,Public
datastructure,WB.DATA360:DS_DATA360(1.2),I,A,Annual,PAN,Panama,FAO_CAHD_7006,Number of people unable to afford a healthy diet (million),_T,Total,_T,All age ranges or no breakdown by age,_T,Total,PS,Persons,_Z,Not Applicable,_Z,Not Applicable,_Z,Not Applicable,2022,2.4,FAO_CAHD,Cost and Affordability of a Healthy Diet (CoAHD),6,Millions,COUNT,Count (Integer),602,CCYY,A,Normal value,PU,Public
datastructure,WB.DATA360:DS_DATA360(1.2),I,A,Annual,PAN,Panama,FAO_CAHD_7006,Number of people unable to afford a healthy diet (million),_T,Total,_T,All age ranges or no breakdown by age,_T,Total,PS,Persons,_Z,Not Applicable,_Z,Not Applicable,_Z,Not Applicable,2023,2.4,FAO_CAHD,Cost and Affordability of a Healthy Diet (CoAHD),6,Millions,COUNT,Count (Integer),602,CCYY,A,Normal value,PU,Public
datastructure,WB.DATA360:DS_DATA360(1.2),I,A,Annual,PAN,Panama,FAO_CAHD_7006,Number of people unable to afford a healthy diet (million),_T,Total,_T,All age ranges or no breakdown by age,_T,Total,PS,Persons,_Z,Not Applicable,_Z,Not Applicable,_Z,Not Applicable,2024,2.4,FAO_CAHD,Cost and Affordability of a Healthy Diet (CoAHD),6,Millions,COUNT,Count (Integer),602,CCYY,A,Normal value,PU,Public
datastructure,WB.DATA360:DS_DATA360(1.2),I,A,Annual,PAN,Panama,FAO_CAHD_7006,Number of people unable to afford a healthy diet (million),_T,Total,_T,All age ranges or no breakdown by age,_T,Total,PS,Persons,_Z,Not Applicable,_Z,Not Applicable,_Z,Not Applicable,2025,2.4,FAO_CAHD,Cost and Affordability of a Healthy Diet (CoAHD),6,Millions,COUNT,Count (Integer),602,CCYY,A,Normal value,PU,Public
datastructure,WB.DATA360:DS_DATA360(1.2),I,A,Annual,PRY,Paraguay,FAO_CAHD_7006,Number of people unable to afford a healthy diet (million),_T,Total,_T,All age ranges or no breakdown by age,_T,Total,PS,Persons,_Z,Not Applicable,_Z,Not Applicable,_Z,Not Applicable,2022,1.9,FAO_CAHD,Cost and Affordability of a Healthy Diet (CoAHD),6,Millions,COUNT,Count (Integer),602,CCYY,A,Normal value,PU,Public
datastructure,WB.DATA360:DS_DATA360(1.2),I,A,Annual,PRY,Paraguay,FAO_CAHD_7006,Number of people unable to afford a healthy diet (million),_T,Total,_T,All age ranges or no breakdown by age,_T,Total,PS,Persons,_Z,Not Applicable,_Z,Not Applicable,_Z,Not Applicable,2017,1.7,FAO_CAHD,Cost and Affordability of a Healthy Diet (CoAHD),6,Millions,COUNT,Count (Integer),602,CCYY,A,Normal value,PU,Public
datastructure,WB.DATA360:DS_DATA360(1.2),I,A,Annual,PRY,Paraguay,FAO_CAHD_7006,Number of people unable to afford a healthy diet (million),_T,Total,_T,All age ranges or no breakdown by age,_T,Total,PS,Persons,_Z,Not Applicable,_Z,Not Applicable,_Z,Not Applicable,2018,1.6,FAO_CAHD,Cost and Affordability of a Healthy Diet (CoAHD),6,Millions,COUNT,Count (Integer),602,CCYY,A,Normal value,PU,Public
datastructure,WB.DATA360:DS_DATA360(1.2),I,A,Annual,PRY,Paraguay,FAO_CAHD_7006,Number of people unable to afford a healthy diet (million),_T,Total,_T,All age ranges or no breakdown by age,_T,Total,PS,Persons,_Z,Not Applicable,_Z,Not Applicable,_Z,Not Applicable,2019,1.6,FAO_CAHD,Cost and Affordability of a Healthy Diet (CoAHD),6,Millions,COUNT,Count (Integer),602,CCYY,A,Normal value,PU,Public
datastructure,WB.DATA360:DS_DATA360(1.2),I,A,Annual,PRY,Paraguay,FAO_CAHD_7006,Number of people unable to afford a healthy diet (million),_T,Total,_T,All age ranges or no breakdown by age,_T,Total,PS,Persons,_Z,Not Applicable,_Z,Not Applicable,_Z,Not Applicable,2020,1.8,FAO_CAHD,Cost and Affordability of a Healthy Diet (CoAHD),6,Millions,COUNT,Count (Integer),602,CCYY,A,Normal value,PU,Public
datastructure,WB.DATA360:DS_DATA360(1.2),I,A,Annual,PRY,Paraguay,FAO_CAHD_7006,Number of people unable to afford a healthy diet (million),_T,Total,_T,All age ranges or no breakdown by age,_T,Total,PS,Persons,_Z,Not Applicable,_Z,Not Applicable,_Z,Not Applicable,2021,1.9,FAO_CAHD,Cost and Affordability of a Healthy Diet (CoAHD),6,Millions,COUNT,Count (Integer),602,CCYY,A,Normal value,PU,Public
datastructure,WB.DATA360:DS_DATA360(1.2),I,A,Annual,USA,United States,FAO_CAHD_7006,Number of people unable to afford a healthy diet (million),_T,Total,_T,All age ranges or no breakdown by age,_T,Total,PS,Persons,_Z,Not Applicable,_Z,Not Applicable,_Z,Not Applicable,2019,15.9,FAO_CAHD,Cost and Affordability of a Healthy Diet (CoAHD),6,Millions,COUNT,Count (Integer),602,CCYY,A,Normal value,PU,Public
datastructure,WB.DATA360:DS_DATA360(1.2),I,A,Annual,USA,United States,FAO_CAHD_7006,Number of people unable to afford a healthy diet (million),_T,Total,_T,All age ranges or no breakdown by age,_T,Total,PS,Persons,_Z,Not Applicable,_Z,Not Applicable,_Z,Not Applicable,2017,19.3,FAO_CAHD,Cost and Affordability of a Healthy Diet (CoAHD),6,Millions,COUNT,Count (Integer),602,CCYY,A,Normal value,PU,Public
datastructure,WB.DATA360:DS_DATA360(1.2),I,A,Annual,USA,United States,FAO_CAHD_7006,Number of people unable to afford a healthy diet (million),_T,Total,_T,All age ranges or no breakdown by age,_T,Total,PS,Persons,_Z,Not Applicable,_Z,Not Applicable,_Z,Not Applicable,2018,17.9,FAO_CAHD,Cost and Affordability of a Healthy Diet (CoAHD),6,Millions,COUNT,Count (Integer),602,CCYY,A,Normal value,PU,Public
datastructure,WB.DATA360:DS_DATA360(1.2),I,A,Annual,USA,United States,FAO_CAHD_7006,Number of people unable to afford a healthy diet (million),_T,Total,_T,All age ranges or no breakdown by age,_T,Total,PS,Persons,_Z,Not Applicable,_Z,Not Applicable,_Z,Not Applicable,2020,12.7,FAO_CAHD,Cost and Affordability of a Healthy Diet (CoAHD),6,Millions,COUNT,Count (Integer),602,CCYY,A,Normal value,PU,Public
datastructure,WB.DATA360:DS_DATA360(1.2),I,A,Annual,USA,United States,FAO_CAHD_7006,Number of people unable to afford a healthy diet (million),_T,Total,_T,All age ranges or no breakdown by age,_T,Total,PS,Persons,_Z,Not Applicable,_Z,Not Applicable,_Z,Not Applicable,2021,9.9,FAO_CAHD,Cost and Affordability of a Healthy Diet (CoAHD),6,Millions,COUNT,Count (Integer),602,CCYY,A,Normal value,PU,Public
datastructure,WB.DATA360:DS_DATA360(1.2),I,A,Annual,USA,United States,FAO_CAHD_7006,Number of people unable to afford a healthy diet (million),_T,Total,_T,All age ranges or no breakdown by age,_T,Total,PS,Persons,_Z,Not Applicable,_Z,Not Applicable,_Z,Not Applicable,2022,18.3,FAO_CAHD,Cost and Affordability of a Healthy Diet (CoAHD),6,Millions,COUNT,Count (Integer),602,CCYY,A,Normal value,PU,Public
datastructure,WB.DATA360:DS_DATA360(1.2),I,A,Annual,USA,United States,FAO_CAHD_7006,Number of people unable to afford a healthy diet (million),_T,Total,_T,All age ranges or no breakdown by age,_T,Total,PS,Persons,_Z,Not Applicable,_Z,Not Applicable,_Z,Not Applicable,2023,17.7,FAO_CAHD,Cost and Affordability of a Healthy Diet (CoAHD),6,Millions,COUNT,Count (Integer),602,CCYY,A,Normal value,PU,Public
datastructure,WB.DATA360:DS_DATA360(1.2),I,A,Annual,USA,United States,FAO_CAHD_7006,Number of people unable to afford a healthy diet (million),_T,Total,_T,All age ranges or no breakdown by age,_T,Total,PS,Persons,_Z,Not Applicable,_Z,Not Applicable,_Z,Not Applicable,2024,16.0,FAO_CAHD,Cost and Affordability of a Healthy Diet (CoAHD),6,Millions,COUNT,Count (Integer),602,CCYY,A,Normal value,PU,Public
datastructure,WB.DATA360:DS_DATA360(1.2),I,A,Annual,USA,United States,FAO_CAHD_7006,Number of people unable to afford a healthy diet (million),_T,Total,_T,All age ranges or no breakdown by age,_T,Total,PS,Persons,_Z,Not Applicable,_Z,Not Applicable,_Z,Not Applicable,2025,15.7,FAO_CAHD,Cost and Affordability of a Healthy Diet (CoAHD),6,Millions,COUNT,Count (Integer),602,CCYY,A,Normal value,PU,Public
datastructure,WB.DATA360:DS_DATA360(1.2),I,A,Annual,URY,Uruguay,FAO_CAHD_7006,Number of people unable to afford a healthy diet (million),_T,Total,_T,All age ranges or no breakdown by age,_T,Total,PS,Persons,_Z,Not Applicable,_Z,Not Applicable,_Z,Not Applicable,2025,1.1,FAO_CAHD,Cost and Affordability of a Healthy Diet (CoAHD),6,Millions,COUNT,Count (Integer),602,CCYY,A,Normal value,PU,Public
datastructure,WB.DATA360:DS_DATA360(1.2),I,A,Annual,URY,Uruguay,FAO_CAHD_7006,Number of people unable to afford a healthy diet (million),_T,Total,_T,All age ranges or no breakdown by age,_T,Total,PS,Persons,_Z,Not Applicable,_Z,Not Applicable,_Z,Not Applicable,2023,1.2,FAO_CAHD,Cost and Affordability of a Healthy Diet (CoAHD),6,Millions,COUNT,Count (Integer),602,CCYY,A,Normal value,PU,Public
datastructure,WB.DATA360:DS_DATA360(1.2),I,A,Annual,URY,Uruguay,FAO_CAHD_7006,Number of people unable to afford a healthy diet (million),_T,Total,_T,All age ranges or no breakdown by age,_T,Total,PS,Persons,_Z,Not Applicable,_Z,Not Applicable,_Z,Not Applicable,2024,1.1,FAO_CAHD,Cost and Affordability of a Healthy Diet (CoAHD),6,Millions,COUNT,Count (Integer),602,CCYY,A,Normal value,PU,Public
datastructure,WB.DATA360:DS_DATA360(1.2),I,A,Annual,URY,Uruguay,FAO_CAHD_7006,Number of people unable to afford a healthy diet (million),_T,Total,_T,All age ranges or no breakdown by age,_T,Total,PS,Persons,_Z,Not Applicable,_Z,Not Applicable,_Z,Not Applicable,2022,1.2,FAO_CAHD,Cost and Affordability of a Healthy Diet (CoAHD),6,Millions,COUNT,Count (Integer),602,CCYY,A,Normal value,PU,Public
datastructure,WB.DATA360:DS_DATA360(1.2),I,A,Annual,URY,Uruguay,FAO_CAHD_7006,Number of people unable to afford a healthy diet (million),_T,Total,_T,All age ranges or no breakdown by age,_T,Total,PS,Persons,_Z,Not Applicable,_Z,Not Applicable,_Z,Not Applicable,2021,1.3,FAO_CAHD,Cost and Affordability of a Healthy Diet (CoAHD),6,Millions,COUNT,Count (Integer),602,CCYY,A,Normal value,PU,Public
datastructure,WB.DATA360:DS_DATA360(1.2),I,A,Annual,URY,Uruguay,FAO_CAHD_7006,Number of people unable to afford a healthy diet (million),_T,Total,_T,All age ranges or no breakdown by age,_T,Total,PS,Persons,_Z,Not Applicable,_Z,Not Applicable,_Z,Not Applicable,2017,1.0,FAO_CAHD,Cost and Affordability of a Healthy Diet (CoAHD),6,Millions,COUNT,Count (Integer),602,CCYY,A,Normal value,PU,Public
datastructure,WB.DATA360:DS_DATA360(1.2),I,A,Annual,URY,Uruguay,FAO_CAHD_7006,Number of people unable to afford a healthy diet (million),_T,Total,_T,All age ranges or no breakdown by age,_T,Total,PS,Persons,_Z,Not Applicable,_Z,Not Applicable,_Z,Not Applicable,2018,1.1,FAO_CAHD,Cost and Affordability of a Healthy Diet (CoAHD),6,Millions,COUNT,Count (Integer),602,CCYY,A,Normal value,PU,Public
datastructure,WB.DATA360:DS_DATA360(1.2),I,A,Annual,URY,Uruguay,FAO_CAHD_7006,Number of people unable to afford a healthy diet (million),_T,Total,_T,All age ranges or no breakdown by age,_T,Total,PS,Persons,_Z,Not Applicable,_Z,Not Applicable,_Z,Not Applicable,2019,1.1,FAO_CAHD,Cost and Affordability of a Healthy Diet (CoAHD),6,Millions,COUNT,Count (Integer),602,CCYY,A,Normal value,PU,Public
datastructure,WB.DATA360:DS_DATA360(1.2),I,A,Annual,URY,Uruguay,FAO_CAHD_7006,Number of people unable to afford a healthy diet (million),_T,Total,_T,All age ranges or no breakdown by age,_T,Total,PS,Persons,_Z,Not Applicable,_Z,Not Applicable,_Z,Not Applicable,2020,1.3,FAO_CAHD,Cost and Affordability of a Healthy Diet (CoAHD),6,Millions,COUNT,Count (Integer),602,CCYY,A,Normal value,PU,Public
datastructure,WB.DATA360:DS_DATA360(1.2),I,A,Annual,TZA,Tanzania,FAO_CAHD_7006,Number of people unable to afford a healthy diet (million),_T,Total,_T,All age ranges or no breakdown by age,_T,Total,PS,Persons,_Z,Not Applicable,_Z,Not Applicable,_Z,Not Applicable,2017,41.6,FAO_CAHD,Cost and Affordability of a Healthy Diet (CoAHD),6,Millions,COUNT,Count (Integer),602,CCYY,A,Normal value,PU,Public
datastructure,WB.DATA360:DS_DATA360(1.2),I,A,Annual,TZA,Tanzania,FAO_CAHD_7006,Number of people unable to afford a healthy diet (million),_T,Total,_T,All age ranges or no breakdown by age,_T,Total,PS,Persons,_Z,Not Applicable,_Z,Not Applicable,_Z,Not Applicable,2018,42.6,FAO_CAHD,Cost and Affordability of a Healthy Diet (CoAHD),6,Millions,COUNT,Count (Integer),602,CCYY,A,Normal value,PU,Public
datastructure,WB.DATA360:DS_DATA360(1.2),I,A,Annual,TZA,Tanzania,FAO_CAHD_7006,Number of people unable to afford a healthy diet (million),_T,Total,_T,All age ranges or no breakdown by age,_T,Total,PS,Persons,_Z,Not Applicable,_Z,Not Applicable,_Z,Not Applicable,2019,43.4,FAO_CAHD,Cost and Affordability of a Healthy Diet (CoAHD),6,Millions,COUNT,Count (Integer),602,CCYY,A,Normal value,PU,Public
datastructure,WB.DATA360:DS_DATA360(1.2),I,A,Annual,TZA,Tanzania,FAO_CAHD_7006,Number of people unable to afford a healthy diet (million),_T,Total,_T,All age ranges or no breakdown by age,_T,Total,PS,Persons,_Z,Not Applicable,_Z,Not Applicable,_Z,Not Applicable,2020,45.0,FAO_CAHD,Cost and Affordability of a Healthy Diet (CoAHD),6,Millions,COUNT,Count (Integer),602,CCYY,A,Normal value,PU,Public
datastructure,WB.DATA360:DS_DATA360(1.2),I,A,Annual,TZA,Tanzania,FAO_CAHD_7006,Number of people unable to afford a healthy diet (million),_T,Total,_T,All age ranges or no breakdown by age,_T,Total,PS,Persons,_Z,Not Applicable,_Z,Not Applicable,_Z,Not Applicable,2021,46.2,FAO_CAHD,Cost and Affordability of a Healthy Diet (CoAHD),6,Millions,COUNT,Count (Integer),602,CCYY,A,Normal value,PU,Public
datastructure,WB.DATA360:DS_DATA360(1.2),I,A,Annual,TZA,Tanzania,FAO_CAHD_7006,Number of people unable to afford a healthy diet (million),_T,Total,_T,All age ranges or no breakdown by age,_T,Total,PS,Persons,_Z,Not Applicable,_Z,Not Applicable,_Z,Not Applicable,2022,47.7,FAO_CAHD,Cost and Affordability of a Healthy Diet (CoAHD),6,Millions,COUNT,Count (Integer),602,CCYY,A,Normal value,PU,Public
datastructure,WB.DATA360:DS_DATA360(1.2),I,A,Annual,TZA,Tanzania,FAO_CAHD_7006,Number of people unable to afford a healthy diet (million),_T,Total,_T,All age ranges or no breakdown by age,_T,Total,PS,Persons,_Z,Not Applicable,_Z,Not Applicable,_Z,Not Applicable,2023,49.2,FAO_CAHD,Cost and Affordability of a Healthy Diet (CoAHD),6,Millions,COUNT,Count (Integer),602,CCYY,A,Normal value,PU,Public
datastructure,WB.DATA360:DS_DATA360(1.2),I,A,Annual,TZA,Tanzania,FAO_CAHD_7006,Number of people unable to afford a healthy diet (million),_T,Total,_T,All age ranges or no breakdown by age,_T,Total,PS,Persons,_Z,Not Applicable,_Z,Not Applicable,_Z,Not Applicable,2024,50.1,FAO_CAHD,Cost and Affordability of a Healthy Diet (CoAHD),6,Millions,COUNT,Count (Integer),602,CCYY,A,Normal value,PU,Public
datastructure,WB.DATA360:DS_DATA360(1.2),I,A,Annual,TZA,Tanzania,FAO_CAHD_7006,Number of people unable to afford a healthy diet (million),_T,Total,_T,All age ranges or no breakdown by age,_T,Total,PS,Persons,_Z,Not Applicable,_Z,Not Applicable,_Z,Not Applicable,2025,51.5,FAO_CAHD,Cost and Affordability of a Healthy Diet (CoAHD),6,Millions,COUNT,Count (Integer),602,CCYY,A,Normal value,PU,Public
datastructure,WB.DATA360:DS_DATA360(1.2),I,A,Annual,ZMB,Zambia,FAO_CAHD_7006,Number of people unable to afford a healthy diet (million),_T,Total,_T,All age ranges or no breakdown by age,_T,Total,PS,Persons,_Z,Not Applicable,_Z,Not Applicable,_Z,Not Applicable,2017,14.4,FAO_CAHD,Cost and Affordability of a Healthy Diet (CoAHD),6,Millions,COUNT,Count (Integer),602,CCYY,A,Normal value,PU,Public
datastructure,WB.DATA360:DS_DATA360(1.2),I,A,Annual,ZMB,Zambia,FAO_CAHD_7006,Number of people unable to afford a healthy diet (million),_T,Total,_T,All age ranges or no breakdown by age,_T,Total,PS,Persons,_Z,Not Applicable,_Z,Not Applicable,_Z,Not Applicable,2018,14.9,FAO_CAHD,Cost and Affordability of a Healthy Diet (CoAHD),6,Millions,COUNT,Count (Integer),602,CCYY,A,Normal value,PU,Public
datastructure,WB.DATA360:DS_DATA360(1.2),I,A,Annual,ZMB,Zambia,FAO_CAHD_7006,Number of people unable to afford a healthy diet (million),_T,Total,_T,All age ranges or no breakdown by age,_T,Total,PS,Persons,_Z,Not Applicable,_Z,Not Applicable,_Z,Not Applicable,2019,15.5,FAO_CAHD,Cost and Affordability of a Healthy Diet (CoAHD),6,Millions,COUNT,Count (Integer),602,CCYY,A,Normal value,PU,Public
datastructure,WB.DATA360:DS_DATA360(1.2),I,A,Annual,ZMB,Zambia,FAO_CAHD_7006,Number of people unable to afford a healthy diet (million),_T,Total,_T,All age ranges or no breakdown by age,_T,Total,PS,Persons,_Z,Not Applicable,_Z,Not Applicable,_Z,Not Applicable,2020,16.3,FAO_CAHD,Cost and Affordability of a Healthy Diet (CoAHD),6,Millions,COUNT,Count (Integer),602,CCYY,A,Normal value,PU,Public
datastructure,WB.DATA360:DS_DATA360(1.2),I,A,Annual,ZMB,Zambia,FAO_CAHD_7006,Number of people unable to afford a healthy diet (million),_T,Total,_T,All age ranges or no breakdown by age,_T,Total,PS,Persons,_Z,Not Applicable,_Z,Not Applicable,_Z,Not Applicable,2021,16.9,FAO_CAHD,Cost and Affordability of a Healthy Diet (CoAHD),6,Millions,COUNT,Count (Integer),602,CCYY,A,Normal value,PU,Public
datastructure,WB.DATA360:DS_DATA360(1.2),I,A,Annual,ZMB,Zambia,FAO_CAHD_7006,Number of people unable to afford a healthy diet (million),_T,Total,_T,All age ranges or no breakdown by age,_T,Total,PS,Persons,_Z,Not Applicable,_Z,Not Applicable,_Z,Not Applicable,2022,17.4,FAO_CAHD,Cost and Affordability of a Healthy Diet (CoAHD),6,Millions,COUNT,Count (Integer),602,CCYY,A,Normal value,PU,Public
datastructure,WB.DATA360:DS_DATA360(1.2),I,A,Annual,ZMB,Zambia,FAO_CAHD_7006,Number of people unable to afford a healthy diet (million),_T,Total,_T,All age ranges or no breakdown by age,_T,Total,PS,Persons,_Z,Not Applicable,_Z,Not Applicable,_Z,Not Applicable,2023,17.9,FAO_CAHD,Cost and Affordability of a Healthy Diet (CoAHD),6,Millions,COUNT,Count (Integer),602,CCYY,A,Normal value,PU,Public
datastructure,WB.DATA360:DS_DATA360(1.2),I,A,Annual,ZMB,Zambia,FAO_CAHD_7006,Number of people unable to afford a healthy diet (million),_T,Total,_T,All age ranges or no breakdown by age,_T,Total,PS,Persons,_Z,Not Applicable,_Z,Not Applicable,_Z,Not Applicable,2024,18.4,FAO_CAHD,Cost and Affordability of a Healthy Diet (CoAHD),6,Millions,COUNT,Count (Integer),602,CCYY,A,Normal value,PU,Public
datastructure,WB.DATA360:DS_DATA360(1.2),I,A,Annual,ZMB,Zambia,FAO_CAHD_7006,Number of people unable to afford a healthy diet (million),_T,Total,_T,All age ranges or no breakdown by age,_T,Total,PS,Persons,_Z,Not Applicable,_Z,Not Applicable,_Z,Not Applicable,2025,18.9,FAO_CAHD,Cost and Affordability of a Healthy Diet (CoAHD),6,Millions,COUNT,Count (Integer),602,CCYY,A,Normal value,PU,Public
datastructure,WB.DATA360:DS_DATA360(1.2),I,A,Annual,UZB,Uzbekistan,FAO_CAHD_7006,Number of people unable to afford a healthy diet (million),_T,Total,_T,All age ranges or no breakdown by age,_T,Total,PS,Persons,_Z,Not Applicable,_Z,Not Applicable,_Z,Not Applicable,2024,3.8,FAO_CAHD,Cost and Affordability of a Healthy Diet (CoAHD),6,Millions,COUNT,Count (Integer),602,CCYY,A,Normal value,PU,Public
datastructure,WB.DATA360:DS_DATA360(1.2),I,A,Annual,UZB,Uzbekistan,FAO_CAHD_7006,Number of people unable to afford a healthy diet (million),_T,Total,_T,All age ranges or no breakdown by age,_T,Total,PS,Persons,_Z,Not Applicable,_Z,Not Applicable,_Z,Not Applicable,2017,7.3,FAO_CAHD,Cost and Affordability of a Healthy Diet (CoAHD),6,Millions,COUNT,Count (Integer),602,CCYY,A,Normal value,PU,Public
datastructure,WB.DATA360:DS_DATA360(1.2),I,A,Annual,UZB,Uzbekistan,FAO_CAHD_7006,Number of people unable to afford a healthy diet (million),_T,Total,_T,All age ranges or no breakdown by age,_T,Total,PS,Persons,_Z,Not Applicable,_Z,Not Applicable,_Z,Not Applicable,2018,7.0,FAO_CAHD,Cost and Affordability of a Healthy Diet (CoAHD),6,Millions,COUNT,Count (Integer),602,CCYY,A,Normal value,PU,Public
datastructure,WB.DATA360:DS_DATA360(1.2),I,A,Annual,UZB,Uzbekistan,FAO_CAHD_7006,Number of people unable to afford a healthy diet (million),_T,Total,_T,All age ranges or no breakdown by age,_T,Total,PS,Persons,_Z,Not Applicable,_Z,Not Applicable,_Z,Not Applicable,2019,6.6,FAO_CAHD,Cost and Affordability of a Healthy Diet (CoAHD),6,Millions,COUNT,Count (Integer),602,CCYY,A,Normal value,PU,Public
datastructure,WB.DATA360:DS_DATA360(1.2),I,A,Annual,UZB,Uzbekistan,FAO_CAHD_7006,Number of people unable to afford a healthy diet (million),_T,Total,_T,All age ranges or no breakdown by age,_T,Total,PS,Persons,_Z,Not Applicable,_Z,Not Applicable,_Z,Not Applicable,2020,7.2,FAO_CAHD,Cost and Affordability of a Healthy Diet (CoAHD),6,Millions,COUNT,Count (Integer),602,CCYY,A,Normal value,PU,Public
datastructure,WB.DATA360:DS_DATA360(1.2),I,A,Annual,UZB,Uzbekistan,FAO_CAHD_7006,Number of people unable to afford a healthy diet (million),_T,Total,_T,All age ranges or no breakdown by age,_T,Total,PS,Persons,_Z,Not Applicable,_Z,Not Applicable,_Z,Not Applicable,2021,6.8,FAO_CAHD,Cost and Affordability of a Healthy Diet (CoAHD),6,Millions,COUNT,Count (Integer),602,CCYY,A,Normal value,PU,Public
datastructure,WB.DATA360:DS_DATA360(1.2),I,A,Annual,UZB,Uzbekistan,FAO_CAHD_7006,Number of people unable to afford a healthy diet (million),_T,Total,_T,All age ranges or no breakdown by age,_T,Total,PS,Persons,_Z,Not Applicable,_Z,Not Applicable,_Z,Not Applicable,2022,6.0,FAO_CAHD,Cost and Affordability of a Healthy Diet (CoAHD),6,Millions,COUNT,Count (Integer),602,CCYY,A,Normal value,PU,Public
datastructure,WB.DATA360:DS_DATA360(1.2),I,A,Annual,UZB,Uzbekistan,FAO_CAHD_7006,Number of people unable to afford a healthy diet (million),_T,Total,_T,All age ranges or no breakdown by age,_T,Total,PS,Persons,_Z,Not Applicable,_Z,Not Applicable,_Z,Not Applicable,2023,4.9,FAO_CAHD,Cost and Affordability of a Healthy Diet (CoAHD),6,Millions,COUNT,Count (Integer),602,CCYY,A,Normal value,PU,Public
datastructure,WB.DATA360:DS_DATA360(1.2),I,A,Annual,UZB,Uzbekistan,FAO_CAHD_7006,Number of people unable to afford a healthy diet (million),_T,Total,_T,All age ranges or no breakdown by age,_T,Total,PS,Persons,_Z,Not Applicable,_Z,Not Applicable,_Z,Not Applicable,2025,2.3,FAO_CAHD,Cost and Affordability of a Healthy Diet (CoAHD),6,Millions,COUNT,Count (Integer),602,CCYY,A,Normal value,PU,Public
datastructure,WB.DATA360:DS_DATA360(1.2),I,A,Annual,VNM,Viet Nam,FAO_CAHD_7006,Number of people unable to afford a healthy diet (million),_T,Total,_T,All age ranges or no breakdown by age,_T,Total,PS,Persons,_Z,Not Applicable,_Z,Not Applicable,_Z,Not Applicable,2025,7.1,FAO_CAHD,Cost and Affordability of a Healthy Diet (CoAHD),6,Millions,COUNT,Count (Integer),602,CCYY,A,Normal value,PU,Public
datastructure,WB.DATA360:DS_DATA360(1.2),I,A,Annual,VNM,Viet Nam,FAO_CAHD_7006,Number of people unable to afford a healthy diet (million),_T,Total,_T,All age ranges or no breakdown by age,_T,Total,PS,Persons,_Z,Not Applicable,_Z,Not Applicable,_Z,Not Applicable,2017,10.6,FAO_CAHD,Cost and Affordability of a Healthy Diet (CoAHD),6,Millions,COUNT,Count (Integer),602,CCYY,A,Normal value,PU,Public
datastructure,WB.DATA360:DS_DATA360(1.2),I,A,Annual,VNM,Viet Nam,FAO_CAHD_7006,Number of people unable to afford a healthy diet (million),_T,Total,_T,All age ranges or no breakdown by age,_T,Total,PS,Persons,_Z,Not Applicable,_Z,Not Applicable,_Z,Not Applicable,2018,9.6,FAO_CAHD,Cost and Affordability of a Healthy Diet (CoAHD),6,Millions,COUNT,Count (Integer),602,CCYY,A,Normal value,PU,Public
datastructure,WB.DATA360:DS_DATA360(1.2),I,A,Annual,VNM,Viet Nam,FAO_CAHD_7006,Number of people unable to afford a healthy diet (million),_T,Total,_T,All age ranges or no breakdown by age,_T,Total,PS,Persons,_Z,Not Applicable,_Z,Not Applicable,_Z,Not Applicable,2019,8.2,FAO_CAHD,Cost and Affordability of a Healthy Diet (CoAHD),6,Millions,COUNT,Count (Integer),602,CCYY,A,Normal value,PU,Public
datastructure,WB.DATA360:DS_DATA360(1.2),I,A,Annual,VNM,Viet Nam,FAO_CAHD_7006,Number of people unable to afford a healthy diet (million),_T,Total,_T,All age ranges or no breakdown by age,_T,Total,PS,Persons,_Z,Not Applicable,_Z,Not Applicable,_Z,Not Applicable,2020,9.0,FAO_CAHD,Cost and Affordability of a Healthy Diet (CoAHD),6,Millions,COUNT,Count (Integer),602,CCYY,A,Normal value,PU,Public
datastructure,WB.DATA360:DS_DATA360(1.2),I,A,Annual,VNM,Viet Nam,FAO_CAHD_7006,Number of people unable to afford a healthy diet (million),_T,Total,_T,All age ranges or no breakdown by age,_T,Total,PS,Persons,_Z,Not Applicable,_Z,Not Applicable,_Z,Not Applicable,2021,9.5,FAO_CAHD,Cost and Affordability of a Healthy Diet (CoAHD),6,Millions,COUNT,Count (Integer),602,CCYY,A,Normal value,PU,Public
datastructure,WB.DATA360:DS_DATA360(1.2),I,A,Annual,VNM,Viet Nam,FAO_CAHD_7006,Number of people unable to afford a healthy diet (million),_T,Total,_T,All age ranges or no breakdown by age,_T,Total,PS,Persons,_Z,Not Applicable,_Z,Not Applicable,_Z,Not Applicable,2022,9.3,FAO_CAHD,Cost and Affordability of a Healthy Diet (CoAHD),6,Millions,COUNT,Count (Integer),602,CCYY,A,Normal value,PU,Public
datastructure,WB.DATA360:DS_DATA360(1.2),I,A,Annual,VNM,Viet Nam,FAO_CAHD_7006,Number of people unable to afford a healthy diet (million),_T,Total,_T,All age ranges or no breakdown by age,_T,Total,PS,Persons,_Z,Not Applicable,_Z,Not Applicable,_Z,Not Applicable,2023,8.6,FAO_CAHD,Cost and Affordability of a Healthy Diet (CoAHD),6,Millions,COUNT,Count (Integer),602,CCYY,A,Normal value,PU,Public
datastructure,WB.DATA360:DS_DATA360(1.2),I,A,Annual,VNM,Viet Nam,FAO_CAHD_7006,Number of people unable to afford a healthy diet (million),_T,Total,_T,All age ranges or no breakdown by age,_T,Total,PS,Persons,_Z,Not Applicable,_Z,Not Applicable,_Z,Not Applicable,2024,8.0,FAO_CAHD,Cost and Affordability of a Healthy Diet (CoAHD),6,Millions,COUNT,Count (Integer),602,CCYY,A,Normal value,PU,Public
datastructure,WB.DATA360:DS_DATA360(1.2),I,A,Annual,GBR,United Kingdom,FAO_CAHD_7006,Number of people unable to afford a healthy diet (million),_T,Total,_T,All age ranges or no breakdown by age,_T,Total,PS,Persons,_Z,Not Applicable,_Z,Not Applicable,_Z,Not Applicable,2025,2.0,FAO_CAHD,Cost and Affordability of a Healthy Diet (CoAHD),6,Millions,COUNT,Count (Integer),602,CCYY,A,Normal value,PU,Public
datastructure,WB.DATA360:DS_DATA360(1.2),I,A,Annual,GBR,United Kingdom,FAO_CAHD_7006,Number of people unable to afford a healthy diet (million),_T,Total,_T,All age ranges or no breakdown by age,_T,Total,PS,Persons,_Z,Not Applicable,_Z,Not Applicable,_Z,Not Applicable,2024,2.0,FAO_CAHD,Cost and Affordability of a Healthy Diet (CoAHD),6,Millions,COUNT,Count (Integer),602,CCYY,A,Normal value,PU,Public
datastructure,WB.DATA360:DS_DATA360(1.2),I,A,Annual,TUN,Tunisia,FAO_CAHD_7006,Number of people unable to afford a healthy diet (million),_T,Total,_T,All age ranges or no breakdown by age,_T,Total,PS,Persons,_Z,Not Applicable,_Z,Not Applicable,_Z,Not Applicable,2025,1.1,FAO_CAHD,Cost and Affordability of a Healthy Diet (CoAHD),6,Millions,COUNT,Count (Integer),602,CCYY,A,Normal value,PU,Public
datastructure,WB.DATA360:DS_DATA360(1.2),I,A,Annual,TUR,Turkiye,FAO_CAHD_7006,Number of people unable to afford a healthy diet (million),_T,Total,_T,All age ranges or no breakdown by age,_T,Total,PS,Persons,_Z,Not Applicable,_Z,Not Applicable,_Z,Not Applicable,2017,12.6,FAO_CAHD,Cost and Affordability of a Healthy Diet (CoAHD),6,Millions,COUNT,Count (Integer),602,CCYY,A,Normal value,PU,Public
datastructure,WB.DATA360:DS_DATA360(1.2),I,A,Annual,TUR,Turkiye,FAO_CAHD_7006,Number of people unable to afford a healthy diet (million),_T,Total,_T,All age ranges or no breakdown by age,_T,Total,PS,Persons,_Z,Not Applicable,_Z,Not Applicable,_Z,Not Applicable,2025,3.5,FAO_CAHD,Cost and Affordability of a Healthy Diet (CoAHD),6,Millions,COUNT,Count (Integer),602,CCYY,A,Normal value,PU,Public
datastructure,WB.DATA360:DS_DATA360(1.2),I,A,Annual,TUR,Turkiye,FAO_CAHD_7006,Number of people unable to afford a healthy diet (million),_T,Total,_T,All age ranges or no breakdown by age,_T,Total,PS,Persons,_Z,Not Applicable,_Z,Not Applicable,_Z,Not Applicable,2018,11.9,FAO_CAHD,Cost and Affordability of a Healthy Diet (CoAHD),6,Millions,COUNT,Count (Integer),602,CCYY,A,Normal value,PU,Public
datastructure,WB.DATA360:DS_DATA360(1.2),I,A,Annual,TUR,Turkiye,FAO_CAHD_7006,Number of people unable to afford a healthy diet (million),_T,Total,_T,All age ranges or no breakdown by age,_T,Total,PS,Persons,_Z,Not Applicable,_Z,Not Applicable,_Z,Not Applicable,2019,12.9,FAO_CAHD,Cost and Affordability of a Healthy Diet (CoAHD),6,Millions,COUNT,Count (Integer),602,CCYY,A,Normal value,PU,Public
datastructure,WB.DATA360:DS_DATA360(1.2),I,A,Annual,TUR,Turkiye,FAO_CAHD_7006,Number of people unable to afford a healthy diet (million),_T,Total,_T,All age ranges or no breakdown by age,_T,Total,PS,Persons,_Z,Not Applicable,_Z,Not Applicable,_Z,Not Applicable,2020,12.4,FAO_CAHD,Cost and Affordability of a Healthy Diet (CoAHD),6,Millions,COUNT,Count (Integer),602,CCYY,A,Normal value,PU,Public
datastructure,WB.DATA360:DS_DATA360(1.2),I,A,Annual,TUR,Turkiye,FAO_CAHD_7006,Number of people unable to afford a healthy diet (million),_T,Total,_T,All age ranges or no breakdown by age,_T,Total,PS,Persons,_Z,Not Applicable,_Z,Not Applicable,_Z,Not Applicable,2021,11.1,FAO_CAHD,Cost and Affordability of a Healthy Diet (CoAHD),6,Millions,COUNT,Count (Integer),602,CCYY,A,Normal value,PU,Public
datastructure,WB.DATA360:DS_DATA360(1.2),I,A,Annual,TUR,Turkiye,FAO_CAHD_7006,Number of people unable to afford a healthy diet (million),_T,Total,_T,All age ranges or no breakdown by age,_T,Total,PS,Persons,_Z,Not Applicable,_Z,Not Applicable,_Z,Not Applicable,2022,10.2,FAO_CAHD,Cost and Affordability of a Healthy Diet (CoAHD),6,Millions,COUNT,Count (Integer),602,CCYY,A,Normal value,PU,Public
datastructure,WB.DATA360:DS_DATA360(1.2),I,A,Annual,TUR,Turkiye,FAO_CAHD_7006,Number of people unable to afford a healthy diet (million),_T,Total,_T,All age ranges or no breakdown by age,_T,Total,PS,Persons,_Z,Not Applicable,_Z,Not Applicable,_Z,Not Applicable,2023,4.8,FAO_CAHD,Cost and Affordability of a Healthy Diet (CoAHD),6,Millions,COUNT,Count (Integer),602,CCYY,A,Normal value,PU,Public
datastructure,WB.DATA360:DS_DATA360(1.2),I,A,Annual,TUR,Turkiye,FAO_CAHD_7006,Number of people unable to afford a healthy diet (million),_T,Total,_T,All age ranges or no breakdown by age,_T,Total,PS,Persons,_Z,Not Applicable,_Z,Not Applicable,_Z,Not Applicable,2024,4.0,FAO_CAHD,Cost and Affordability of a Healthy Diet (CoAHD),6,Millions,COUNT,Count (Integer),602,CCYY,A,Normal value,PU,Public
datastructure,WB.DATA360:DS_DATA360(1.2),I,A,Annual,TUN,Tunisia,FAO_CAHD_7006,Number of people unable to afford a healthy diet (million),_T,Total,_T,All age ranges or no breakdown by age,_T,Total,PS,Persons,_Z,Not Applicable,_Z,Not Applicable,_Z,Not Applicable,2024,1.1,FAO_CAHD,Cost and Affordability of a Healthy Diet (CoAHD),6,Millions,COUNT,Count (Integer),602,CCYY,A,Normal value,PU,Public
datastructure,WB.DATA360:DS_DATA360(1.2),I,A,Annual,TUN,Tunisia,FAO_CAHD_7006,Number of people unable to afford a healthy diet (million),_T,Total,_T,All age ranges or no breakdown by age,_T,Total,PS,Persons,_Z,Not Applicable,_Z,Not Applicable,_Z,Not Applicable,2023,1.0,FAO_CAHD,Cost and Affordability of a Healthy Diet (CoAHD),6,Millions,COUNT,Count (Integer),602,CCYY,A,Normal value,PU,Public
datastructure,WB.DATA360:DS_DATA360(1.2),I,A,Annual,TUN,Tunisia,FAO_CAHD_7006,Number of people unable to afford a healthy diet (million),_T,Total,_T,All age ranges or no breakdown by age,_T,Total,PS,Persons,_Z,Not Applicable,_Z,Not Applicable,_Z,Not Applicable,2022,0.9,FAO_CAHD,Cost and Affordability of a Healthy Diet (CoAHD),6,Millions,COUNT,Count (Integer),602,CCYY,A,Normal value,PU,Public
datastructure,WB.DATA360:DS_DATA360(1.2),I,A,Annual,TTO,Trinidad and Tobago,FAO_CAHD_7006,Number of people unable to afford a healthy diet (million),_T,Total,_T,All age ranges or no breakdown by age,_T,Total,PS,Persons,_Z,Not Applicable,_Z,Not Applicable,_Z,Not Applicable,2020,0.5,FAO_CAHD,Cost and Affordability of a Healthy Diet (CoAHD),6,Millions,COUNT,Count (Integer),602,CCYY,A,Normal value,PU,Public
datastructure,WB.DATA360:DS_DATA360(1.2),I,A,Annual,TTO,Trinidad and Tobago,FAO_CAHD_7006,Number of people unable to afford a healthy diet (million),_T,Total,_T,All age ranges or no breakdown by age,_T,Total,PS,Persons,_Z,Not Applicable,_Z,Not Applicable,_Z,Not Applicable,2017,0.4,FAO_CAHD,Cost and Affordability of a Healthy Diet (CoAHD),6,Millions,COUNT,Count (Integer),602,CCYY,A,Normal value,PU,Public
datastructure,WB.DATA360:DS_DATA360(1.2),I,A,Annual,TTO,Trinidad and Tobago,FAO_CAHD_7006,Number of people unable to afford a healthy diet (million),_T,Total,_T,All age ranges or no breakdown by age,_T,Total,PS,Persons,_Z,Not Applicable,_Z,Not Applicable,_Z,Not Applicable,2018,0.4,FAO_CAHD,Cost and Affordability of a Healthy Diet (CoAHD),6,Millions,COUNT,Count (Integer),602,CCYY,A,Normal value,PU,Public
datastructure,WB.DATA360:DS_DATA360(1.2),I,A,Annual,TTO,Trinidad and Tobago,FAO_CAHD_7006,Number of people unable to afford a healthy diet (million),_T,Total,_T,All age ranges or no breakdown by age,_T,Total,PS,Persons,_Z,Not Applicable,_Z,Not Applicable,_Z,Not Applicable,2019,0.4,FAO_CAHD,Cost and Affordability of a Healthy Diet (CoAHD),6,Millions,COUNT,Count (Integer),602,CCYY,A,Normal value,PU,Public
datastructure,WB.DATA360:DS_DATA360(1.2),I,A,Annual,TTO,Trinidad and Tobago,FAO_CAHD_7006,Number of people unable to afford a healthy diet (million),_T,Total,_T,All age ranges or no breakdown by age,_T,Total,PS,Persons,_Z,Not Applicable,_Z,Not Applicable,_Z,Not Applicable,2021,0.5,FAO_CAHD,Cost and Affordability of a Healthy Diet (CoAHD),6,Millions,COUNT,Count (Integer),602,CCYY,A,Normal value,PU,Public
datastructure,WB.DATA360:DS_DATA360(1.2),I,A,Annual,TTO,Trinidad and Tobago,FAO_CAHD_7006,Number of people unable to afford a healthy diet (million),_T,Total,_T,All age ranges or no breakdown by age,_T,Total,PS,Persons,_Z,Not Applicable,_Z,Not Applicable,_Z,Not Applicable,2022,0.5,FAO_CAHD,Cost and Affordability of a Healthy Diet (CoAHD),6,Millions,COUNT,Count (Integer),602,CCYY,A,Normal value,PU,Public
datastructure,WB.DATA360:DS_DATA360(1.2),I,A,Annual,TTO,Trinidad and Tobago,FAO_CAHD_7006,Number of people unable to afford a healthy diet (million),_T,Total,_T,All age ranges or no breakdown by age,_T,Total,PS,Persons,_Z,Not Applicable,_Z,Not Applicable,_Z,Not Applicable,2023,0.5,FAO_CAHD,Cost and Affordability of a Healthy Diet (CoAHD),6,Millions,COUNT,Count (Integer),602,CCYY,A,Normal value,PU,Public
datastructure,WB.DATA360:DS_DATA360(1.2),I,A,Annual,TTO,Trinidad and Tobago,FAO_CAHD_7006,Number of people unable to afford a healthy diet (million),_T,Total,_T,All age ranges or no breakdown by age,_T,Total,PS,Persons,_Z,Not Applicable,_Z,Not Applicable,_Z,Not Applicable,2024,0.5,FAO_CAHD,Cost and Affordability of a Healthy Diet (CoAHD),6,Millions,COUNT,Count (Integer),602,CCYY,A,Normal value,PU,Public
datastructure,WB.DATA360:DS_DATA360(1.2),I,A,Annual,TTO,Trinidad and Tobago,FAO_CAHD_7006,Number of people unable to afford a healthy diet (million),_T,Total,_T,All age ranges or no breakdown by age,_T,Total,PS,Persons,_Z,Not Applicable,_Z,Not Applicable,_Z,Not Applicable,2025,0.5,FAO_CAHD,Cost and Affordability of a Healthy Diet (CoAHD),6,Millions,COUNT,Count (Integer),602,CCYY,A,Normal value,PU,Public
datastructure,WB.DATA360:DS_DATA360(1.2),I,A,Annual,TUN,Tunisia,FAO_CAHD_7006,Number of people unable to afford a healthy diet (million),_T,Total,_T,All age ranges or no breakdown by age,_T,Total,PS,Persons,_Z,Not Applicable,_Z,Not Applicable,_Z,Not Applicable,2021,0.9,FAO_CAHD,Cost and Affordability of a Healthy Diet (CoAHD),6,Millions,COUNT,Count (Integer),602,CCYY,A,Normal value,PU,Public
datastructure,WB.DATA360:DS_DATA360(1.2),I,A,Annual,TUN,Tunisia,FAO_CAHD_7006,Number of people unable to afford a healthy diet (million),_T,Total,_T,All age ranges or no breakdown by age,_T,Total,PS,Persons,_Z,Not Applicable,_Z,Not Applicable,_Z,Not Applicable,2017,0.9,FAO_CAHD,Cost and Affordability of a Healthy Diet (CoAHD),6,Millions,COUNT,Count (Integer),602,CCYY,A,Normal value,PU,Public
datastructure,WB.DATA360:DS_DATA360(1.2),I,A,Annual,TUN,Tunisia,FAO_CAHD_7006,Number of people unable to afford a healthy diet (million),_T,Total,_T,All age ranges or no breakdown by age,_T,Total,PS,Persons,_Z,Not Applicable,_Z,Not Applicable,_Z,Not Applicable,2018,0.9,FAO_CAHD,Cost and Affordability of a Healthy Diet (CoAHD),6,Millions,COUNT,Count (Integer),602,CCYY,A,Normal value,PU,Public
datastructure,WB.DATA360:DS_DATA360(1.2),I,A,Annual,TUN,Tunisia,FAO_CAHD_7006,Number of people unable to afford a healthy diet (million),_T,Total,_T,All age ranges or no breakdown by age,_T,Total,PS,Persons,_Z,Not Applicable,_Z,Not Applicable,_Z,Not Applicable,2019,0.9,FAO_CAHD,Cost and Affordability of a Healthy Diet (CoAHD),6,Millions,COUNT,Count (Integer),602,CCYY,A,Normal value,PU,Public
datastructure,WB.DATA360:DS_DATA360(1.2),I,A,Annual,TUN,Tunisia,FAO_CAHD_7006,Number of people unable to afford a healthy diet (million),_T,Total,_T,All age ranges or no breakdown by age,_T,Total,PS,Persons,_Z,Not Applicable,_Z,Not Applicable,_Z,Not Applicable,2020,1.0,FAO_CAHD,Cost and Affordability of a Healthy Diet (CoAHD),6,Millions,COUNT,Count (Integer),602,CCYY,A,Normal value,PU,Public
datastructure,WB.DATA360:DS_DATA360(1.2),I,A,Annual,GBR,United Kingdom,FAO_CAHD_7006,Number of people unable to afford a healthy diet (million),_T,Total,_T,All age ranges or no breakdown by age,_T,Total,PS,Persons,_Z,Not Applicable,_Z,Not Applicable,_Z,Not Applicable,2023,2.0,FAO_CAHD,Cost and Affordability of a Healthy Diet (CoAHD),6,Millions,COUNT,Count (Integer),602,CCYY,A,Normal value,PU,Public
datastructure,WB.DATA360:DS_DATA360(1.2),I,A,Annual,ARE,United Arab Emirates,FAO_CAHD_7006,Number of people unable to afford a healthy diet (million),_T,Total,_T,All age ranges or no breakdown by age,_T,Total,PS,Persons,_Z,Not Applicable,_Z,Not Applicable,_Z,Not Applicable,2017,0.3,FAO_CAHD,Cost and Affordability of a Healthy Diet (CoAHD),6,Millions,COUNT,Count (Integer),602,CCYY,A,Normal value,PU,Public
datastructure,WB.DATA360:DS_DATA360(1.2),I,A,Annual,ARE,United Arab Emirates,FAO_CAHD_7006,Number of people unable to afford a healthy diet (million),_T,Total,_T,All age ranges or no breakdown by age,_T,Total,PS,Persons,_Z,Not Applicable,_Z,Not Applicable,_Z,Not Applicable,2018,0.3,FAO_CAHD,Cost and Affordability of a Healthy Diet (CoAHD),6,Millions,COUNT,Count (Integer),602,CCYY,A,Normal value,PU,Public
datastructure,WB.DATA360:DS_DATA360(1.2),I,A,Annual,ARE,United Arab Emirates,FAO_CAHD_7006,Number of people unable to afford a healthy diet (million),_T,Total,_T,All age ranges or no breakdown by age,_T,Total,PS,Persons,_Z,Not Applicable,_Z,Not Applicable,_Z,Not Applicable,2019,0.3,FAO_CAHD,Cost and Affordability of a Healthy Diet (CoAHD),6,Millions,COUNT,Count (Integer),602,CCYY,A,Normal value,PU,Public
datastructure,WB.DATA360:DS_DATA360(1.2),I,A,Annual,ARE,United Arab Emirates,FAO_CAHD_7006,Number of people unable to afford a healthy diet (million),_T,Total,_T,All age ranges or no breakdown by age,_T,Total,PS,Persons,_Z,Not Applicable,_Z,Not Applicable,_Z,Not Applicable,2020,0.3,FAO_CAHD,Cost and Affordability of a Healthy Diet (CoAHD),6,Millions,COUNT,Count (Integer),602,CCYY,A,Normal value,PU,Public
datastructure,WB.DATA360:DS_DATA360(1.2),I,A,Annual,ARE,United Arab Emirates,FAO_CAHD_7006,Number of people unable to afford a healthy diet (million),_T,Total,_T,All age ranges or no breakdown by age,_T,Total,PS,Persons,_Z,Not Applicable,_Z,Not Applicable,_Z,Not Applicable,2021,0.3,FAO_CAHD,Cost and Affordability of a Healthy Diet (CoAHD),6,Millions,COUNT,Count (Integer),602,CCYY,A,Normal value,PU,Public
datastructure,WB.DATA360:DS_DATA360(1.2),I,A,Annual,ARE,United Arab Emirates,FAO_CAHD_7006,Number of people unable to afford a healthy diet (million),_T,Total,_T,All age ranges or no breakdown by age,_T,Total,PS,Persons,_Z,Not Applicable,_Z,Not Applicable,_Z,Not Applicable,2022,0.2,FAO_CAHD,Cost and Affordability of a Healthy Diet (CoAHD),6,Millions,COUNT,Count (Integer),602,CCYY,A,Normal value,PU,Public
datastructure,WB.DATA360:DS_DATA360(1.2),I,A,Annual,ARE,United Arab Emirates,FAO_CAHD_7006,Number of people unable to afford a healthy diet (million),_T,Total,_T,All age ranges or no breakdown by age,_T,Total,PS,Persons,_Z,Not Applicable,_Z,Not Applicable,_Z,Not Applicable,2023,0.2,FAO_CAHD,Cost and Affordability of a Healthy Diet (CoAHD),6,Millions,COUNT,Count (Integer),602,CCYY,A,Normal value,PU,Public
datastructure,WB.DATA360:DS_DATA360(1.2),I,A,Annual,ARE,United Arab Emirates,FAO_CAHD_7006,Number of people unable to afford a healthy diet (million),_T,Total,_T,All age ranges or no breakdown by age,_T,Total,PS,Persons,_Z,Not Applicable,_Z,Not Applicable,_Z,Not Applicable,2024,0.2,FAO_CAHD,Cost and Affordability of a Healthy Diet (CoAHD),6,Millions,COUNT,Count (Integer),602,CCYY,A,Normal value,PU,Public
datastructure,WB.DATA360:DS_DATA360(1.2),I,A,Annual,ARE,United Arab Emirates,FAO_CAHD_7006,Number of people unable to afford a healthy diet (million),_T,Total,_T,All age ranges or no breakdown by age,_T,Total,PS,Persons,_Z,Not Applicable,_Z,Not Applicable,_Z,Not Applicable,2025,0.2,FAO_CAHD,Cost and Affordability of a Healthy Diet (CoAHD),6,Millions,COUNT,Count (Integer),602,CCYY,A,Normal value,PU,Public
datastructure,WB.DATA360:DS_DATA360(1.2),I,A,Annual,GBR,United Kingdom,FAO_CAHD_7006,Number of people unable to afford a healthy diet (million),_T,Total,_T,All age ranges or no breakdown by age,_T,Total,PS,Persons,_Z,Not Applicable,_Z,Not Applicable,_Z,Not Applicable,2017,2.4,FAO_CAHD,Cost and Affordability of a Healthy Diet (CoAHD),6,Millions,COUNT,Count (Integer),602,CCYY,A,Normal value,PU,Public
datastructure,WB.DATA360:DS_DATA360(1.2),I,A,Annual,GBR,United Kingdom,FAO_CAHD_7006,Number of people unable to afford a healthy diet (million),_T,Total,_T,All age ranges or no breakdown by age,_T,Total,PS,Persons,_Z,Not Applicable,_Z,Not Applicable,_Z,Not Applicable,2018,2.6,FAO_CAHD,Cost and Affordability of a Healthy Diet (CoAHD),6,Millions,COUNT,Count (Integer),602,CCYY,A,Normal value,PU,Public
datastructure,WB.DATA360:DS_DATA360(1.2),I,A,Annual,GBR,United Kingdom,FAO_CAHD_7006,Number of people unable to afford a healthy diet (million),_T,Total,_T,All age ranges or no breakdown by age,_T,Total,PS,Persons,_Z,Not Applicable,_Z,Not Applicable,_Z,Not Applicable,2019,2.4,FAO_CAHD,Cost and Affordability of a Healthy Diet (CoAHD),6,Millions,COUNT,Count (Integer),602,CCYY,A,Normal value,PU,Public
datastructure,WB.DATA360:DS_DATA360(1.2),I,A,Annual,GBR,United Kingdom,FAO_CAHD_7006,Number of people unable to afford a healthy diet (million),_T,Total,_T,All age ranges or no breakdown by age,_T,Total,PS,Persons,_Z,Not Applicable,_Z,Not Applicable,_Z,Not Applicable,2020,2.1,FAO_CAHD,Cost and Affordability of a Healthy Diet (CoAHD),6,Millions,COUNT,Count (Integer),602,CCYY,A,Normal value,PU,Public
datastructure,WB.DATA360:DS_DATA360(1.2),I,A,Annual,GBR,United Kingdom,FAO_CAHD_7006,Number of people unable to afford a healthy diet (million),_T,Total,_T,All age ranges or no breakdown by age,_T,Total,PS,Persons,_Z,Not Applicable,_Z,Not Applicable,_Z,Not Applicable,2021,2.1,FAO_CAHD,Cost and Affordability of a Healthy Diet (CoAHD),6,Millions,COUNT,Count (Integer),602,CCYY,A,Normal value,PU,Public
datastructure,WB.DATA360:DS_DATA360(1.2),I,A,Annual,GBR,United Kingdom,FAO_CAHD_7006,Number of people unable to afford a healthy diet (million),_T,Total,_T,All age ranges or no breakdown by age,_T,Total,PS,Persons,_Z,Not Applicable,_Z,Not Applicable,_Z,Not Applicable,2022,1.9,FAO_CAHD,Cost and Affordability of a Healthy Diet (CoAHD),6,Millions,COUNT,Count (Integer),602,CCYY,A,Normal value,PU,Public
datastructure,WB.DATA360:DS_DATA360(1.2),I,A,Annual,UGA,Uganda,FAO_CAHD_7006,Number of people unable to afford a healthy diet (million),_T,Total,_T,All age ranges or no breakdown by age,_T,Total,PS,Persons,_Z,Not Applicable,_Z,Not Applicable,_Z,Not Applicable,2022,35.8,FAO_CAHD,Cost and Affordability of a Healthy Diet (CoAHD),6,Millions,COUNT,Count (Integer),602,CCYY,A,Normal value,PU,Public
datastructure,WB.DATA360:DS_DATA360(1.2),I,A,Annual,UGA,Uganda,FAO_CAHD_7006,Number of people unable to afford a healthy diet (million),_T,Total,_T,All age ranges or no breakdown by age,_T,Total,PS,Persons,_Z,Not Applicable,_Z,Not Applicable,_Z,Not Applicable,2023,37.2,FAO_CAHD,Cost and Affordability of a Healthy Diet (CoAHD),6,Millions,COUNT,Count (Integer),602,CCYY,A,Normal value,PU,Public
datastructure,WB.DATA360:DS_DATA360(1.2),I,A,Annual,UGA,Uganda,FAO_CAHD_7006,Number of people unable to afford a healthy diet (million),_T,Total,_T,All age ranges or no breakdown by age,_T,Total,PS,Persons,_Z,Not Applicable,_Z,Not Applicable,_Z,Not Applicable,2024,37.2,FAO_CAHD,Cost and Affordability of a Healthy Diet (CoAHD),6,Millions,COUNT,Count (Integer),602,CCYY,A,Normal value,PU,Public
datastructure,WB.DATA360:DS_DATA360(1.2),I,A,Annual,UGA,Uganda,FAO_CAHD_7006,Number of people unable to afford a healthy diet (million),_T,Total,_T,All age ranges or no breakdown by age,_T,Total,PS,Persons,_Z,Not Applicable,_Z,Not Applicable,_Z,Not Applicable,2025,37.8,FAO_CAHD,Cost and Affordability of a Healthy Diet (CoAHD),6,Millions,COUNT,Count (Integer),602,CCYY,A,Normal value,PU,Public
datastructure,WB.DATA360:DS_DATA360(1.2),I,A,Annual,UGA,Uganda,FAO_CAHD_7006,Number of people unable to afford a healthy diet (million),_T,Total,_T,All age ranges or no breakdown by age,_T,Total,PS,Persons,_Z,Not Applicable,_Z,Not Applicable,_Z,Not Applicable,2020,33.4,FAO_CAHD,Cost and Affordability of a Healthy Diet (CoAHD),6,Millions,COUNT,Count (Integer),602,CCYY,A,Normal value,PU,Public
datastructure,WB.DATA360:DS_DATA360(1.2),I,A,Annual,UGA,Uganda,FAO_CAHD_7006,Number of people unable to afford a healthy diet (million),_T,Total,_T,All age ranges or no breakdown by age,_T,Total,PS,Persons,_Z,Not Applicable,_Z,Not Applicable,_Z,Not Applicable,2021,34.3,FAO_CAHD,Cost and Affordability of a Healthy Diet (CoAHD),6,Millions,COUNT,Count (Integer),602,CCYY,A,Normal value,PU,Public
datastructure,WB.DATA360:DS_DATA360(1.2),I,A,Annual,UGA,Uganda,FAO_CAHD_7006,Number of people unable to afford a healthy diet (million),_T,Total,_T,All age ranges or no breakdown by age,_T,Total,PS,Persons,_Z,Not Applicable,_Z,Not Applicable,_Z,Not Applicable,2019,32.3,FAO_CAHD,Cost and Affordability of a Healthy Diet (CoAHD),6,Millions,COUNT,Count (Integer),602,CCYY,A,Normal value,PU,Public
datastructure,WB.DATA360:DS_DATA360(1.2),I,A,Annual,UGA,Uganda,FAO_CAHD_7006,Number of people unable to afford a healthy diet (million),_T,Total,_T,All age ranges or no breakdown by age,_T,Total,PS,Persons,_Z,Not Applicable,_Z,Not Applicable,_Z,Not Applicable,2018,31.5,FAO_CAHD,Cost and Affordability of a Healthy Diet (CoAHD),6,Millions,COUNT,Count (Integer),602,CCYY,A,Normal value,PU,Public
datastructure,WB.DATA360:DS_DATA360(1.2),I,A,Annual,UGA,Uganda,FAO_CAHD_7006,Number of people unable to afford a healthy diet (million),_T,Total,_T,All age ranges or no breakdown by age,_T,Total,PS,Persons,_Z,Not Applicable,_Z,Not Applicable,_Z,Not Applicable,2017,31.0,FAO_CAHD,Cost and Affordability of a Healthy Diet (CoAHD),6,Millions,COUNT,Count (Integer),602,CCYY,A,Normal value,PU,Public
datastructure,WB.DATA360:DS_DATA360(1.2),I,A,Annual,CHL,Chile,FAO_CAHD_7006,Number of people unable to afford a healthy diet (million),_T,Total,_T,All age ranges or no breakdown by age,_T,Total,PS,Persons,_Z,Not Applicable,_Z,Not Applicable,_Z,Not Applicable,2017,9.3,FAO_CAHD,Cost and Affordability of a Healthy Diet (CoAHD),6,Millions,COUNT,Count (Integer),602,CCYY,A,Normal value,PU,Public
datastructure,WB.DATA360:DS_DATA360(1.2),I,A,Annual,CHL,Chile,FAO_CAHD_7006,Number of people unable to afford a healthy diet (million),_T,Total,_T,All age ranges or no breakdown by age,_T,Total,PS,Persons,_Z,Not Applicable,_Z,Not Applicable,_Z,Not Applicable,2018,9.1,FAO_CAHD,Cost and Affordability of a Healthy Diet (CoAHD),6,Millions,COUNT,Count (Integer),602,CCYY,A,Normal value,PU,Public
datastructure,WB.DATA360:DS_DATA360(1.2),I,A,Annual,CHL,Chile,FAO_CAHD_7006,Number of people unable to afford a healthy diet (million),_T,Total,_T,All age ranges or no breakdown by age,_T,Total,PS,Persons,_Z,Not Applicable,_Z,Not Applicable,_Z,Not Applicable,2019,9.1,FAO_CAHD,Cost and Affordability of a Healthy Diet (CoAHD),6,Millions,COUNT,Count (Integer),602,CCYY,A,Normal value,PU,Public
datastructure,WB.DATA360:DS_DATA360(1.2),I,A,Annual,CHL,Chile,FAO_CAHD_7006,Number of people unable to afford a healthy diet (million),_T,Total,_T,All age ranges or no breakdown by age,_T,Total,PS,Persons,_Z,Not Applicable,_Z,Not Applicable,_Z,Not Applicable,2020,10.0,FAO_CAHD,Cost and Affordability of a Healthy Diet (CoAHD),6,Millions,COUNT,Count (Integer),602,CCYY,A,Normal value,PU,Public
datastructure,WB.DATA360:DS_DATA360(1.2),I,A,Annual,CHL,Chile,FAO_CAHD_7006,Number of people unable to afford a healthy diet (million),_T,Total,_T,All age ranges or no breakdown by age,_T,Total,PS,Persons,_Z,Not Applicable,_Z,Not Applicable,_Z,Not Applicable,2021,8.7,FAO_CAHD,Cost and Affordability of a Healthy Diet (CoAHD),6,Millions,COUNT,Count (Integer),602,CCYY,A,Normal value,PU,Public
datastructure,WB.DATA360:DS_DATA360(1.2),I,A,Annual,CHL,Chile,FAO_CAHD_7006,Number of people unable to afford a healthy diet (million),_T,Total,_T,All age ranges or no breakdown by age,_T,Total,PS,Persons,_Z,Not Applicable,_Z,Not Applicable,_Z,Not Applicable,2022,8.3,FAO_CAHD,Cost and Affordability of a Healthy Diet (CoAHD),6,Millions,COUNT,Count (Integer),602,CCYY,A,Normal value,PU,Public
datastructure,WB.DATA360:DS_DATA360(1.2),I,A,Annual,CHL,Chile,FAO_CAHD_7006,Number of people unable to afford a healthy diet (million),_T,Total,_T,All age ranges or no breakdown by age,_T,Total,PS,Persons,_Z,Not Applicable,_Z,Not Applicable,_Z,Not Applicable,2023,8.3,FAO_CAHD,Cost and Affordability of a Healthy Diet (CoAHD),6,Millions,COUNT,Count (Integer),602,CCYY,A,Normal value,PU,Public
datastructure,WB.DATA360:DS_DATA360(1.2),I,A,Annual,CHL,Chile,FAO_CAHD_7006,Number of people unable to afford a healthy diet (million),_T,Total,_T,All age ranges or no breakdown by age,_T,Total,PS,Persons,_Z,Not Applicable,_Z,Not Applicable,_Z,Not Applicable,2024,7.5,FAO_CAHD,Cost and Affordability of a Healthy Diet (CoAHD),6,Millions,COUNT,Count (Integer),602,CCYY,A,Normal value,PU,Public
datastructure,WB.DATA360:DS_DATA360(1.2),I,A,Annual,CHL,Chile,FAO_CAHD_7006,Number of people unable to afford a healthy diet (million),_T,Total,_T,All age ranges or no breakdown by age,_T,Total,PS,Persons,_Z,Not Applicable,_Z,Not Applicable,_Z,Not Applicable,2025,7.3,FAO_CAHD,Cost and Affordability of a Healthy Diet (CoAHD),6,Millions,COUNT,Count (Integer),602,CCYY,A,Normal value,PU,Public
datastructure,WB.DATA360:DS_DATA360(1.2),I,A,Annual,CAF,Central African Republic,FAO_CAHD_7006,Number of people unable to afford a healthy diet (million),_T,Total,_T,All age ranges or no breakdown by age,_T,Total,PS,Persons,_Z,Not Applicable,_Z,Not Applicable,_Z,Not Applicable,2025,4.8,FAO_CAHD,Cost and Affordability of a Healthy Diet (CoAHD),6,Millions,COUNT,Count (Integer),602,CCYY,A,Normal value,PU,Public
datastructure,WB.DATA360:DS_DATA360(1.2),I,A,Annual,CAF,Central African Republic,FAO_CAHD_7006,Number of people unable to afford a healthy diet (million),_T,Total,_T,All age ranges or no breakdown by age,_T,Total,PS,Persons,_Z,Not Applicable,_Z,Not Applicable,_Z,Not Applicable,2024,4.7,FAO_CAHD,Cost and Affordability of a Healthy Diet (CoAHD),6,Millions,COUNT,Count (Integer),602,CCYY,A,Normal value,PU,Public
datastructure,WB.DATA360:DS_DATA360(1.2),I,A,Annual,CAF,Central African Republic,FAO_CAHD_7006,Number of people unable to afford a healthy diet (million),_T,Total,_T,All age ranges or no breakdown by age,_T,Total,PS,Persons,_Z,Not Applicable,_Z,Not Applicable,_Z,Not Applicable,2017,4.1,FAO_CAHD,Cost and Affordability of a Healthy Diet (CoAHD),6,Millions,COUNT,Count (Integer),602,CCYY,A,Normal value,PU,Public
datastructure,WB.DATA360:DS_DATA360(1.2),I,A,Annual,CAF,Central African Republic,FAO_CAHD_7006,Number of people unable to afford a healthy diet (million),_T,Total,_T,All age ranges or no breakdown by age,_T,Total,PS,Persons,_Z,Not Applicable,_Z,Not Applicable,_Z,Not Applicable,2018,4.2,FAO_CAHD,Cost and Affordability of a Healthy Diet (CoAHD),6,Millions,COUNT,Count (Integer),602,CCYY,A,Normal value,PU,Public
datastructure,WB.DATA360:DS_DATA360(1.2),I,A,Annual,CAF,Central African Republic,FAO_CAHD_7006,Number of people unable to afford a healthy diet (million),_T,Total,_T,All age ranges or no breakdown by age,_T,Total,PS,Persons,_Z,Not Applicable,_Z,Not Applicable,_Z,Not Applicable,2019,4.2,FAO_CAHD,Cost and Affordability of a Healthy Diet (CoAHD),6,Millions,COUNT,Count (Integer),602,CCYY,A,Normal value,PU,Public
datastructure,WB.DATA360:DS_DATA360(1.2),I,A,Annual,CAF,Central African Republic,FAO_CAHD_7006,Number of people unable to afford a healthy diet (million),_T,Total,_T,All age ranges or no breakdown by age,_T,Total,PS,Persons,_Z,Not Applicable,_Z,Not Applicable,_Z,Not Applicable,2020,4.3,FAO_CAHD,Cost and Affordability of a Healthy Diet (CoAHD),6,Millions,COUNT,Count (Integer),602,CCYY,A,Normal value,PU,Public
datastructure,WB.DATA360:DS_DATA360(1.2),I,A,Annual,CAF,Central African Republic,FAO_CAHD_7006,Number of people unable to afford a healthy diet (million),_T,Total,_T,All age ranges or no breakdown by age,_T,Total,PS,Persons,_Z,Not Applicable,_Z,Not Applicable,_Z,Not Applicable,2021,4.5,FAO_CAHD,Cost and Affordability of a Healthy Diet (CoAHD),6,Millions,COUNT,Count (Integer),602,CCYY,A,Normal value,PU,Public
datastructure,WB.DATA360:DS_DATA360(1.2),I,A,Annual,CAF,Central African Republic,FAO_CAHD_7006,Number of people unable to afford a healthy diet (million),_T,Total,_T,All age ranges or no breakdown by age,_T,Total,PS,Persons,_Z,Not Applicable,_Z,Not Applicable,_Z,Not Applicable,2022,4.4,FAO_CAHD,Cost and Affordability of a Healthy Diet (CoAHD),6,Millions,COUNT,Count (Integer),602,CCYY,A,Normal value,PU,Public
datastructure,WB.DATA360:DS_DATA360(1.2),I,A,Annual,CAF,Central African Republic,FAO_CAHD_7006,Number of people unable to afford a healthy diet (million),_T,Total,_T,All age ranges or no breakdown by age,_T,Total,PS,Persons,_Z,Not Applicable,_Z,Not Applicable,_Z,Not Applicable,2023,4.5,FAO_CAHD,Cost and Affordability of a Healthy Diet (CoAHD),6,Millions,COUNT,Count (Integer),602,CCYY,A,Normal value,PU,Public
datastructure,WB.DATA360:DS_DATA360(1.2),I,A,Annual,TCD,Chad,FAO_CAHD_7006,Number of people unable to afford a healthy diet (million),_T,Total,_T,All age ranges or no breakdown by age,_T,Total,PS,Persons,_Z,Not Applicable,_Z,Not Applicable,_Z,Not Applicable,2021,11.1,FAO_CAHD,Cost and Affordability of a Healthy Diet (CoAHD),6,Millions,COUNT,Count (Integer),602,CCYY,A,Normal value,PU,Public
datastructure,WB.DATA360:DS_DATA360(1.2),I,A,Annual,TCD,Chad,FAO_CAHD_7006,Number of people unable to afford a healthy diet (million),_T,Total,_T,All age ranges or no breakdown by age,_T,Total,PS,Persons,_Z,Not Applicable,_Z,Not Applicable,_Z,Not Applicable,2022,11.7,FAO_CAHD,Cost and Affordability of a Healthy Diet (CoAHD),6,Millions,COUNT,Count (Integer),602,CCYY,A,Normal value,PU,Public
datastructure,WB.DATA360:DS_DATA360(1.2),I,A,Annual,TCD,Chad,FAO_CAHD_7006,Number of people unable to afford a healthy diet (million),_T,Total,_T,All age ranges or no breakdown by age,_T,Total,PS,Persons,_Z,Not Applicable,_Z,Not Applicable,_Z,Not Applicable,2023,12.6,FAO_CAHD,Cost and Affordability of a Healthy Diet (CoAHD),6,Millions,COUNT,Count (Integer),602,CCYY,A,Normal value,PU,Public
datastructure,WB.DATA360:DS_DATA360(1.2),I,A,Annual,TCD,Chad,FAO_CAHD_7006,Number of people unable to afford a healthy diet (million),_T,Total,_T,All age ranges or no breakdown by age,_T,Total,PS,Persons,_Z,Not Applicable,_Z,Not Applicable,_Z,Not Applicable,2024,13.5,FAO_CAHD,Cost and Affordability of a Healthy Diet (CoAHD),6,Millions,COUNT,Count (Integer),602,CCYY,A,Normal value,PU,Public
datastructure,WB.DATA360:DS_DATA360(1.2),I,A,Annual,TCD,Chad,FAO_CAHD_7006,Number of people unable to afford a healthy diet (million),_T,Total,_T,All age ranges or no breakdown by age,_T,Total,PS,Persons,_Z,Not Applicable,_Z,Not Applicable,_Z,Not Applicable,2025,14.0,FAO_CAHD,Cost and Affordability of a Healthy Diet (CoAHD),6,Millions,COUNT,Count (Integer),602,CCYY,A,Normal value,PU,Public
datastructure,WB.DATA360:DS_DATA360(1.2),I,A,Annual,TCD,Chad,FAO_CAHD_7006,Number of people unable to afford a healthy diet (million),_T,Total,_T,All age ranges or no breakdown by age,_T,Total,PS,Persons,_Z,Not Applicable,_Z,Not Applicable,_Z,Not Applicable,2019,9.9,FAO_CAHD,Cost and Affordability of a Healthy Diet (CoAHD),6,Millions,COUNT,Count (Integer),602,CCYY,A,Normal value,PU,Public
datastructure,WB.DATA360:DS_DATA360(1.2),I,A,Annual,TCD,Chad,FAO_CAHD_7006,Number of people unable to afford a healthy diet (million),_T,Total,_T,All age ranges or no breakdown by age,_T,Total,PS,Persons,_Z,Not Applicable,_Z,Not Applicable,_Z,Not Applicable,2020,10.7,FAO_CAHD,Cost and Affordability of a Healthy Diet (CoAHD),6,Millions,COUNT,Count (Integer),602,CCYY,A,Normal value,PU,Public
datastructure,WB.DATA360:DS_DATA360(1.2),I,A,Annual,TCD,Chad,FAO_CAHD_7006,Number of people unable to afford a healthy diet (million),_T,Total,_T,All age ranges or no breakdown by age,_T,Total,PS,Persons,_Z,Not Applicable,_Z,Not Applicable,_Z,Not Applicable,2018,10.2,FAO_CAHD,Cost and Affordability of a Healthy Diet (CoAHD),6,Millions,COUNT,Count (Integer),602,CCYY,A,Normal value,PU,Public
datastructure,WB.DATA360:DS_DATA360(1.2),I,A,Annual,TCD,Chad,FAO_CAHD_7006,Number of people unable to afford a healthy diet (million),_T,Total,_T,All age ranges or no breakdown by age,_T,Total,PS,Persons,_Z,Not Applicable,_Z,Not Applicable,_Z,Not Applicable,2017,10.5,FAO_CAHD,Cost and Affordability of a Healthy Diet (CoAHD),6,Millions,COUNT,Count (Integer),602,CCYY,A,Normal value,PU,Public
datastructure,WB.DATA360:DS_DATA360(1.2),I,A,Annual,CHN,China,FAO_CAHD_7006,Number of people unable to afford a healthy diet (million),_T,Total,_T,All age ranges or no breakdown by age,_T,Total,PS,Persons,_Z,Not Applicable,_Z,Not Applicable,_Z,Not Applicable,2017,406.5,FAO_CAHD,Cost and Affordability of a Healthy Diet (CoAHD),6,Millions,COUNT,Count (Integer),602,CCYY,A,Normal value,PU,Public
datastructure,WB.DATA360:DS_DATA360(1.2),I,A,Annual,CHN,China,FAO_CAHD_7006,Number of people unable to afford a healthy diet (million),_T,Total,_T,All age ranges or no breakdown by age,_T,Total,PS,Persons,_Z,Not Applicable,_Z,Not Applicable,_Z,Not Applicable,2018,353.8,FAO_CAHD,Cost and Affordability of a Healthy Diet (CoAHD),6,Millions,COUNT,Count (Integer),602,CCYY,A,Normal value,PU,Public
datastructure,WB.DATA360:DS_DATA360(1.2),I,A,Annual,CHN,China,FAO_CAHD_7006,Number of people unable to afford a healthy diet (million),_T,Total,_T,All age ranges or no breakdown by age,_T,Total,PS,Persons,_Z,Not Applicable,_Z,Not Applicable,_Z,Not Applicable,2019,326.1,FAO_CAHD,Cost and Affordability of a Healthy Diet (CoAHD),6,Millions,COUNT,Count (Integer),602,CCYY,A,Normal value,PU,Public
datastructure,WB.DATA360:DS_DATA360(1.2),I,A,Annual,CHN,China,FAO_CAHD_7006,Number of people unable to afford a healthy diet (million),_T,Total,_T,All age ranges or no breakdown by age,_T,Total,PS,Persons,_Z,Not Applicable,_Z,Not Applicable,_Z,Not Applicable,2020,354.1,FAO_CAHD,Cost and Affordability of a Healthy Diet (CoAHD),6,Millions,COUNT,Count (Integer),602,CCYY,A,Normal value,PU,Public
datastructure,WB.DATA360:DS_DATA360(1.2),I,A,Annual,CHN,China,FAO_CAHD_7006,Number of people unable to afford a healthy diet (million),_T,Total,_T,All age ranges or no breakdown by age,_T,Total,PS,Persons,_Z,Not Applicable,_Z,Not Applicable,_Z,Not Applicable,2021,236.3,FAO_CAHD,Cost and Affordability of a Healthy Diet (CoAHD),6,Millions,COUNT,Count (Integer),602,CCYY,A,Normal value,PU,Public
datastructure,WB.DATA360:DS_DATA360(1.2),I,A,Annual,CHN,China,FAO_CAHD_7006,Number of people unable to afford a healthy diet (million),_T,Total,_T,All age ranges or no breakdown by age,_T,Total,PS,Persons,_Z,Not Applicable,_Z,Not Applicable,_Z,Not Applicable,2022,248.3,FAO_CAHD,Cost and Affordability of a Healthy Diet (CoAHD),6,Millions,COUNT,Count (Integer),602,CCYY,A,Normal value,PU,Public
datastructure,WB.DATA360:DS_DATA360(1.2),I,A,Annual,CHN,China,FAO_CAHD_7006,Number of people unable to afford a healthy diet (million),_T,Total,_T,All age ranges or no breakdown by age,_T,Total,PS,Persons,_Z,Not Applicable,_Z,Not Applicable,_Z,Not Applicable,2023,205.9,FAO_CAHD,Cost and Affordability of a Healthy Diet (CoAHD),6,Millions,COUNT,Count (Integer),602,CCYY,A,Normal value,PU,Public
datastructure,WB.DATA360:DS_DATA360(1.2),I,A,Annual,CHN,China,FAO_CAHD_7006,Number of people unable to afford a healthy diet (million),_T,Total,_T,All age ranges or no breakdown by age,_T,Total,PS,Persons,_Z,Not Applicable,_Z,Not Applicable,_Z,Not Applicable,2024,183.1,FAO_CAHD,Cost and Affordability of a Healthy Diet (CoAHD),6,Millions,COUNT,Count (Integer),602,CCYY,A,Normal value,PU,Public
datastructure,WB.DATA360:DS_DATA360(1.2),I,A,Annual,CHN,China,FAO_CAHD_7006,Number of people unable to afford a healthy diet (million),_T,Total,_T,All age ranges or no breakdown by age,_T,Total,PS,Persons,_Z,Not Applicable,_Z,Not Applicable,_Z,Not Applicable,2025,160.4,FAO_CAHD,Cost and Affordability of a Healthy Diet (CoAHD),6,Millions,COUNT,Count (Integer),602,CCYY,A,Normal value,PU,Public
datastructure,WB.DATA360:DS_DATA360(1.2),I,A,Annual,TWN,"Taiwan, China",FAO_CAHD_7006,Number of people unable to afford a healthy diet (million),_T,Total,_T,All age ranges or no breakdown by age,_T,Total,PS,Persons,_Z,Not Applicable,_Z,Not Applicable,_Z,Not Applicable,2023,1.2,FAO_CAHD,Cost and Affordability of a Healthy Diet (CoAHD),6,Millions,COUNT,Count (Integer),602,CCYY,A,Normal value,PU,Public
datastructure,WB.DATA360:DS_DATA360(1.2),I,A,Annual,TWN,"Taiwan, China",FAO_CAHD_7006,Number of people unable to afford a healthy diet (million),_T,Total,_T,All age ranges or no breakdown by age,_T,Total,PS,Persons,_Z,Not Applicable,_Z,Not Applicable,_Z,Not Applicable,2024,1.0,FAO_CAHD,Cost and Affordability of a Healthy Diet (CoAHD),6,Millions,COUNT,Count (Integer),602,CCYY,A,Normal value,PU,Public
datastructure,WB.DATA360:DS_DATA360(1.2),I,A,Annual,TWN,"Taiwan, China",FAO_CAHD_7006,Number of people unable to afford a healthy diet (million),_T,Total,_T,All age ranges or no breakdown by age,_T,Total,PS,Persons,_Z,Not Applicable,_Z,Not Applicable,_Z,Not Applicable,2025,0.9,FAO_CAHD,Cost and Affordability of a Healthy Diet (CoAHD),6,Millions,COUNT,Count (Integer),602,CCYY,A,Normal value,PU,Public
datastructure,WB.DATA360:DS_DATA360(1.2),I,A,Annual,TWN,"Taiwan, China",FAO_CAHD_7006,Number of people unable to afford a healthy diet (million),_T,Total,_T,All age ranges or no breakdown by age,_T,Total,PS,Persons,_Z,Not Applicable,_Z,Not Applicable,_Z,Not Applicable,2021,1.4,FAO_CAHD,Cost and Affordability of a Healthy Diet (CoAHD),6,Millions,COUNT,Count (Integer),602,CCYY,A,Normal value,PU,Public
datastructure,WB.DATA360:DS_DATA360(1.2),I,A,Annual,TWN,"Taiwan, China",FAO_CAHD_7006,Number of people unable to afford a healthy diet (million),_T,Total,_T,All age ranges or no breakdown by age,_T,Total,PS,Persons,_Z,Not Applicable,_Z,Not Applicable,_Z,Not Applicable,2022,1.2,FAO_CAHD,Cost and Affordability of a Healthy Diet (CoAHD),6,Millions,COUNT,Count (Integer),602,CCYY,A,Normal value,PU,Public
datastructure,WB.DATA360:DS_DATA360(1.2),I,A,Annual,TWN,"Taiwan, China",FAO_CAHD_7006,Number of people unable to afford a healthy diet (million),_T,Total,_T,All age ranges or no breakdown by age,_T,Total,PS,Persons,_Z,Not Applicable,_Z,Not Applicable,_Z,Not Applicable,2020,1.2,FAO_CAHD,Cost and Affordability of a Healthy Diet (CoAHD),6,Millions,COUNT,Count (Integer),602,CCYY,A,Normal value,PU,Public
datastructure,WB.DATA360:DS_DATA360(1.2),I,A,Annual,TWN,"Taiwan, China",FAO_CAHD_7006,Number of people unable to afford a healthy diet (million),_T,Total,_T,All age ranges or no breakdown by age,_T,Total,PS,Persons,_Z,Not Applicable,_Z,Not Applicable,_Z,Not Applicable,2019,1.6,FAO_CAHD,Cost and Affordability of a Healthy Diet (CoAHD),6,Millions,COUNT,Count (Integer),602,CCYY,A,Normal value,PU,Public
datastructure,WB.DATA360:DS_DATA360(1.2),I,A,Annual,TWN,"Taiwan, China",FAO_CAHD_7006,Number of people unable to afford a healthy diet (million),_T,Total,_T,All age ranges or no breakdown by age,_T,Total,PS,Persons,_Z,Not Applicable,_Z,Not Applicable,_Z,Not Applicable,2017,1.9,FAO_CAHD,Cost and Affordability of a Healthy Diet (CoAHD),6,Millions,COUNT,Count (Integer),602,CCYY,A,Normal value,PU,Public
datastructure,WB.DATA360:DS_DATA360(1.2),I,A,Annual,TWN,"Taiwan, China",FAO_CAHD_7006,Number of people unable to afford a healthy diet (million),_T,Total,_T,All age ranges or no breakdown by age,_T,Total,PS,Persons,_Z,Not Applicable,_Z,Not Applicable,_Z,Not Applicable,2018,1.8,FAO_CAHD,Cost and Affordability of a Healthy Diet (CoAHD),6,Millions,COUNT,Count (Integer),602,CCYY,A,Normal value,PU,Public
datastructure,WB.DATA360:DS_DATA360(1.2),I,A,Annual,CPV,Cabo Verde,FAO_CAHD_7006,Number of people unable to afford a healthy diet (million),_T,Total,_T,All age ranges or no breakdown by age,_T,Total,PS,Persons,_Z,Not Applicable,_Z,Not Applicable,_Z,Not Applicable,2025,0.3,FAO_CAHD,Cost and Affordability of a Healthy Diet (CoAHD),6,Millions,COUNT,Count (Integer),602,CCYY,A,Normal value,PU,Public
datastructure,WB.DATA360:DS_DATA360(1.2),I,A,Annual,CPV,Cabo Verde,FAO_CAHD_7006,Number of people unable to afford a healthy diet (million),_T,Total,_T,All age ranges or no breakdown by age,_T,Total,PS,Persons,_Z,Not Applicable,_Z,Not Applicable,_Z,Not Applicable,2024,0.3,FAO_CAHD,Cost and Affordability of a Healthy Diet (CoAHD),6,Millions,COUNT,Count (Integer),602,CCYY,A,Normal value,PU,Public
datastructure,WB.DATA360:DS_DATA360(1.2),I,A,Annual,CPV,Cabo Verde,FAO_CAHD_7006,Number of people unable to afford a healthy diet (million),_T,Total,_T,All age ranges or no breakdown by age,_T,Total,PS,Persons,_Z,Not Applicable,_Z,Not Applicable,_Z,Not Applicable,2023,0.3,FAO_CAHD,Cost and Affordability of a Healthy Diet (CoAHD),6,Millions,COUNT,Count (Integer),602,CCYY,A,Normal value,PU,Public
datastructure,WB.DATA360:DS_DATA360(1.2),I,A,Annual,CPV,Cabo Verde,FAO_CAHD_7006,Number of people unable to afford a healthy diet (million),_T,Total,_T,All age ranges or no breakdown by age,_T,Total,PS,Persons,_Z,Not Applicable,_Z,Not Applicable,_Z,Not Applicable,2022,0.3,FAO_CAHD,Cost and Affordability of a Healthy Diet (CoAHD),6,Millions,COUNT,Count (Integer),602,CCYY,A,Normal value,PU,Public
datastructure,WB.DATA360:DS_DATA360(1.2),I,A,Annual,CPV,Cabo Verde,FAO_CAHD_7006,Number of people unable to afford a healthy diet (million),_T,Total,_T,All age ranges or no breakdown by age,_T,Total,PS,Persons,_Z,Not Applicable,_Z,Not Applicable,_Z,Not Applicable,2017,0.3,FAO_CAHD,Cost and Affordability of a Healthy Diet (CoAHD),6,Millions,COUNT,Count (Integer),602,CCYY,A,Normal value,PU,Public
datastructure,WB.DATA360:DS_DATA360(1.2),I,A,Annual,CPV,Cabo Verde,FAO_CAHD_7006,Number of people unable to afford a healthy diet (million),_T,Total,_T,All age ranges or no breakdown by age,_T,Total,PS,Persons,_Z,Not Applicable,_Z,Not Applicable,_Z,Not Applicable,2018,0.3,FAO_CAHD,Cost and Affordability of a Healthy Diet (CoAHD),6,Millions,COUNT,Count (Integer),602,CCYY,A,Normal value,PU,Public
datastructure,WB.DATA360:DS_DATA360(1.2),I,A,Annual,CPV,Cabo Verde,FAO_CAHD_7006,Number of people unable to afford a healthy diet (million),_T,Total,_T,All age ranges or no breakdown by age,_T,Total,PS,Persons,_Z,Not Applicable,_Z,Not Applicable,_Z,Not Applicable,2019,0.3,FAO_CAHD,Cost and Affordability of a Healthy Diet (CoAHD),6,Millions,COUNT,Count (Integer),602,CCYY,A,Normal value,PU,Public
datastructure,WB.DATA360:DS_DATA360(1.2),I,A,Annual,CPV,Cabo Verde,FAO_CAHD_7006,Number of people unable to afford a healthy diet (million),_T,Total,_T,All age ranges or no breakdown by age,_T,Total,PS,Persons,_Z,Not Applicable,_Z,Not Applicable,_Z,Not Applicable,2020,0.3,FAO_CAHD,Cost and Affordability of a Healthy Diet (CoAHD),6,Millions,COUNT,Count (Integer),602,CCYY,A,Normal value,PU,Public
datastructure,WB.DATA360:DS_DATA360(1.2),I,A,Annual,CPV,Cabo Verde,FAO_CAHD_7006,Number of people unable to afford a healthy diet (million),_T,Total,_T,All age ranges or no breakdown by age,_T,Total,PS,Persons,_Z,Not Applicable,_Z,Not Applicable,_Z,Not Applicable,2021,0.3,FAO_CAHD,Cost and Affordability of a Healthy Diet (CoAHD),6,Millions,COUNT,Count (Integer),602,CCYY,A,Normal value,PU,Public
datastructure,WB.DATA360:DS_DATA360(1.2),I,A,Annual,BFA,Burkina Faso,FAO_CAHD_7006,Number of people unable to afford a healthy diet (million),_T,Total,_T,All age ranges or no breakdown by age,_T,Total,PS,Persons,_Z,Not Applicable,_Z,Not Applicable,_Z,Not Applicable,2022,15.0,FAO_CAHD,Cost and Affordability of a Healthy Diet (CoAHD),6,Millions,COUNT,Count (Integer),602,CCYY,A,Normal value,PU,Public
datastructure,WB.DATA360:DS_DATA360(1.2),I,A,Annual,BFA,Burkina Faso,FAO_CAHD_7006,Number of people unable to afford a healthy diet (million),_T,Total,_T,All age ranges or no breakdown by age,_T,Total,PS,Persons,_Z,Not Applicable,_Z,Not Applicable,_Z,Not Applicable,2023,15.0,FAO_CAHD,Cost and Affordability of a Healthy Diet (CoAHD),6,Millions,COUNT,Count (Integer),602,CCYY,A,Normal value,PU,Public
datastructure,WB.DATA360:DS_DATA360(1.2),I,A,Annual,BFA,Burkina Faso,FAO_CAHD_7006,Number of people unable to afford a healthy diet (million),_T,Total,_T,All age ranges or no breakdown by age,_T,Total,PS,Persons,_Z,Not Applicable,_Z,Not Applicable,_Z,Not Applicable,2024,15.3,FAO_CAHD,Cost and Affordability of a Healthy Diet (CoAHD),6,Millions,COUNT,Count (Integer),602,CCYY,A,Normal value,PU,Public
datastructure,WB.DATA360:DS_DATA360(1.2),I,A,Annual,BFA,Burkina Faso,FAO_CAHD_7006,Number of people unable to afford a healthy diet (million),_T,Total,_T,All age ranges or no breakdown by age,_T,Total,PS,Persons,_Z,Not Applicable,_Z,Not Applicable,_Z,Not Applicable,2025,15.8,FAO_CAHD,Cost and Affordability of a Healthy Diet (CoAHD),6,Millions,COUNT,Count (Integer),602,CCYY,A,Normal value,PU,Public
datastructure,WB.DATA360:DS_DATA360(1.2),I,A,Annual,BDI,Burundi,FAO_CAHD_7006,Number of people unable to afford a healthy diet (million),_T,Total,_T,All age ranges or no breakdown by age,_T,Total,PS,Persons,_Z,Not Applicable,_Z,Not Applicable,_Z,Not Applicable,2021,11.6,FAO_CAHD,Cost and Affordability of a Healthy Diet (CoAHD),6,Millions,COUNT,Count (Integer),602,CCYY,A,Normal value,PU,Public
datastructure,WB.DATA360:DS_DATA360(1.2),I,A,Annual,BDI,Burundi,FAO_CAHD_7006,Number of people unable to afford a healthy diet (million),_T,Total,_T,All age ranges or no breakdown by age,_T,Total,PS,Persons,_Z,Not Applicable,_Z,Not Applicable,_Z,Not Applicable,2017,10.4,FAO_CAHD,Cost and Affordability of a Healthy Diet (CoAHD),6,Millions,COUNT,Count (Integer),602,CCYY,A,Normal value,PU,Public
datastructure,WB.DATA360:DS_DATA360(1.2),I,A,Annual,BDI,Burundi,FAO_CAHD_7006,Number of people unable to afford a healthy diet (million),_T,Total,_T,All age ranges or no breakdown by age,_T,Total,PS,Persons,_Z,Not Applicable,_Z,Not Applicable,_Z,Not Applicable,2018,10.5,FAO_CAHD,Cost and Affordability of a Healthy Diet (CoAHD),6,Millions,COUNT,Count (Integer),602,CCYY,A,Normal value,PU,Public
datastructure,WB.DATA360:DS_DATA360(1.2),I,A,Annual,BDI,Burundi,FAO_CAHD_7006,Number of people unable to afford a healthy diet (million),_T,Total,_T,All age ranges or no breakdown by age,_T,Total,PS,Persons,_Z,Not Applicable,_Z,Not Applicable,_Z,Not Applicable,2019,10.8,FAO_CAHD,Cost and Affordability of a Healthy Diet (CoAHD),6,Millions,COUNT,Count (Integer),602,CCYY,A,Normal value,PU,Public
datastructure,WB.DATA360:DS_DATA360(1.2),I,A,Annual,BDI,Burundi,FAO_CAHD_7006,Number of people unable to afford a healthy diet (million),_T,Total,_T,All age ranges or no breakdown by age,_T,Total,PS,Persons,_Z,Not Applicable,_Z,Not Applicable,_Z,Not Applicable,2020,11.3,FAO_CAHD,Cost and Affordability of a Healthy Diet (CoAHD),6,Millions,COUNT,Count (Integer),602,CCYY,A,Normal value,PU,Public
datastructure,WB.DATA360:DS_DATA360(1.2),I,A,Annual,BDI,Burundi,FAO_CAHD_7006,Number of people unable to afford a healthy diet (million),_T,Total,_T,All age ranges or no breakdown by age,_T,Total,PS,Persons,_Z,Not Applicable,_Z,Not Applicable,_Z,Not Applicable,2022,12.1,FAO_CAHD,Cost and Affordability of a Healthy Diet (CoAHD),6,Millions,COUNT,Count (Integer),602,CCYY,A,Normal value,PU,Public
datastructure,WB.DATA360:DS_DATA360(1.2),I,A,Annual,BDI,Burundi,FAO_CAHD_7006,Number of people unable to afford a healthy diet (million),_T,Total,_T,All age ranges or no breakdown by age,_T,Total,PS,Persons,_Z,Not Applicable,_Z,Not Applicable,_Z,Not Applicable,2023,12.5,FAO_CAHD,Cost and Affordability of a Healthy Diet (CoAHD),6,Millions,COUNT,Count (Integer),602,CCYY,A,Normal value,PU,Public
datastructure,WB.DATA360:DS_DATA360(1.2),I,A,Annual,BDI,Burundi,FAO_CAHD_7006,Number of people unable to afford a healthy diet (million),_T,Total,_T,All age ranges or no breakdown by age,_T,Total,PS,Persons,_Z,Not Applicable,_Z,Not Applicable,_Z,Not Applicable,2024,12.8,FAO_CAHD,Cost and Affordability of a Healthy Diet (CoAHD),6,Millions,COUNT,Count (Integer),602,CCYY,A,Normal value,PU,Public
datastructure,WB.DATA360:DS_DATA360(1.2),I,A,Annual,BDI,Burundi,FAO_CAHD_7006,Number of people unable to afford a healthy diet (million),_T,Total,_T,All age ranges or no breakdown by age,_T,Total,PS,Persons,_Z,Not Applicable,_Z,Not Applicable,_Z,Not Applicable,2025,13.1,FAO_CAHD,Cost and Affordability of a Healthy Diet (CoAHD),6,Millions,COUNT,Count (Integer),602,CCYY,A,Normal value,PU,Public
datastructure,WB.DATA360:DS_DATA360(1.2),I,A,Annual,CAN,Canada,FAO_CAHD_7006,Number of people unable to afford a healthy diet (million),_T,Total,_T,All age ranges or no breakdown by age,_T,Total,PS,Persons,_Z,Not Applicable,_Z,Not Applicable,_Z,Not Applicable,2023,1.2,FAO_CAHD,Cost and Affordability of a Healthy Diet (CoAHD),6,Millions,COUNT,Count (Integer),602,CCYY,A,Normal value,PU,Public
datastructure,WB.DATA360:DS_DATA360(1.2),I,A,Annual,CAN,Canada,FAO_CAHD_7006,Number of people unable to afford a healthy diet (million),_T,Total,_T,All age ranges or no breakdown by age,_T,Total,PS,Persons,_Z,Not Applicable,_Z,Not Applicable,_Z,Not Applicable,2024,1.2,FAO_CAHD,Cost and Affordability of a Healthy Diet (CoAHD),6,Millions,COUNT,Count (Integer),602,CCYY,A,Normal value,PU,Public
datastructure,WB.DATA360:DS_DATA360(1.2),I,A,Annual,CAN,Canada,FAO_CAHD_7006,Number of people unable to afford a healthy diet (million),_T,Total,_T,All age ranges or no breakdown by age,_T,Total,PS,Persons,_Z,Not Applicable,_Z,Not Applicable,_Z,Not Applicable,2025,1.2,FAO_CAHD,Cost and Affordability of a Healthy Diet (CoAHD),6,Millions,COUNT,Count (Integer),602,CCYY,A,Normal value,PU,Public
datastructure,WB.DATA360:DS_DATA360(1.2),I,A,Annual,CAN,Canada,FAO_CAHD_7006,Number of people unable to afford a healthy diet (million),_T,Total,_T,All age ranges or no breakdown by age,_T,Total,PS,Persons,_Z,Not Applicable,_Z,Not Applicable,_Z,Not Applicable,2022,1.1,FAO_CAHD,Cost and Affordability of a Healthy Diet (CoAHD),6,Millions,COUNT,Count (Integer),602,CCYY,A,Normal value,PU,Public
datastructure,WB.DATA360:DS_DATA360(1.2),I,A,Annual,CAN,Canada,FAO_CAHD_7006,Number of people unable to afford a healthy diet (million),_T,Total,_T,All age ranges or no breakdown by age,_T,Total,PS,Persons,_Z,Not Applicable,_Z,Not Applicable,_Z,Not Applicable,2021,0.7,FAO_CAHD,Cost and Affordability of a Healthy Diet (CoAHD),6,Millions,COUNT,Count (Integer),602,CCYY,A,Normal value,PU,Public
datastructure,WB.DATA360:DS_DATA360(1.2),I,A,Annual,CAN,Canada,FAO_CAHD_7006,Number of people unable to afford a healthy diet (million),_T,Total,_T,All age ranges or no breakdown by age,_T,Total,PS,Persons,_Z,Not Applicable,_Z,Not Applicable,_Z,Not Applicable,2020,0.5,FAO_CAHD,Cost and Affordability of a Healthy Diet (CoAHD),6,Millions,COUNT,Count (Integer),602,CCYY,A,Normal value,PU,Public
datastructure,WB.DATA360:DS_DATA360(1.2),I,A,Annual,CMR,Cameroon,FAO_CAHD_7006,Number of people unable to afford a healthy diet (million),_T,Total,_T,All age ranges or no breakdown by age,_T,Total,PS,Persons,_Z,Not Applicable,_Z,Not Applicable,_Z,Not Applicable,2018,12.6,FAO_CAHD,Cost and Affordability of a Healthy Diet (CoAHD),6,Millions,COUNT,Count (Integer),602,CCYY,A,Normal value,PU,Public
datastructure,WB.DATA360:DS_DATA360(1.2),I,A,Annual,CMR,Cameroon,FAO_CAHD_7006,Number of people unable to afford a healthy diet (million),_T,Total,_T,All age ranges or no breakdown by age,_T,Total,PS,Persons,_Z,Not Applicable,_Z,Not Applicable,_Z,Not Applicable,2017,12.3,FAO_CAHD,Cost and Affordability of a Healthy Diet (CoAHD),6,Millions,COUNT,Count (Integer),602,CCYY,A,Normal value,PU,Public
datastructure,WB.DATA360:DS_DATA360(1.2),I,A,Annual,CMR,Cameroon,FAO_CAHD_7006,Number of people unable to afford a healthy diet (million),_T,Total,_T,All age ranges or no breakdown by age,_T,Total,PS,Persons,_Z,Not Applicable,_Z,Not Applicable,_Z,Not Applicable,2019,12.9,FAO_CAHD,Cost and Affordability of a Healthy Diet (CoAHD),6,Millions,COUNT,Count (Integer),602,CCYY,A,Normal value,PU,Public
datastructure,WB.DATA360:DS_DATA360(1.2),I,A,Annual,CMR,Cameroon,FAO_CAHD_7006,Number of people unable to afford a healthy diet (million),_T,Total,_T,All age ranges or no breakdown by age,_T,Total,PS,Persons,_Z,Not Applicable,_Z,Not Applicable,_Z,Not Applicable,2020,13.6,FAO_CAHD,Cost and Affordability of a Healthy Diet (CoAHD),6,Millions,COUNT,Count (Integer),602,CCYY,A,Normal value,PU,Public
datastructure,WB.DATA360:DS_DATA360(1.2),I,A,Annual,CMR,Cameroon,FAO_CAHD_7006,Number of people unable to afford a healthy diet (million),_T,Total,_T,All age ranges or no breakdown by age,_T,Total,PS,Persons,_Z,Not Applicable,_Z,Not Applicable,_Z,Not Applicable,2021,14.2,FAO_CAHD,Cost and Affordability of a Healthy Diet (CoAHD),6,Millions,COUNT,Count (Integer),602,CCYY,A,Normal value,PU,Public
datastructure,WB.DATA360:DS_DATA360(1.2),I,A,Annual,CMR,Cameroon,FAO_CAHD_7006,Number of people unable to afford a healthy diet (million),_T,Total,_T,All age ranges or no breakdown by age,_T,Total,PS,Persons,_Z,Not Applicable,_Z,Not Applicable,_Z,Not Applicable,2022,14.9,FAO_CAHD,Cost and Affordability of a Healthy Diet (CoAHD),6,Millions,COUNT,Count (Integer),602,CCYY,A,Normal value,PU,Public
datastructure,WB.DATA360:DS_DATA360(1.2),I,A,Annual,CMR,Cameroon,FAO_CAHD_7006,Number of people unable to afford a healthy diet (million),_T,Total,_T,All age ranges or no breakdown by age,_T,Total,PS,Persons,_Z,Not Applicable,_Z,Not Applicable,_Z,Not Applicable,2023,15.6,FAO_CAHD,Cost and Affordability of a Healthy Diet (CoAHD),6,Millions,COUNT,Count (Integer),602,CCYY,A,Normal value,PU,Public
datastructure,WB.DATA360:DS_DATA360(1.2),I,A,Annual,CMR,Cameroon,FAO_CAHD_7006,Number of people unable to afford a healthy diet (million),_T,Total,_T,All age ranges or no breakdown by age,_T,Total,PS,Persons,_Z,Not Applicable,_Z,Not Applicable,_Z,Not Applicable,2024,16.0,FAO_CAHD,Cost and Affordability of a Healthy Diet (CoAHD),6,Millions,COUNT,Count (Integer),602,CCYY,A,Normal value,PU,Public
datastructure,WB.DATA360:DS_DATA360(1.2),I,A,Annual,CMR,Cameroon,FAO_CAHD_7006,Number of people unable to afford a healthy diet (million),_T,Total,_T,All age ranges or no breakdown by age,_T,Total,PS,Persons,_Z,Not Applicable,_Z,Not Applicable,_Z,Not Applicable,2025,16.5,FAO_CAHD,Cost and Affordability of a Healthy Diet (CoAHD),6,Millions,COUNT,Count (Integer),602,CCYY,A,Normal value,PU,Public
datastructure,WB.DATA360:DS_DATA360(1.2),I,A,Annual,CAN,Canada,FAO_CAHD_7006,Number of people unable to afford a healthy diet (million),_T,Total,_T,All age ranges or no breakdown by age,_T,Total,PS,Persons,_Z,Not Applicable,_Z,Not Applicable,_Z,Not Applicable,2019,1.1,FAO_CAHD,Cost and Affordability of a Healthy Diet (CoAHD),6,Millions,COUNT,Count (Integer),602,CCYY,A,Normal value,PU,Public
datastructure,WB.DATA360:DS_DATA360(1.2),I,A,Annual,CAN,Canada,FAO_CAHD_7006,Number of people unable to afford a healthy diet (million),_T,Total,_T,All age ranges or no breakdown by age,_T,Total,PS,Persons,_Z,Not Applicable,_Z,Not Applicable,_Z,Not Applicable,2017,1.3,FAO_CAHD,Cost and Affordability of a Healthy Diet (CoAHD),6,Millions,COUNT,Count (Integer),602,CCYY,A,Normal value,PU,Public
datastructure,WB.DATA360:DS_DATA360(1.2),I,A,Annual,CAN,Canada,FAO_CAHD_7006,Number of people unable to afford a healthy diet (million),_T,Total,_T,All age ranges or no breakdown by age,_T,Total,PS,Persons,_Z,Not Applicable,_Z,Not Applicable,_Z,Not Applicable,2018,1.2,FAO_CAHD,Cost and Affordability of a Healthy Diet (CoAHD),6,Millions,COUNT,Count (Integer),602,CCYY,A,Normal value,PU,Public
datastructure,WB.DATA360:DS_DATA360(1.2),I,A,Annual,BFA,Burkina Faso,FAO_CAHD_7006,Number of people unable to afford a healthy diet (million),_T,Total,_T,All age ranges or no breakdown by age,_T,Total,PS,Persons,_Z,Not Applicable,_Z,Not Applicable,_Z,Not Applicable,2020,13.6,FAO_CAHD,Cost and Affordability of a Healthy Diet (CoAHD),6,Millions,COUNT,Count (Integer),602,CCYY,A,Normal value,PU,Public
datastructure,WB.DATA360:DS_DATA360(1.2),I,A,Annual,CZE,Czechia,FAO_CAHD_7006,Number of people unable to afford a healthy diet (million),_T,Total,_T,All age ranges or no breakdown by age,_T,Total,PS,Persons,_Z,Not Applicable,_Z,Not Applicable,_Z,Not Applicable,2021,0.4,FAO_CAHD,Cost and Affordability of a Healthy Diet (CoAHD),6,Millions,COUNT,Count (Integer),602,CCYY,A,Normal value,PU,Public
datastructure,WB.DATA360:DS_DATA360(1.2),I,A,Annual,CZE,Czechia,FAO_CAHD_7006,Number of people unable to afford a healthy diet (million),_T,Total,_T,All age ranges or no breakdown by age,_T,Total,PS,Persons,_Z,Not Applicable,_Z,Not Applicable,_Z,Not Applicable,2017,0.6,FAO_CAHD,Cost and Affordability of a Healthy Diet (CoAHD),6,Millions,COUNT,Count (Integer),602,CCYY,A,Normal value,PU,Public
datastructure,WB.DATA360:DS_DATA360(1.2),I,A,Annual,CZE,Czechia,FAO_CAHD_7006,Number of people unable to afford a healthy diet (million),_T,Total,_T,All age ranges or no breakdown by age,_T,Total,PS,Persons,_Z,Not Applicable,_Z,Not Applicable,_Z,Not Applicable,2018,0.5,FAO_CAHD,Cost and Affordability of a Healthy Diet (CoAHD),6,Millions,COUNT,Count (Integer),602,CCYY,A,Normal value,PU,Public
datastructure,WB.DATA360:DS_DATA360(1.2),I,A,Annual,CZE,Czechia,FAO_CAHD_7006,Number of people unable to afford a healthy diet (million),_T,Total,_T,All age ranges or no breakdown by age,_T,Total,PS,Persons,_Z,Not Applicable,_Z,Not Applicable,_Z,Not Applicable,2019,0.4,FAO_CAHD,Cost and Affordability of a Healthy Diet (CoAHD),6,Millions,COUNT,Count (Integer),602,CCYY,A,Normal value,PU,Public
datastructure,WB.DATA360:DS_DATA360(1.2),I,A,Annual,CZE,Czechia,FAO_CAHD_7006,Number of people unable to afford a healthy diet (million),_T,Total,_T,All age ranges or no breakdown by age,_T,Total,PS,Persons,_Z,Not Applicable,_Z,Not Applicable,_Z,Not Applicable,2020,0.5,FAO_CAHD,Cost and Affordability of a Healthy Diet (CoAHD),6,Millions,COUNT,Count (Integer),602,CCYY,A,Normal value,PU,Public
datastructure,WB.DATA360:DS_DATA360(1.2),I,A,Annual,CZE,Czechia,FAO_CAHD_7006,Number of people unable to afford a healthy diet (million),_T,Total,_T,All age ranges or no breakdown by age,_T,Total,PS,Persons,_Z,Not Applicable,_Z,Not Applicable,_Z,Not Applicable,2022,0.6,FAO_CAHD,Cost and Affordability of a Healthy Diet (CoAHD),6,Millions,COUNT,Count (Integer),602,CCYY,A,Normal value,PU,Public
datastructure,WB.DATA360:DS_DATA360(1.2),I,A,Annual,CZE,Czechia,FAO_CAHD_7006,Number of people unable to afford a healthy diet (million),_T,Total,_T,All age ranges or no breakdown by age,_T,Total,PS,Persons,_Z,Not Applicable,_Z,Not Applicable,_Z,Not Applicable,2023,0.7,FAO_CAHD,Cost and Affordability of a Healthy Diet (CoAHD),6,Millions,COUNT,Count (Integer),602,CCYY,A,Normal value,PU,Public
datastructure,WB.DATA360:DS_DATA360(1.2),I,A,Annual,CZE,Czechia,FAO_CAHD_7006,Number of people unable to afford a healthy diet (million),_T,Total,_T,All age ranges or no breakdown by age,_T,Total,PS,Persons,_Z,Not Applicable,_Z,Not Applicable,_Z,Not Applicable,2024,0.7,FAO_CAHD,Cost and Affordability of a Healthy Diet (CoAHD),6,Millions,COUNT,Count (Integer),602,CCYY,A,Normal value,PU,Public
datastructure,WB.DATA360:DS_DATA360(1.2),I,A,Annual,CZE,Czechia,FAO_CAHD_7006,Number of people unable to afford a healthy diet (million),_T,Total,_T,All age ranges or no breakdown by age,_T,Total,PS,Persons,_Z,Not Applicable,_Z,Not Applicable,_Z,Not Applicable,2025,0.6,FAO_CAHD,Cost and Affordability of a Healthy Diet (CoAHD),6,Millions,COUNT,Count (Integer),602,CCYY,A,Normal value,PU,Public
datastructure,WB.DATA360:DS_DATA360(1.2),I,A,Annual,COD,"Congo, Dem. Rep.",FAO_CAHD_7006,Number of people unable to afford a healthy diet (million),_T,Total,_T,All age ranges or no breakdown by age,_T,Total,PS,Persons,_Z,Not Applicable,_Z,Not Applicable,_Z,Not Applicable,2025,101.7,FAO_CAHD,Cost and Affordability of a Healthy Diet (CoAHD),6,Millions,COUNT,Count (Integer),602,CCYY,A,Normal value,PU,Public
datastructure,WB.DATA360:DS_DATA360(1.2),I,A,Annual,COD,"Congo, Dem. Rep.",FAO_CAHD_7006,Number of people unable to afford a healthy diet (million),_T,Total,_T,All age ranges or no breakdown by age,_T,Total,PS,Persons,_Z,Not Applicable,_Z,Not Applicable,_Z,Not Applicable,2024,99.2,FAO_CAHD,Cost and Affordability of a Healthy Diet (CoAHD),6,Millions,COUNT,Count (Integer),602,CCYY,A,Normal value,PU,Public
datastructure,WB.DATA360:DS_DATA360(1.2),I,A,Annual,COD,"Congo, Dem. Rep.",FAO_CAHD_7006,Number of people unable to afford a healthy diet (million),_T,Total,_T,All age ranges or no breakdown by age,_T,Total,PS,Persons,_Z,Not Applicable,_Z,Not Applicable,_Z,Not Applicable,2023,96.8,FAO_CAHD,Cost and Affordability of a Healthy Diet (CoAHD),6,Millions,COUNT,Count (Integer),602,CCYY,A,Normal value,PU,Public
datastructure,WB.DATA360:DS_DATA360(1.2),I,A,Annual,COD,"Congo, Dem. Rep.",FAO_CAHD_7006,Number of people unable to afford a healthy diet (million),_T,Total,_T,All age ranges or no breakdown by age,_T,Total,PS,Persons,_Z,Not Applicable,_Z,Not Applicable,_Z,Not Applicable,2017,83.4,FAO_CAHD,Cost and Affordability of a Healthy Diet (CoAHD),6,Millions,COUNT,Count (Integer),602,CCYY,A,Normal value,PU,Public
datastructure,WB.DATA360:DS_DATA360(1.2),I,A,Annual,COD,"Congo, Dem. Rep.",FAO_CAHD_7006,Number of people unable to afford a healthy diet (million),_T,Total,_T,All age ranges or no breakdown by age,_T,Total,PS,Persons,_Z,Not Applicable,_Z,Not Applicable,_Z,Not Applicable,2018,84.4,FAO_CAHD,Cost and Affordability of a Healthy Diet (CoAHD),6,Millions,COUNT,Count (Integer),602,CCYY,A,Normal value,PU,Public
datastructure,WB.DATA360:DS_DATA360(1.2),I,A,Annual,COD,"Congo, Dem. Rep.",FAO_CAHD_7006,Number of people unable to afford a healthy diet (million),_T,Total,_T,All age ranges or no breakdown by age,_T,Total,PS,Persons,_Z,Not Applicable,_Z,Not Applicable,_Z,Not Applicable,2019,86.7,FAO_CAHD,Cost and Affordability of a Healthy Diet (CoAHD),6,Millions,COUNT,Count (Integer),602,CCYY,A,Normal value,PU,Public
datastructure,WB.DATA360:DS_DATA360(1.2),I,A,Annual,COD,"Congo, Dem. Rep.",FAO_CAHD_7006,Number of people unable to afford a healthy diet (million),_T,Total,_T,All age ranges or no breakdown by age,_T,Total,PS,Persons,_Z,Not Applicable,_Z,Not Applicable,_Z,Not Applicable,2020,90.0,FAO_CAHD,Cost and Affordability of a Healthy Diet (CoAHD),6,Millions,COUNT,Count (Integer),602,CCYY,A,Normal value,PU,Public
datastructure,WB.DATA360:DS_DATA360(1.2),I,A,Annual,COD,"Congo, Dem. Rep.",FAO_CAHD_7006,Number of people unable to afford a healthy diet (million),_T,Total,_T,All age ranges or no breakdown by age,_T,Total,PS,Persons,_Z,Not Applicable,_Z,Not Applicable,_Z,Not Applicable,2021,92.4,FAO_CAHD,Cost and Affordability of a Healthy Diet (CoAHD),6,Millions,COUNT,Count (Integer),602,CCYY,A,Normal value,PU,Public
datastructure,WB.DATA360:DS_DATA360(1.2),I,A,Annual,COD,"Congo, Dem. Rep.",FAO_CAHD_7006,Number of people unable to afford a healthy diet (million),_T,Total,_T,All age ranges or no breakdown by age,_T,Total,PS,Persons,_Z,Not Applicable,_Z,Not Applicable,_Z,Not Applicable,2022,94.7,FAO_CAHD,Cost and Affordability of a Healthy Diet (CoAHD),6,Millions,COUNT,Count (Integer),602,CCYY,A,Normal value,PU,Public
datastructure,WB.DATA360:DS_DATA360(1.2),I,A,Annual,CYP,Cyprus,FAO_CAHD_7006,Number of people unable to afford a healthy diet (million),_T,Total,_T,All age ranges or no breakdown by age,_T,Total,PS,Persons,_Z,Not Applicable,_Z,Not Applicable,_Z,Not Applicable,2017,0.1,FAO_CAHD,Cost and Affordability of a Healthy Diet (CoAHD),6,Millions,COUNT,Count (Integer),602,CCYY,A,Normal value,PU,Public
datastructure,WB.DATA360:DS_DATA360(1.2),I,A,Annual,CYP,Cyprus,FAO_CAHD_7006,Number of people unable to afford a healthy diet (million),_T,Total,_T,All age ranges or no breakdown by age,_T,Total,PS,Persons,_Z,Not Applicable,_Z,Not Applicable,_Z,Not Applicable,2018,0.0,FAO_CAHD,Cost and Affordability of a Healthy Diet (CoAHD),6,Millions,COUNT,Count (Integer),602,CCYY,A,Normal value,PU,Public
datastructure,WB.DATA360:DS_DATA360(1.2),I,A,Annual,CYP,Cyprus,FAO_CAHD_7006,Number of people unable to afford a healthy diet (million),_T,Total,_T,All age ranges or no breakdown by age,_T,Total,PS,Persons,_Z,Not Applicable,_Z,Not Applicable,_Z,Not Applicable,2019,0.0,FAO_CAHD,Cost and Affordability of a Healthy Diet (CoAHD),6,Millions,COUNT,Count (Integer),602,CCYY,A,Normal value,PU,Public
datastructure,WB.DATA360:DS_DATA360(1.2),I,A,Annual,CYP,Cyprus,FAO_CAHD_7006,Number of people unable to afford a healthy diet (million),_T,Total,_T,All age ranges or no breakdown by age,_T,Total,PS,Persons,_Z,Not Applicable,_Z,Not Applicable,_Z,Not Applicable,2020,0.0,FAO_CAHD,Cost and Affordability of a Healthy Diet (CoAHD),6,Millions,COUNT,Count (Integer),602,CCYY,A,Normal value,PU,Public
datastructure,WB.DATA360:DS_DATA360(1.2),I,A,Annual,CYP,Cyprus,FAO_CAHD_7006,Number of people unable to afford a healthy diet (million),_T,Total,_T,All age ranges or no breakdown by age,_T,Total,PS,Persons,_Z,Not Applicable,_Z,Not Applicable,_Z,Not Applicable,2021,0.0,FAO_CAHD,Cost and Affordability of a Healthy Diet (CoAHD),6,Millions,COUNT,Count (Integer),602,CCYY,A,Normal value,PU,Public
datastructure,WB.DATA360:DS_DATA360(1.2),I,A,Annual,CYP,Cyprus,FAO_CAHD_7006,Number of people unable to afford a healthy diet (million),_T,Total,_T,All age ranges or no breakdown by age,_T,Total,PS,Persons,_Z,Not Applicable,_Z,Not Applicable,_Z,Not Applicable,2022,0.0,FAO_CAHD,Cost and Affordability of a Healthy Diet (CoAHD),6,Millions,COUNT,Count (Integer),602,CCYY,A,Normal value,PU,Public
datastructure,WB.DATA360:DS_DATA360(1.2),I,A,Annual,CYP,Cyprus,FAO_CAHD_7006,Number of people unable to afford a healthy diet (million),_T,Total,_T,All age ranges or no breakdown by age,_T,Total,PS,Persons,_Z,Not Applicable,_Z,Not Applicable,_Z,Not Applicable,2023,0.0,FAO_CAHD,Cost and Affordability of a Healthy Diet (CoAHD),6,Millions,COUNT,Count (Integer),602,CCYY,A,Normal value,PU,Public
datastructure,WB.DATA360:DS_DATA360(1.2),I,A,Annual,CYP,Cyprus,FAO_CAHD_7006,Number of people unable to afford a healthy diet (million),_T,Total,_T,All age ranges or no breakdown by age,_T,Total,PS,Persons,_Z,Not Applicable,_Z,Not Applicable,_Z,Not Applicable,2024,0.0,FAO_CAHD,Cost and Affordability of a Healthy Diet (CoAHD),6,Millions,COUNT,Count (Integer),602,CCYY,A,Normal value,PU,Public
datastructure,WB.DATA360:DS_DATA360(1.2),I,A,Annual,CYP,Cyprus,FAO_CAHD_7006,Number of people unable to afford a healthy diet (million),_T,Total,_T,All age ranges or no breakdown by age,_T,Total,PS,Persons,_Z,Not Applicable,_Z,Not Applicable,_Z,Not Applicable,2025,0.0,FAO_CAHD,Cost and Affordability of a Healthy Diet (CoAHD),6,Millions,COUNT,Count (Integer),602,CCYY,A,Normal value,PU,Public
datastructure,WB.DATA360:DS_DATA360(1.2),I,A,Annual,DNK,Denmark,FAO_CAHD_7006,Number of people unable to afford a healthy diet (million),_T,Total,_T,All age ranges or no breakdown by age,_T,Total,PS,Persons,_Z,Not Applicable,_Z,Not Applicable,_Z,Not Applicable,2019,0.1,FAO_CAHD,Cost and Affordability of a Healthy Diet (CoAHD),6,Millions,COUNT,Count (Integer),602,CCYY,A,Normal value,PU,Public
datastructure,WB.DATA360:DS_DATA360(1.2),I,A,Annual,DNK,Denmark,FAO_CAHD_7006,Number of people unable to afford a healthy diet (million),_T,Total,_T,All age ranges or no breakdown by age,_T,Total,PS,Persons,_Z,Not Applicable,_Z,Not Applicable,_Z,Not Applicable,2020,0.1,FAO_CAHD,Cost and Affordability of a Healthy Diet (CoAHD),6,Millions,COUNT,Count (Integer),602,CCYY,A,Normal value,PU,Public
datastructure,WB.DATA360:DS_DATA360(1.2),I,A,Annual,DNK,Denmark,FAO_CAHD_7006,Number of people unable to afford a healthy diet (million),_T,Total,_T,All age ranges or no breakdown by age,_T,Total,PS,Persons,_Z,Not Applicable,_Z,Not Applicable,_Z,Not Applicable,2021,0.1,FAO_CAHD,Cost and Affordability of a Healthy Diet (CoAHD),6,Millions,COUNT,Count (Integer),602,CCYY,A,Normal value,PU,Public
datastructure,WB.DATA360:DS_DATA360(1.2),I,A,Annual,DNK,Denmark,FAO_CAHD_7006,Number of people unable to afford a healthy diet (million),_T,Total,_T,All age ranges or no breakdown by age,_T,Total,PS,Persons,_Z,Not Applicable,_Z,Not Applicable,_Z,Not Applicable,2022,0.1,FAO_CAHD,Cost and Affordability of a Healthy Diet (CoAHD),6,Millions,COUNT,Count (Integer),602,CCYY,A,Normal value,PU,Public
datastructure,WB.DATA360:DS_DATA360(1.2),I,A,Annual,DNK,Denmark,FAO_CAHD_7006,Number of people unable to afford a healthy diet (million),_T,Total,_T,All age ranges or no breakdown by age,_T,Total,PS,Persons,_Z,Not Applicable,_Z,Not Applicable,_Z,Not Applicable,2023,0.1,FAO_CAHD,Cost and Affordability of a Healthy Diet (CoAHD),6,Millions,COUNT,Count (Integer),602,CCYY,A,Normal value,PU,Public
datastructure,WB.DATA360:DS_DATA360(1.2),I,A,Annual,DNK,Denmark,FAO_CAHD_7006,Number of people unable to afford a healthy diet (million),_T,Total,_T,All age ranges or no breakdown by age,_T,Total,PS,Persons,_Z,Not Applicable,_Z,Not Applicable,_Z,Not Applicable,2024,0.1,FAO_CAHD,Cost and Affordability of a Healthy Diet (CoAHD),6,Millions,COUNT,Count (Integer),602,CCYY,A,Normal value,PU,Public
datastructure,WB.DATA360:DS_DATA360(1.2),I,A,Annual,DNK,Denmark,FAO_CAHD_7006,Number of people unable to afford a healthy diet (million),_T,Total,_T,All age ranges or no breakdown by age,_T,Total,PS,Persons,_Z,Not Applicable,_Z,Not Applicable,_Z,Not Applicable,2025,0.1,FAO_CAHD,Cost and Affordability of a Healthy Diet (CoAHD),6,Millions,COUNT,Count (Integer),602,CCYY,A,Normal value,PU,Public
datastructure,WB.DATA360:DS_DATA360(1.2),I,A,Annual,DNK,Denmark,FAO_CAHD_7006,Number of people unable to afford a healthy diet (million),_T,Total,_T,All age ranges or no breakdown by age,_T,Total,PS,Persons,_Z,Not Applicable,_Z,Not Applicable,_Z,Not Applicable,2017,0.1,FAO_CAHD,Cost and Affordability of a Healthy Diet (CoAHD),6,Millions,COUNT,Count (Integer),602,CCYY,A,Normal value,PU,Public
datastructure,WB.DATA360:DS_DATA360(1.2),I,A,Annual,DNK,Denmark,FAO_CAHD_7006,Number of people unable to afford a healthy diet (million),_T,Total,_T,All age ranges or no breakdown by age,_T,Total,PS,Persons,_Z,Not Applicable,_Z,Not Applicable,_Z,Not Applicable,2018,0.1,FAO_CAHD,Cost and Affordability of a Healthy Diet (CoAHD),6,Millions,COUNT,Count (Integer),602,CCYY,A,Normal value,PU,Public
datastructure,WB.DATA360:DS_DATA360(1.2),I,A,Annual,DJI,Djibouti,FAO_CAHD_7006,Number of people unable to afford a healthy diet (million),_T,Total,_T,All age ranges or no breakdown by age,_T,Total,PS,Persons,_Z,Not Applicable,_Z,Not Applicable,_Z,Not Applicable,2018,0.6,FAO_CAHD,Cost and Affordability of a Healthy Diet (CoAHD),6,Millions,COUNT,Count (Integer),602,CCYY,A,Normal value,PU,Public
datastructure,WB.DATA360:DS_DATA360(1.2),I,A,Annual,DJI,Djibouti,FAO_CAHD_7006,Number of people unable to afford a healthy diet (million),_T,Total,_T,All age ranges or no breakdown by age,_T,Total,PS,Persons,_Z,Not Applicable,_Z,Not Applicable,_Z,Not Applicable,2017,0.6,FAO_CAHD,Cost and Affordability of a Healthy Diet (CoAHD),6,Millions,COUNT,Count (Integer),602,CCYY,A,Normal value,PU,Public
datastructure,WB.DATA360:DS_DATA360(1.2),I,A,Annual,DJI,Djibouti,FAO_CAHD_7006,Number of people unable to afford a healthy diet (million),_T,Total,_T,All age ranges or no breakdown by age,_T,Total,PS,Persons,_Z,Not Applicable,_Z,Not Applicable,_Z,Not Applicable,2019,0.6,FAO_CAHD,Cost and Affordability of a Healthy Diet (CoAHD),6,Millions,COUNT,Count (Integer),602,CCYY,A,Normal value,PU,Public
datastructure,WB.DATA360:DS_DATA360(1.2),I,A,Annual,DJI,Djibouti,FAO_CAHD_7006,Number of people unable to afford a healthy diet (million),_T,Total,_T,All age ranges or no breakdown by age,_T,Total,PS,Persons,_Z,Not Applicable,_Z,Not Applicable,_Z,Not Applicable,2020,0.6,FAO_CAHD,Cost and Affordability of a Healthy Diet (CoAHD),6,Millions,COUNT,Count (Integer),602,CCYY,A,Normal value,PU,Public
datastructure,WB.DATA360:DS_DATA360(1.2),I,A,Annual,DJI,Djibouti,FAO_CAHD_7006,Number of people unable to afford a healthy diet (million),_T,Total,_T,All age ranges or no breakdown by age,_T,Total,PS,Persons,_Z,Not Applicable,_Z,Not Applicable,_Z,Not Applicable,2021,0.6,FAO_CAHD,Cost and Affordability of a Healthy Diet (CoAHD),6,Millions,COUNT,Count (Integer),602,CCYY,A,Normal value,PU,Public
datastructure,WB.DATA360:DS_DATA360(1.2),I,A,Annual,DJI,Djibouti,FAO_CAHD_7006,Number of people unable to afford a healthy diet (million),_T,Total,_T,All age ranges or no breakdown by age,_T,Total,PS,Persons,_Z,Not Applicable,_Z,Not Applicable,_Z,Not Applicable,2022,0.6,FAO_CAHD,Cost and Affordability of a Healthy Diet (CoAHD),6,Millions,COUNT,Count (Integer),602,CCYY,A,Normal value,PU,Public
datastructure,WB.DATA360:DS_DATA360(1.2),I,A,Annual,DJI,Djibouti,FAO_CAHD_7006,Number of people unable to afford a healthy diet (million),_T,Total,_T,All age ranges or no breakdown by age,_T,Total,PS,Persons,_Z,Not Applicable,_Z,Not Applicable,_Z,Not Applicable,2023,0.6,FAO_CAHD,Cost and Affordability of a Healthy Diet (CoAHD),6,Millions,COUNT,Count (Integer),602,CCYY,A,Normal value,PU,Public
datastructure,WB.DATA360:DS_DATA360(1.2),I,A,Annual,DJI,Djibouti,FAO_CAHD_7006,Number of people unable to afford a healthy diet (million),_T,Total,_T,All age ranges or no breakdown by age,_T,Total,PS,Persons,_Z,Not Applicable,_Z,Not Applicable,_Z,Not Applicable,2024,0.6,FAO_CAHD,Cost and Affordability of a Healthy Diet (CoAHD),6,Millions,COUNT,Count (Integer),602,CCYY,A,Normal value,PU,Public
datastructure,WB.DATA360:DS_DATA360(1.2),I,A,Annual,DJI,Djibouti,FAO_CAHD_7006,Number of people unable to afford a healthy diet (million),_T,Total,_T,All age ranges or no breakdown by age,_T,Total,PS,Persons,_Z,Not Applicable,_Z,Not Applicable,_Z,Not Applicable,2025,0.6,FAO_CAHD,Cost and Affordability of a Healthy Diet (CoAHD),6,Millions,COUNT,Count (Integer),602,CCYY,A,Normal value,PU,Public
datastructure,WB.DATA360:DS_DATA360(1.2),I,A,Annual,COG,"Congo, Rep.",FAO_CAHD_7006,Number of people unable to afford a healthy diet (million),_T,Total,_T,All age ranges or no breakdown by age,_T,Total,PS,Persons,_Z,Not Applicable,_Z,Not Applicable,_Z,Not Applicable,2017,3.9,FAO_CAHD,Cost and Affordability of a Healthy Diet (CoAHD),6,Millions,COUNT,Count (Integer),602,CCYY,A,Normal value,PU,Public
datastructure,WB.DATA360:DS_DATA360(1.2),I,A,Annual,COG,"Congo, Rep.",FAO_CAHD_7006,Number of people unable to afford a healthy diet (million),_T,Total,_T,All age ranges or no breakdown by age,_T,Total,PS,Persons,_Z,Not Applicable,_Z,Not Applicable,_Z,Not Applicable,2018,4.1,FAO_CAHD,Cost and Affordability of a Healthy Diet (CoAHD),6,Millions,COUNT,Count (Integer),602,CCYY,A,Normal value,PU,Public
datastructure,WB.DATA360:DS_DATA360(1.2),I,A,Annual,COG,"Congo, Rep.",FAO_CAHD_7006,Number of people unable to afford a healthy diet (million),_T,Total,_T,All age ranges or no breakdown by age,_T,Total,PS,Persons,_Z,Not Applicable,_Z,Not Applicable,_Z,Not Applicable,2019,4.1,FAO_CAHD,Cost and Affordability of a Healthy Diet (CoAHD),6,Millions,COUNT,Count (Integer),602,CCYY,A,Normal value,PU,Public
datastructure,WB.DATA360:DS_DATA360(1.2),I,A,Annual,COG,"Congo, Rep.",FAO_CAHD_7006,Number of people unable to afford a healthy diet (million),_T,Total,_T,All age ranges or no breakdown by age,_T,Total,PS,Persons,_Z,Not Applicable,_Z,Not Applicable,_Z,Not Applicable,2020,4.4,FAO_CAHD,Cost and Affordability of a Healthy Diet (CoAHD),6,Millions,COUNT,Count (Integer),602,CCYY,A,Normal value,PU,Public
datastructure,WB.DATA360:DS_DATA360(1.2),I,A,Annual,COG,"Congo, Rep.",FAO_CAHD_7006,Number of people unable to afford a healthy diet (million),_T,Total,_T,All age ranges or no breakdown by age,_T,Total,PS,Persons,_Z,Not Applicable,_Z,Not Applicable,_Z,Not Applicable,2021,4.5,FAO_CAHD,Cost and Affordability of a Healthy Diet (CoAHD),6,Millions,COUNT,Count (Integer),602,CCYY,A,Normal value,PU,Public
datastructure,WB.DATA360:DS_DATA360(1.2),I,A,Annual,COG,"Congo, Rep.",FAO_CAHD_7006,Number of people unable to afford a healthy diet (million),_T,Total,_T,All age ranges or no breakdown by age,_T,Total,PS,Persons,_Z,Not Applicable,_Z,Not Applicable,_Z,Not Applicable,2022,4.7,FAO_CAHD,Cost and Affordability of a Healthy Diet (CoAHD),6,Millions,COUNT,Count (Integer),602,CCYY,A,Normal value,PU,Public
datastructure,WB.DATA360:DS_DATA360(1.2),I,A,Annual,COG,"Congo, Rep.",FAO_CAHD_7006,Number of people unable to afford a healthy diet (million),_T,Total,_T,All age ranges or no breakdown by age,_T,Total,PS,Persons,_Z,Not Applicable,_Z,Not Applicable,_Z,Not Applicable,2023,4.8,FAO_CAHD,Cost and Affordability of a Healthy Diet (CoAHD),6,Millions,COUNT,Count (Integer),602,CCYY,A,Normal value,PU,Public
datastructure,WB.DATA360:DS_DATA360(1.2),I,A,Annual,COG,"Congo, Rep.",FAO_CAHD_7006,Number of people unable to afford a healthy diet (million),_T,Total,_T,All age ranges or no breakdown by age,_T,Total,PS,Persons,_Z,Not Applicable,_Z,Not Applicable,_Z,Not Applicable,2024,4.9,FAO_CAHD,Cost and Affordability of a Healthy Diet (CoAHD),6,Millions,COUNT,Count (Integer),602,CCYY,A,Normal value,PU,Public
datastructure,WB.DATA360:DS_DATA360(1.2),I,A,Annual,COG,"Congo, Rep.",FAO_CAHD_7006,Number of people unable to afford a healthy diet (million),_T,Total,_T,All age ranges or no breakdown by age,_T,Total,PS,Persons,_Z,Not Applicable,_Z,Not Applicable,_Z,Not Applicable,2025,5.0,FAO_CAHD,Cost and Affordability of a Healthy Diet (CoAHD),6,Millions,COUNT,Count (Integer),602,CCYY,A,Normal value,PU,Public
datastructure,WB.DATA360:DS_DATA360(1.2),I,A,Annual,COM,Comoros,FAO_CAHD_7006,Number of people unable to afford a healthy diet (million),_T,Total,_T,All age ranges or no breakdown by age,_T,Total,PS,Persons,_Z,Not Applicable,_Z,Not Applicable,_Z,Not Applicable,2025,0.4,FAO_CAHD,Cost and Affordability of a Healthy Diet (CoAHD),6,Millions,COUNT,Count (Integer),602,CCYY,A,Normal value,PU,Public
datastructure,WB.DATA360:DS_DATA360(1.2),I,A,Annual,COM,Comoros,FAO_CAHD_7006,Number of people unable to afford a healthy diet (million),_T,Total,_T,All age ranges or no breakdown by age,_T,Total,PS,Persons,_Z,Not Applicable,_Z,Not Applicable,_Z,Not Applicable,2024,0.4,FAO_CAHD,Cost and Affordability of a Healthy Diet (CoAHD),6,Millions,COUNT,Count (Integer),602,CCYY,A,Normal value,PU,Public
datastructure,WB.DATA360:DS_DATA360(1.2),I,A,Annual,COL,Colombia,FAO_CAHD_7006,Number of people unable to afford a healthy diet (million),_T,Total,_T,All age ranges or no breakdown by age,_T,Total,PS,Persons,_Z,Not Applicable,_Z,Not Applicable,_Z,Not Applicable,2022,20.6,FAO_CAHD,Cost and Affordability of a Healthy Diet (CoAHD),6,Millions,COUNT,Count (Integer),602,CCYY,A,Normal value,PU,Public
datastructure,WB.DATA360:DS_DATA360(1.2),I,A,Annual,COL,Colombia,FAO_CAHD_7006,Number of people unable to afford a healthy diet (million),_T,Total,_T,All age ranges or no breakdown by age,_T,Total,PS,Persons,_Z,Not Applicable,_Z,Not Applicable,_Z,Not Applicable,2017,17.7,FAO_CAHD,Cost and Affordability of a Healthy Diet (CoAHD),6,Millions,COUNT,Count (Integer),602,CCYY,A,Normal value,PU,Public
datastructure,WB.DATA360:DS_DATA360(1.2),I,A,Annual,COL,Colombia,FAO_CAHD_7006,Number of people unable to afford a healthy diet (million),_T,Total,_T,All age ranges or no breakdown by age,_T,Total,PS,Persons,_Z,Not Applicable,_Z,Not Applicable,_Z,Not Applicable,2018,18.0,FAO_CAHD,Cost and Affordability of a Healthy Diet (CoAHD),6,Millions,COUNT,Count (Integer),602,CCYY,A,Normal value,PU,Public
datastructure,WB.DATA360:DS_DATA360(1.2),I,A,Annual,COL,Colombia,FAO_CAHD_7006,Number of people unable to afford a healthy diet (million),_T,Total,_T,All age ranges or no breakdown by age,_T,Total,PS,Persons,_Z,Not Applicable,_Z,Not Applicable,_Z,Not Applicable,2019,18.8,FAO_CAHD,Cost and Affordability of a Healthy Diet (CoAHD),6,Millions,COUNT,Count (Integer),602,CCYY,A,Normal value,PU,Public
datastructure,WB.DATA360:DS_DATA360(1.2),I,A,Annual,COL,Colombia,FAO_CAHD_7006,Number of people unable to afford a healthy diet (million),_T,Total,_T,All age ranges or no breakdown by age,_T,Total,PS,Persons,_Z,Not Applicable,_Z,Not Applicable,_Z,Not Applicable,2020,22.7,FAO_CAHD,Cost and Affordability of a Healthy Diet (CoAHD),6,Millions,COUNT,Count (Integer),602,CCYY,A,Normal value,PU,Public
datastructure,WB.DATA360:DS_DATA360(1.2),I,A,Annual,COL,Colombia,FAO_CAHD_7006,Number of people unable to afford a healthy diet (million),_T,Total,_T,All age ranges or no breakdown by age,_T,Total,PS,Persons,_Z,Not Applicable,_Z,Not Applicable,_Z,Not Applicable,2021,21.1,FAO_CAHD,Cost and Affordability of a Healthy Diet (CoAHD),6,Millions,COUNT,Count (Integer),602,CCYY,A,Normal value,PU,Public
datastructure,WB.DATA360:DS_DATA360(1.2),I,A,Annual,COL,Colombia,FAO_CAHD_7006,Number of people unable to afford a healthy diet (million),_T,Total,_T,All age ranges or no breakdown by age,_T,Total,PS,Persons,_Z,Not Applicable,_Z,Not Applicable,_Z,Not Applicable,2023,20.5,FAO_CAHD,Cost and Affordability of a Healthy Diet (CoAHD),6,Millions,COUNT,Count (Integer),602,CCYY,A,Normal value,PU,Public
datastructure,WB.DATA360:DS_DATA360(1.2),I,A,Annual,COL,Colombia,FAO_CAHD_7006,Number of people unable to afford a healthy diet (million),_T,Total,_T,All age ranges or no breakdown by age,_T,Total,PS,Persons,_Z,Not Applicable,_Z,Not Applicable,_Z,Not Applicable,2024,19.3,FAO_CAHD,Cost and Affordability of a Healthy Diet (CoAHD),6,Millions,COUNT,Count (Integer),602,CCYY,A,Normal value,PU,Public
datastructure,WB.DATA360:DS_DATA360(1.2),I,A,Annual,COL,Colombia,FAO_CAHD_7006,Number of people unable to afford a healthy diet (million),_T,Total,_T,All age ranges or no breakdown by age,_T,Total,PS,Persons,_Z,Not Applicable,_Z,Not Applicable,_Z,Not Applicable,2025,19.2,FAO_CAHD,Cost and Affordability of a Healthy Diet (CoAHD),6,Millions,COUNT,Count (Integer),602,CCYY,A,Normal value,PU,Public
datastructure,WB.DATA360:DS_DATA360(1.2),I,A,Annual,COM,Comoros,FAO_CAHD_7006,Number of people unable to afford a healthy diet (million),_T,Total,_T,All age ranges or no breakdown by age,_T,Total,PS,Persons,_Z,Not Applicable,_Z,Not Applicable,_Z,Not Applicable,2023,0.4,FAO_CAHD,Cost and Affordability of a Healthy Diet (CoAHD),6,Millions,COUNT,Count (Integer),602,CCYY,A,Normal value,PU,Public
datastructure,WB.DATA360:DS_DATA360(1.2),I,A,Annual,COM,Comoros,FAO_CAHD_7006,Number of people unable to afford a healthy diet (million),_T,Total,_T,All age ranges or no breakdown by age,_T,Total,PS,Persons,_Z,Not Applicable,_Z,Not Applicable,_Z,Not Applicable,2017,0.4,FAO_CAHD,Cost and Affordability of a Healthy Diet (CoAHD),6,Millions,COUNT,Count (Integer),602,CCYY,A,Normal value,PU,Public
datastructure,WB.DATA360:DS_DATA360(1.2),I,A,Annual,COM,Comoros,FAO_CAHD_7006,Number of people unable to afford a healthy diet (million),_T,Total,_T,All age ranges or no breakdown by age,_T,Total,PS,Persons,_Z,Not Applicable,_Z,Not Applicable,_Z,Not Applicable,2018,0.4,FAO_CAHD,Cost and Affordability of a Healthy Diet (CoAHD),6,Millions,COUNT,Count (Integer),602,CCYY,A,Normal value,PU,Public
datastructure,WB.DATA360:DS_DATA360(1.2),I,A,Annual,COM,Comoros,FAO_CAHD_7006,Number of people unable to afford a healthy diet (million),_T,Total,_T,All age ranges or no breakdown by age,_T,Total,PS,Persons,_Z,Not Applicable,_Z,Not Applicable,_Z,Not Applicable,2019,0.4,FAO_CAHD,Cost and Affordability of a Healthy Diet (CoAHD),6,Millions,COUNT,Count (Integer),602,CCYY,A,Normal value,PU,Public
datastructure,WB.DATA360:DS_DATA360(1.2),I,A,Annual,COM,Comoros,FAO_CAHD_7006,Number of people unable to afford a healthy diet (million),_T,Total,_T,All age ranges or no breakdown by age,_T,Total,PS,Persons,_Z,Not Applicable,_Z,Not Applicable,_Z,Not Applicable,2020,0.4,FAO_CAHD,Cost and Affordability of a Healthy Diet (CoAHD),6,Millions,COUNT,Count (Integer),602,CCYY,A,Normal value,PU,Public
datastructure,WB.DATA360:DS_DATA360(1.2),I,A,Annual,COM,Comoros,FAO_CAHD_7006,Number of people unable to afford a healthy diet (million),_T,Total,_T,All age ranges or no breakdown by age,_T,Total,PS,Persons,_Z,Not Applicable,_Z,Not Applicable,_Z,Not Applicable,2021,0.4,FAO_CAHD,Cost and Affordability of a Healthy Diet (CoAHD),6,Millions,COUNT,Count (Integer),602,CCYY,A,Normal value,PU,Public
datastructure,WB.DATA360:DS_DATA360(1.2),I,A,Annual,COM,Comoros,FAO_CAHD_7006,Number of people unable to afford a healthy diet (million),_T,Total,_T,All age ranges or no breakdown by age,_T,Total,PS,Persons,_Z,Not Applicable,_Z,Not Applicable,_Z,Not Applicable,2022,0.4,FAO_CAHD,Cost and Affordability of a Healthy Diet (CoAHD),6,Millions,COUNT,Count (Integer),602,CCYY,A,Normal value,PU,Public
datastructure,WB.DATA360:DS_DATA360(1.2),I,A,Annual,HRV,Croatia,FAO_CAHD_7006,Number of people unable to afford a healthy diet (million),_T,Total,_T,All age ranges or no breakdown by age,_T,Total,PS,Persons,_Z,Not Applicable,_Z,Not Applicable,_Z,Not Applicable,2017,1.3,FAO_CAHD,Cost and Affordability of a Healthy Diet (CoAHD),6,Millions,COUNT,Count (Integer),602,CCYY,A,Normal value,PU,Public
datastructure,WB.DATA360:DS_DATA360(1.2),I,A,Annual,HRV,Croatia,FAO_CAHD_7006,Number of people unable to afford a healthy diet (million),_T,Total,_T,All age ranges or no breakdown by age,_T,Total,PS,Persons,_Z,Not Applicable,_Z,Not Applicable,_Z,Not Applicable,2018,1.1,FAO_CAHD,Cost and Affordability of a Healthy Diet (CoAHD),6,Millions,COUNT,Count (Integer),602,CCYY,A,Normal value,PU,Public
datastructure,WB.DATA360:DS_DATA360(1.2),I,A,Annual,HRV,Croatia,FAO_CAHD_7006,Number of people unable to afford a healthy diet (million),_T,Total,_T,All age ranges or no breakdown by age,_T,Total,PS,Persons,_Z,Not Applicable,_Z,Not Applicable,_Z,Not Applicable,2019,0.9,FAO_CAHD,Cost and Affordability of a Healthy Diet (CoAHD),6,Millions,COUNT,Count (Integer),602,CCYY,A,Normal value,PU,Public
datastructure,WB.DATA360:DS_DATA360(1.2),I,A,Annual,HRV,Croatia,FAO_CAHD_7006,Number of people unable to afford a healthy diet (million),_T,Total,_T,All age ranges or no breakdown by age,_T,Total,PS,Persons,_Z,Not Applicable,_Z,Not Applicable,_Z,Not Applicable,2020,0.9,FAO_CAHD,Cost and Affordability of a Healthy Diet (CoAHD),6,Millions,COUNT,Count (Integer),602,CCYY,A,Normal value,PU,Public
datastructure,WB.DATA360:DS_DATA360(1.2),I,A,Annual,HRV,Croatia,FAO_CAHD_7006,Number of people unable to afford a healthy diet (million),_T,Total,_T,All age ranges or no breakdown by age,_T,Total,PS,Persons,_Z,Not Applicable,_Z,Not Applicable,_Z,Not Applicable,2021,0.7,FAO_CAHD,Cost and Affordability of a Healthy Diet (CoAHD),6,Millions,COUNT,Count (Integer),602,CCYY,A,Normal value,PU,Public
datastructure,WB.DATA360:DS_DATA360(1.2),I,A,Annual,HRV,Croatia,FAO_CAHD_7006,Number of people unable to afford a healthy diet (million),_T,Total,_T,All age ranges or no breakdown by age,_T,Total,PS,Persons,_Z,Not Applicable,_Z,Not Applicable,_Z,Not Applicable,2022,0.7,FAO_CAHD,Cost and Affordability of a Healthy Diet (CoAHD),6,Millions,COUNT,Count (Integer),602,CCYY,A,Normal value,PU,Public
datastructure,WB.DATA360:DS_DATA360(1.2),I,A,Annual,HRV,Croatia,FAO_CAHD_7006,Number of people unable to afford a healthy diet (million),_T,Total,_T,All age ranges or no breakdown by age,_T,Total,PS,Persons,_Z,Not Applicable,_Z,Not Applicable,_Z,Not Applicable,2023,0.6,FAO_CAHD,Cost and Affordability of a Healthy Diet (CoAHD),6,Millions,COUNT,Count (Integer),602,CCYY,A,Normal value,PU,Public
datastructure,WB.DATA360:DS_DATA360(1.2),I,A,Annual,HRV,Croatia,FAO_CAHD_7006,Number of people unable to afford a healthy diet (million),_T,Total,_T,All age ranges or no breakdown by age,_T,Total,PS,Persons,_Z,Not Applicable,_Z,Not Applicable,_Z,Not Applicable,2024,0.5,FAO_CAHD,Cost and Affordability of a Healthy Diet (CoAHD),6,Millions,COUNT,Count (Integer),602,CCYY,A,Normal value,PU,Public
datastructure,WB.DATA360:DS_DATA360(1.2),I,A,Annual,HRV,Croatia,FAO_CAHD_7006,Number of people unable to afford a healthy diet (million),_T,Total,_T,All age ranges or no breakdown by age,_T,Total,PS,Persons,_Z,Not Applicable,_Z,Not Applicable,_Z,Not Applicable,2025,0.5,FAO_CAHD,Cost and Affordability of a Healthy Diet (CoAHD),6,Millions,COUNT,Count (Integer),602,CCYY,A,Normal value,PU,Public
datastructure,WB.DATA360:DS_DATA360(1.2),I,A,Annual,CRI,Costa Rica,FAO_CAHD_7006,Number of people unable to afford a healthy diet (million),_T,Total,_T,All age ranges or no breakdown by age,_T,Total,PS,Persons,_Z,Not Applicable,_Z,Not Applicable,_Z,Not Applicable,2019,2.7,FAO_CAHD,Cost and Affordability of a Healthy Diet (CoAHD),6,Millions,COUNT,Count (Integer),602,CCYY,A,Normal value,PU,Public
datastructure,WB.DATA360:DS_DATA360(1.2),I,A,Annual,CRI,Costa Rica,FAO_CAHD_7006,Number of people unable to afford a healthy diet (million),_T,Total,_T,All age ranges or no breakdown by age,_T,Total,PS,Persons,_Z,Not Applicable,_Z,Not Applicable,_Z,Not Applicable,2017,2.6,FAO_CAHD,Cost and Affordability of a Healthy Diet (CoAHD),6,Millions,COUNT,Count (Integer),602,CCYY,A,Normal value,PU,Public
datastructure,WB.DATA360:DS_DATA360(1.2),I,A,Annual,CRI,Costa Rica,FAO_CAHD_7006,Number of people unable to afford a healthy diet (million),_T,Total,_T,All age ranges or no breakdown by age,_T,Total,PS,Persons,_Z,Not Applicable,_Z,Not Applicable,_Z,Not Applicable,2018,2.7,FAO_CAHD,Cost and Affordability of a Healthy Diet (CoAHD),6,Millions,COUNT,Count (Integer),602,CCYY,A,Normal value,PU,Public
datastructure,WB.DATA360:DS_DATA360(1.2),I,A,Annual,CRI,Costa Rica,FAO_CAHD_7006,Number of people unable to afford a healthy diet (million),_T,Total,_T,All age ranges or no breakdown by age,_T,Total,PS,Persons,_Z,Not Applicable,_Z,Not Applicable,_Z,Not Applicable,2020,3.1,FAO_CAHD,Cost and Affordability of a Healthy Diet (CoAHD),6,Millions,COUNT,Count (Integer),602,CCYY,A,Normal value,PU,Public
datastructure,WB.DATA360:DS_DATA360(1.2),I,A,Annual,CRI,Costa Rica,FAO_CAHD_7006,Number of people unable to afford a healthy diet (million),_T,Total,_T,All age ranges or no breakdown by age,_T,Total,PS,Persons,_Z,Not Applicable,_Z,Not Applicable,_Z,Not Applicable,2021,2.8,FAO_CAHD,Cost and Affordability of a Healthy Diet (CoAHD),6,Millions,COUNT,Count (Integer),602,CCYY,A,Normal value,PU,Public
datastructure,WB.DATA360:DS_DATA360(1.2),I,A,Annual,CRI,Costa Rica,FAO_CAHD_7006,Number of people unable to afford a healthy diet (million),_T,Total,_T,All age ranges or no breakdown by age,_T,Total,PS,Persons,_Z,Not Applicable,_Z,Not Applicable,_Z,Not Applicable,2022,2.9,FAO_CAHD,Cost and Affordability of a Healthy Diet (CoAHD),6,Millions,COUNT,Count (Integer),602,CCYY,A,Normal value,PU,Public
datastructure,WB.DATA360:DS_DATA360(1.2),I,A,Annual,CRI,Costa Rica,FAO_CAHD_7006,Number of people unable to afford a healthy diet (million),_T,Total,_T,All age ranges or no breakdown by age,_T,Total,PS,Persons,_Z,Not Applicable,_Z,Not Applicable,_Z,Not Applicable,2023,2.7,FAO_CAHD,Cost and Affordability of a Healthy Diet (CoAHD),6,Millions,COUNT,Count (Integer),602,CCYY,A,Normal value,PU,Public
datastructure,WB.DATA360:DS_DATA360(1.2),I,A,Annual,CRI,Costa Rica,FAO_CAHD_7006,Number of people unable to afford a healthy diet (million),_T,Total,_T,All age ranges or no breakdown by age,_T,Total,PS,Persons,_Z,Not Applicable,_Z,Not Applicable,_Z,Not Applicable,2024,2.4,FAO_CAHD,Cost and Affordability of a Healthy Diet (CoAHD),6,Millions,COUNT,Count (Integer),602,CCYY,A,Normal value,PU,Public
datastructure,WB.DATA360:DS_DATA360(1.2),I,A,Annual,CRI,Costa Rica,FAO_CAHD_7006,Number of people unable to afford a healthy diet (million),_T,Total,_T,All age ranges or no breakdown by age,_T,Total,PS,Persons,_Z,Not Applicable,_Z,Not Applicable,_Z,Not Applicable,2025,2.2,FAO_CAHD,Cost and Affordability of a Healthy Diet (CoAHD),6,Millions,COUNT,Count (Integer),602,CCYY,A,Normal value,PU,Public
datastructure,WB.DATA360:DS_DATA360(1.2),I,A,Annual,CIV,Cote d'Ivoire,FAO_CAHD_7006,Number of people unable to afford a healthy diet (million),_T,Total,_T,All age ranges or no breakdown by age,_T,Total,PS,Persons,_Z,Not Applicable,_Z,Not Applicable,_Z,Not Applicable,2024,15.5,FAO_CAHD,Cost and Affordability of a Healthy Diet (CoAHD),6,Millions,COUNT,Count (Integer),602,CCYY,A,Normal value,PU,Public
datastructure,WB.DATA360:DS_DATA360(1.2),I,A,Annual,CIV,Cote d'Ivoire,FAO_CAHD_7006,Number of people unable to afford a healthy diet (million),_T,Total,_T,All age ranges or no breakdown by age,_T,Total,PS,Persons,_Z,Not Applicable,_Z,Not Applicable,_Z,Not Applicable,2025,15.2,FAO_CAHD,Cost and Affordability of a Healthy Diet (CoAHD),6,Millions,COUNT,Count (Integer),602,CCYY,A,Normal value,PU,Public
datastructure,WB.DATA360:DS_DATA360(1.2),I,A,Annual,CIV,Cote d'Ivoire,FAO_CAHD_7006,Number of people unable to afford a healthy diet (million),_T,Total,_T,All age ranges or no breakdown by age,_T,Total,PS,Persons,_Z,Not Applicable,_Z,Not Applicable,_Z,Not Applicable,2022,15.5,FAO_CAHD,Cost and Affordability of a Healthy Diet (CoAHD),6,Millions,COUNT,Count (Integer),602,CCYY,A,Normal value,PU,Public
datastructure,WB.DATA360:DS_DATA360(1.2),I,A,Annual,CIV,Cote d'Ivoire,FAO_CAHD_7006,Number of people unable to afford a healthy diet (million),_T,Total,_T,All age ranges or no breakdown by age,_T,Total,PS,Persons,_Z,Not Applicable,_Z,Not Applicable,_Z,Not Applicable,2023,15.6,FAO_CAHD,Cost and Affordability of a Healthy Diet (CoAHD),6,Millions,COUNT,Count (Integer),602,CCYY,A,Normal value,PU,Public
datastructure,WB.DATA360:DS_DATA360(1.2),I,A,Annual,CIV,Cote d'Ivoire,FAO_CAHD_7006,Number of people unable to afford a healthy diet (million),_T,Total,_T,All age ranges or no breakdown by age,_T,Total,PS,Persons,_Z,Not Applicable,_Z,Not Applicable,_Z,Not Applicable,2021,15.0,FAO_CAHD,Cost and Affordability of a Healthy Diet (CoAHD),6,Millions,COUNT,Count (Integer),602,CCYY,A,Normal value,PU,Public
datastructure,WB.DATA360:DS_DATA360(1.2),I,A,Annual,CIV,Cote d'Ivoire,FAO_CAHD_7006,Number of people unable to afford a healthy diet (million),_T,Total,_T,All age ranges or no breakdown by age,_T,Total,PS,Persons,_Z,Not Applicable,_Z,Not Applicable,_Z,Not Applicable,2020,14.4,FAO_CAHD,Cost and Affordability of a Healthy Diet (CoAHD),6,Millions,COUNT,Count (Integer),602,CCYY,A,Normal value,PU,Public
datastructure,WB.DATA360:DS_DATA360(1.2),I,A,Annual,CIV,Cote d'Ivoire,FAO_CAHD_7006,Number of people unable to afford a healthy diet (million),_T,Total,_T,All age ranges or no breakdown by age,_T,Total,PS,Persons,_Z,Not Applicable,_Z,Not Applicable,_Z,Not Applicable,2017,15.1,FAO_CAHD,Cost and Affordability of a Healthy Diet (CoAHD),6,Millions,COUNT,Count (Integer),602,CCYY,A,Normal value,PU,Public
datastructure,WB.DATA360:DS_DATA360(1.2),I,A,Annual,CIV,Cote d'Ivoire,FAO_CAHD_7006,Number of people unable to afford a healthy diet (million),_T,Total,_T,All age ranges or no breakdown by age,_T,Total,PS,Persons,_Z,Not Applicable,_Z,Not Applicable,_Z,Not Applicable,2018,14.3,FAO_CAHD,Cost and Affordability of a Healthy Diet (CoAHD),6,Millions,COUNT,Count (Integer),602,CCYY,A,Normal value,PU,Public
datastructure,WB.DATA360:DS_DATA360(1.2),I,A,Annual,CIV,Cote d'Ivoire,FAO_CAHD_7006,Number of people unable to afford a healthy diet (million),_T,Total,_T,All age ranges or no breakdown by age,_T,Total,PS,Persons,_Z,Not Applicable,_Z,Not Applicable,_Z,Not Applicable,2019,13.2,FAO_CAHD,Cost and Affordability of a Healthy Diet (CoAHD),6,Millions,COUNT,Count (Integer),602,CCYY,A,Normal value,PU,Public
datastructure,WB.DATA360:DS_DATA360(1.2),I,A,Annual,BFA,Burkina Faso,FAO_CAHD_7006,Number of people unable to afford a healthy diet (million),_T,Total,_T,All age ranges or no breakdown by age,_T,Total,PS,Persons,_Z,Not Applicable,_Z,Not Applicable,_Z,Not Applicable,2021,13.8,FAO_CAHD,Cost and Affordability of a Healthy Diet (CoAHD),6,Millions,COUNT,Count (Integer),602,CCYY,A,Normal value,PU,Public
datastructure,WB.DATA360:DS_DATA360(1.2),I,A,Annual,BFA,Burkina Faso,FAO_CAHD_7006,Number of people unable to afford a healthy diet (million),_T,Total,_T,All age ranges or no breakdown by age,_T,Total,PS,Persons,_Z,Not Applicable,_Z,Not Applicable,_Z,Not Applicable,2019,13.1,FAO_CAHD,Cost and Affordability of a Healthy Diet (CoAHD),6,Millions,COUNT,Count (Integer),602,CCYY,A,Normal value,PU,Public
datastructure,WB.DATA360:DS_DATA360(1.2),I,A,Annual,AUT,Austria,FAO_CAHD_7006,Number of people unable to afford a healthy diet (million),_T,Total,_T,All age ranges or no breakdown by age,_T,Total,PS,Persons,_Z,Not Applicable,_Z,Not Applicable,_Z,Not Applicable,2019,0.2,FAO_CAHD,Cost and Affordability of a Healthy Diet (CoAHD),6,Millions,COUNT,Count (Integer),602,CCYY,A,Normal value,PU,Public
datastructure,WB.DATA360:DS_DATA360(1.2),I,A,Annual,AUT,Austria,FAO_CAHD_7006,Number of people unable to afford a healthy diet (million),_T,Total,_T,All age ranges or no breakdown by age,_T,Total,PS,Persons,_Z,Not Applicable,_Z,Not Applicable,_Z,Not Applicable,2020,0.2,FAO_CAHD,Cost and Affordability of a Healthy Diet (CoAHD),6,Millions,COUNT,Count (Integer),602,CCYY,A,Normal value,PU,Public
datastructure,WB.DATA360:DS_DATA360(1.2),I,A,Annual,AUT,Austria,FAO_CAHD_7006,Number of people unable to afford a healthy diet (million),_T,Total,_T,All age ranges or no breakdown by age,_T,Total,PS,Persons,_Z,Not Applicable,_Z,Not Applicable,_Z,Not Applicable,2021,0.3,FAO_CAHD,Cost and Affordability of a Healthy Diet (CoAHD),6,Millions,COUNT,Count (Integer),602,CCYY,A,Normal value,PU,Public
datastructure,WB.DATA360:DS_DATA360(1.2),I,A,Annual,AUT,Austria,FAO_CAHD_7006,Number of people unable to afford a healthy diet (million),_T,Total,_T,All age ranges or no breakdown by age,_T,Total,PS,Persons,_Z,Not Applicable,_Z,Not Applicable,_Z,Not Applicable,2022,0.2,FAO_CAHD,Cost and Affordability of a Healthy Diet (CoAHD),6,Millions,COUNT,Count (Integer),602,CCYY,A,Normal value,PU,Public
datastructure,WB.DATA360:DS_DATA360(1.2),I,A,Annual,AUT,Austria,FAO_CAHD_7006,Number of people unable to afford a healthy diet (million),_T,Total,_T,All age ranges or no breakdown by age,_T,Total,PS,Persons,_Z,Not Applicable,_Z,Not Applicable,_Z,Not Applicable,2023,0.3,FAO_CAHD,Cost and Affordability of a Healthy Diet (CoAHD),6,Millions,COUNT,Count (Integer),602,CCYY,A,Normal value,PU,Public
datastructure,WB.DATA360:DS_DATA360(1.2),I,A,Annual,AUT,Austria,FAO_CAHD_7006,Number of people unable to afford a healthy diet (million),_T,Total,_T,All age ranges or no breakdown by age,_T,Total,PS,Persons,_Z,Not Applicable,_Z,Not Applicable,_Z,Not Applicable,2024,0.3,FAO_CAHD,Cost and Affordability of a Healthy Diet (CoAHD),6,Millions,COUNT,Count (Integer),602,CCYY,A,Normal value,PU,Public
datastructure,WB.DATA360:DS_DATA360(1.2),I,A,Annual,AUT,Austria,FAO_CAHD_7006,Number of people unable to afford a healthy diet (million),_T,Total,_T,All age ranges or no breakdown by age,_T,Total,PS,Persons,_Z,Not Applicable,_Z,Not Applicable,_Z,Not Applicable,2025,0.3,FAO_CAHD,Cost and Affordability of a Healthy Diet (CoAHD),6,Millions,COUNT,Count (Integer),602,CCYY,A,Normal value,PU,Public
datastructure,WB.DATA360:DS_DATA360(1.2),I,A,Annual,AUT,Austria,FAO_CAHD_7006,Number of people unable to afford a healthy diet (million),_T,Total,_T,All age ranges or no breakdown by age,_T,Total,PS,Persons,_Z,Not Applicable,_Z,Not Applicable,_Z,Not Applicable,2018,0.2,FAO_CAHD,Cost and Affordability of a Healthy Diet (CoAHD),6,Millions,COUNT,Count (Integer),602,CCYY,A,Normal value,PU,Public
datastructure,WB.DATA360:DS_DATA360(1.2),I,A,Annual,AUT,Austria,FAO_CAHD_7006,Number of people unable to afford a healthy diet (million),_T,Total,_T,All age ranges or no breakdown by age,_T,Total,PS,Persons,_Z,Not Applicable,_Z,Not Applicable,_Z,Not Applicable,2017,0.2,FAO_CAHD,Cost and Affordability of a Healthy Diet (CoAHD),6,Millions,COUNT,Count (Integer),602,CCYY,A,Normal value,PU,Public
datastructure,WB.DATA360:DS_DATA360(1.2),I,A,Annual,AZE,Azerbaijan,FAO_CAHD_7006,Number of people unable to afford a healthy diet (million),_T,Total,_T,All age ranges or no breakdown by age,_T,Total,PS,Persons,_Z,Not Applicable,_Z,Not Applicable,_Z,Not Applicable,2019,0.1,FAO_CAHD,Cost and Affordability of a Healthy Diet (CoAHD),6,Millions,COUNT,Count (Integer),602,CCYY,A,Normal value,PU,Public
datastructure,WB.DATA360:DS_DATA360(1.2),I,A,Annual,AZE,Azerbaijan,FAO_CAHD_7006,Number of people unable to afford a healthy diet (million),_T,Total,_T,All age ranges or no breakdown by age,_T,Total,PS,Persons,_Z,Not Applicable,_Z,Not Applicable,_Z,Not Applicable,2017,0.1,FAO_CAHD,Cost and Affordability of a Healthy Diet (CoAHD),6,Millions,COUNT,Count (Integer),602,CCYY,A,Normal value,PU,Public
datastructure,WB.DATA360:DS_DATA360(1.2),I,A,Annual,AZE,Azerbaijan,FAO_CAHD_7006,Number of people unable to afford a healthy diet (million),_T,Total,_T,All age ranges or no breakdown by age,_T,Total,PS,Persons,_Z,Not Applicable,_Z,Not Applicable,_Z,Not Applicable,2018,0.1,FAO_CAHD,Cost and Affordability of a Healthy Diet (CoAHD),6,Millions,COUNT,Count (Integer),602,CCYY,A,Normal value,PU,Public
datastructure,WB.DATA360:DS_DATA360(1.2),I,A,Annual,AZE,Azerbaijan,FAO_CAHD_7006,Number of people unable to afford a healthy diet (million),_T,Total,_T,All age ranges or no breakdown by age,_T,Total,PS,Persons,_Z,Not Applicable,_Z,Not Applicable,_Z,Not Applicable,2020,0.2,FAO_CAHD,Cost and Affordability of a Healthy Diet (CoAHD),6,Millions,COUNT,Count (Integer),602,CCYY,A,Normal value,PU,Public
datastructure,WB.DATA360:DS_DATA360(1.2),I,A,Annual,AZE,Azerbaijan,FAO_CAHD_7006,Number of people unable to afford a healthy diet (million),_T,Total,_T,All age ranges or no breakdown by age,_T,Total,PS,Persons,_Z,Not Applicable,_Z,Not Applicable,_Z,Not Applicable,2021,0.1,FAO_CAHD,Cost and Affordability of a Healthy Diet (CoAHD),6,Millions,COUNT,Count (Integer),602,CCYY,A,Normal value,PU,Public
datastructure,WB.DATA360:DS_DATA360(1.2),I,A,Annual,AZE,Azerbaijan,FAO_CAHD_7006,Number of people unable to afford a healthy diet (million),_T,Total,_T,All age ranges or no breakdown by age,_T,Total,PS,Persons,_Z,Not Applicable,_Z,Not Applicable,_Z,Not Applicable,2022,0.1,FAO_CAHD,Cost and Affordability of a Healthy Diet (CoAHD),6,Millions,COUNT,Count (Integer),602,CCYY,A,Normal value,PU,Public
datastructure,WB.DATA360:DS_DATA360(1.2),I,A,Annual,AZE,Azerbaijan,FAO_CAHD_7006,Number of people unable to afford a healthy diet (million),_T,Total,_T,All age ranges or no breakdown by age,_T,Total,PS,Persons,_Z,Not Applicable,_Z,Not Applicable,_Z,Not Applicable,2023,0.1,FAO_CAHD,Cost and Affordability of a Healthy Diet (CoAHD),6,Millions,COUNT,Count (Integer),602,CCYY,A,Normal value,PU,Public
datastructure,WB.DATA360:DS_DATA360(1.2),I,A,Annual,AZE,Azerbaijan,FAO_CAHD_7006,Number of people unable to afford a healthy diet (million),_T,Total,_T,All age ranges or no breakdown by age,_T,Total,PS,Persons,_Z,Not Applicable,_Z,Not Applicable,_Z,Not Applicable,2024,0.1,FAO_CAHD,Cost and Affordability of a Healthy Diet (CoAHD),6,Millions,COUNT,Count (Integer),602,CCYY,A,Normal value,PU,Public
datastructure,WB.DATA360:DS_DATA360(1.2),I,A,Annual,AZE,Azerbaijan,FAO_CAHD_7006,Number of people unable to afford a healthy diet (million),_T,Total,_T,All age ranges or no breakdown by age,_T,Total,PS,Persons,_Z,Not Applicable,_Z,Not Applicable,_Z,Not Applicable,2025,0.1,FAO_CAHD,Cost and Affordability of a Healthy Diet (CoAHD),6,Millions,COUNT,Count (Integer),602,CCYY,A,Normal value,PU,Public
datastructure,WB.DATA360:DS_DATA360(1.2),I,A,Annual,AUS,Australia,FAO_CAHD_7006,Number of people unable to afford a healthy diet (million),_T,Total,_T,All age ranges or no breakdown by age,_T,Total,PS,Persons,_Z,Not Applicable,_Z,Not Applicable,_Z,Not Applicable,2025,0.9,FAO_CAHD,Cost and Affordability of a Healthy Diet (CoAHD),6,Millions,COUNT,Count (Integer),602,CCYY,A,Normal value,PU,Public
datastructure,WB.DATA360:DS_DATA360(1.2),I,A,Annual,AUS,Australia,FAO_CAHD_7006,Number of people unable to afford a healthy diet (million),_T,Total,_T,All age ranges or no breakdown by age,_T,Total,PS,Persons,_Z,Not Applicable,_Z,Not Applicable,_Z,Not Applicable,2024,0.9,FAO_CAHD,Cost and Affordability of a Healthy Diet (CoAHD),6,Millions,COUNT,Count (Integer),602,CCYY,A,Normal value,PU,Public
datastructure,WB.DATA360:DS_DATA360(1.2),I,A,Annual,AUS,Australia,FAO_CAHD_7006,Number of people unable to afford a healthy diet (million),_T,Total,_T,All age ranges or no breakdown by age,_T,Total,PS,Persons,_Z,Not Applicable,_Z,Not Applicable,_Z,Not Applicable,2023,0.8,FAO_CAHD,Cost and Affordability of a Healthy Diet (CoAHD),6,Millions,COUNT,Count (Integer),602,CCYY,A,Normal value,PU,Public
datastructure,WB.DATA360:DS_DATA360(1.2),I,A,Annual,AUS,Australia,FAO_CAHD_7006,Number of people unable to afford a healthy diet (million),_T,Total,_T,All age ranges or no breakdown by age,_T,Total,PS,Persons,_Z,Not Applicable,_Z,Not Applicable,_Z,Not Applicable,2017,0.9,FAO_CAHD,Cost and Affordability of a Healthy Diet (CoAHD),6,Millions,COUNT,Count (Integer),602,CCYY,A,Normal value,PU,Public
datastructure,WB.DATA360:DS_DATA360(1.2),I,A,Annual,AUS,Australia,FAO_CAHD_7006,Number of people unable to afford a healthy diet (million),_T,Total,_T,All age ranges or no breakdown by age,_T,Total,PS,Persons,_Z,Not Applicable,_Z,Not Applicable,_Z,Not Applicable,2018,0.9,FAO_CAHD,Cost and Affordability of a Healthy Diet (CoAHD),6,Millions,COUNT,Count (Integer),602,CCYY,A,Normal value,PU,Public
datastructure,WB.DATA360:DS_DATA360(1.2),I,A,Annual,AUS,Australia,FAO_CAHD_7006,Number of people unable to afford a healthy diet (million),_T,Total,_T,All age ranges or no breakdown by age,_T,Total,PS,Persons,_Z,Not Applicable,_Z,Not Applicable,_Z,Not Applicable,2019,1.0,FAO_CAHD,Cost and Affordability of a Healthy Diet (CoAHD),6,Millions,COUNT,Count (Integer),602,CCYY,A,Normal value,PU,Public
datastructure,WB.DATA360:DS_DATA360(1.2),I,A,Annual,AUS,Australia,FAO_CAHD_7006,Number of people unable to afford a healthy diet (million),_T,Total,_T,All age ranges or no breakdown by age,_T,Total,PS,Persons,_Z,Not Applicable,_Z,Not Applicable,_Z,Not Applicable,2020,1.0,FAO_CAHD,Cost and Affordability of a Healthy Diet (CoAHD),6,Millions,COUNT,Count (Integer),602,CCYY,A,Normal value,PU,Public
datastructure,WB.DATA360:DS_DATA360(1.2),I,A,Annual,AUS,Australia,FAO_CAHD_7006,Number of people unable to afford a healthy diet (million),_T,Total,_T,All age ranges or no breakdown by age,_T,Total,PS,Persons,_Z,Not Applicable,_Z,Not Applicable,_Z,Not Applicable,2021,0.9,FAO_CAHD,Cost and Affordability of a Healthy Diet (CoAHD),6,Millions,COUNT,Count (Integer),602,CCYY,A,Normal value,PU,Public
datastructure,WB.DATA360:DS_DATA360(1.2),I,A,Annual,AUS,Australia,FAO_CAHD_7006,Number of people unable to afford a healthy diet (million),_T,Total,_T,All age ranges or no breakdown by age,_T,Total,PS,Persons,_Z,Not Applicable,_Z,Not Applicable,_Z,Not Applicable,2022,0.9,FAO_CAHD,Cost and Affordability of a Healthy Diet (CoAHD),6,Millions,COUNT,Count (Integer),602,CCYY,A,Normal value,PU,Public
datastructure,WB.DATA360:DS_DATA360(1.2),I,A,Annual,BGD,Bangladesh,FAO_CAHD_7006,Number of people unable to afford a healthy diet (million),_T,Total,_T,All age ranges or no breakdown by age,_T,Total,PS,Persons,_Z,Not Applicable,_Z,Not Applicable,_Z,Not Applicable,2017,101.8,FAO_CAHD,Cost and Affordability of a Healthy Diet (CoAHD),6,Millions,COUNT,Count (Integer),602,CCYY,A,Normal value,PU,Public
datastructure,WB.DATA360:DS_DATA360(1.2),I,A,Annual,BGD,Bangladesh,FAO_CAHD_7006,Number of people unable to afford a healthy diet (million),_T,Total,_T,All age ranges or no breakdown by age,_T,Total,PS,Persons,_Z,Not Applicable,_Z,Not Applicable,_Z,Not Applicable,2025,67.8,FAO_CAHD,Cost and Affordability of a Healthy Diet (CoAHD),6,Millions,COUNT,Count (Integer),602,CCYY,A,Normal value,PU,Public
datastructure,WB.DATA360:DS_DATA360(1.2),I,A,Annual,BGD,Bangladesh,FAO_CAHD_7006,Number of people unable to afford a healthy diet (million),_T,Total,_T,All age ranges or no breakdown by age,_T,Total,PS,Persons,_Z,Not Applicable,_Z,Not Applicable,_Z,Not Applicable,2018,95.6,FAO_CAHD,Cost and Affordability of a Healthy Diet (CoAHD),6,Millions,COUNT,Count (Integer),602,CCYY,A,Normal value,PU,Public
datastructure,WB.DATA360:DS_DATA360(1.2),I,A,Annual,BGD,Bangladesh,FAO_CAHD_7006,Number of people unable to afford a healthy diet (million),_T,Total,_T,All age ranges or no breakdown by age,_T,Total,PS,Persons,_Z,Not Applicable,_Z,Not Applicable,_Z,Not Applicable,2019,90.8,FAO_CAHD,Cost and Affordability of a Healthy Diet (CoAHD),6,Millions,COUNT,Count (Integer),602,CCYY,A,Normal value,PU,Public
datastructure,WB.DATA360:DS_DATA360(1.2),I,A,Annual,BGD,Bangladesh,FAO_CAHD_7006,Number of people unable to afford a healthy diet (million),_T,Total,_T,All age ranges or no breakdown by age,_T,Total,PS,Persons,_Z,Not Applicable,_Z,Not Applicable,_Z,Not Applicable,2020,85.9,FAO_CAHD,Cost and Affordability of a Healthy Diet (CoAHD),6,Millions,COUNT,Count (Integer),602,CCYY,A,Normal value,PU,Public
datastructure,WB.DATA360:DS_DATA360(1.2),I,A,Annual,BGD,Bangladesh,FAO_CAHD_7006,Number of people unable to afford a healthy diet (million),_T,Total,_T,All age ranges or no breakdown by age,_T,Total,PS,Persons,_Z,Not Applicable,_Z,Not Applicable,_Z,Not Applicable,2021,79.2,FAO_CAHD,Cost and Affordability of a Healthy Diet (CoAHD),6,Millions,COUNT,Count (Integer),602,CCYY,A,Normal value,PU,Public
datastructure,WB.DATA360:DS_DATA360(1.2),I,A,Annual,BGD,Bangladesh,FAO_CAHD_7006,Number of people unable to afford a healthy diet (million),_T,Total,_T,All age ranges or no breakdown by age,_T,Total,PS,Persons,_Z,Not Applicable,_Z,Not Applicable,_Z,Not Applicable,2022,73.4,FAO_CAHD,Cost and Affordability of a Healthy Diet (CoAHD),6,Millions,COUNT,Count (Integer),602,CCYY,A,Normal value,PU,Public
datastructure,WB.DATA360:DS_DATA360(1.2),I,A,Annual,BGD,Bangladesh,FAO_CAHD_7006,Number of people unable to afford a healthy diet (million),_T,Total,_T,All age ranges or no breakdown by age,_T,Total,PS,Persons,_Z,Not Applicable,_Z,Not Applicable,_Z,Not Applicable,2023,71.1,FAO_CAHD,Cost and Affordability of a Healthy Diet (CoAHD),6,Millions,COUNT,Count (Integer),602,CCYY,A,Normal value,PU,Public
datastructure,WB.DATA360:DS_DATA360(1.2),I,A,Annual,BGD,Bangladesh,FAO_CAHD_7006,Number of people unable to afford a healthy diet (million),_T,Total,_T,All age ranges or no breakdown by age,_T,Total,PS,Persons,_Z,Not Applicable,_Z,Not Applicable,_Z,Not Applicable,2024,70.0,FAO_CAHD,Cost and Affordability of a Healthy Diet (CoAHD),6,Millions,COUNT,Count (Integer),602,CCYY,A,Normal value,PU,Public
datastructure,WB.DATA360:DS_DATA360(1.2),I,A,Annual,DZA,Algeria,FAO_CAHD_7006,Number of people unable to afford a healthy diet (million),_T,Total,_T,All age ranges or no breakdown by age,_T,Total,PS,Persons,_Z,Not Applicable,_Z,Not Applicable,_Z,Not Applicable,2019,17.4,FAO_CAHD,Cost and Affordability of a Healthy Diet (CoAHD),6,Millions,COUNT,Count (Integer),602,CCYY,A,Normal value,PU,Public
datastructure,WB.DATA360:DS_DATA360(1.2),I,A,Annual,DZA,Algeria,FAO_CAHD_7006,Number of people unable to afford a healthy diet (million),_T,Total,_T,All age ranges or no breakdown by age,_T,Total,PS,Persons,_Z,Not Applicable,_Z,Not Applicable,_Z,Not Applicable,2017,17.2,FAO_CAHD,Cost and Affordability of a Healthy Diet (CoAHD),6,Millions,COUNT,Count (Integer),602,CCYY,A,Normal value,PU,Public
datastructure,WB.DATA360:DS_DATA360(1.2),I,A,Annual,DZA,Algeria,FAO_CAHD_7006,Number of people unable to afford a healthy diet (million),_T,Total,_T,All age ranges or no breakdown by age,_T,Total,PS,Persons,_Z,Not Applicable,_Z,Not Applicable,_Z,Not Applicable,2018,17.2,FAO_CAHD,Cost and Affordability of a Healthy Diet (CoAHD),6,Millions,COUNT,Count (Integer),602,CCYY,A,Normal value,PU,Public
datastructure,WB.DATA360:DS_DATA360(1.2),I,A,Annual,DZA,Algeria,FAO_CAHD_7006,Number of people unable to afford a healthy diet (million),_T,Total,_T,All age ranges or no breakdown by age,_T,Total,PS,Persons,_Z,Not Applicable,_Z,Not Applicable,_Z,Not Applicable,2020,19.0,FAO_CAHD,Cost and Affordability of a Healthy Diet (CoAHD),6,Millions,COUNT,Count (Integer),602,CCYY,A,Normal value,PU,Public
datastructure,WB.DATA360:DS_DATA360(1.2),I,A,Annual,DZA,Algeria,FAO_CAHD_7006,Number of people unable to afford a healthy diet (million),_T,Total,_T,All age ranges or no breakdown by age,_T,Total,PS,Persons,_Z,Not Applicable,_Z,Not Applicable,_Z,Not Applicable,2021,19.2,FAO_CAHD,Cost and Affordability of a Healthy Diet (CoAHD),6,Millions,COUNT,Count (Integer),602,CCYY,A,Normal value,PU,Public
datastructure,WB.DATA360:DS_DATA360(1.2),I,A,Annual,DZA,Algeria,FAO_CAHD_7006,Number of people unable to afford a healthy diet (million),_T,Total,_T,All age ranges or no breakdown by age,_T,Total,PS,Persons,_Z,Not Applicable,_Z,Not Applicable,_Z,Not Applicable,2022,19.7,FAO_CAHD,Cost and Affordability of a Healthy Diet (CoAHD),6,Millions,COUNT,Count (Integer),602,CCYY,A,Normal value,PU,Public
datastructure,WB.DATA360:DS_DATA360(1.2),I,A,Annual,DZA,Algeria,FAO_CAHD_7006,Number of people unable to afford a healthy diet (million),_T,Total,_T,All age ranges or no breakdown by age,_T,Total,PS,Persons,_Z,Not Applicable,_Z,Not Applicable,_Z,Not Applicable,2023,20.1,FAO_CAHD,Cost and Affordability of a Healthy Diet (CoAHD),6,Millions,COUNT,Count (Integer),602,CCYY,A,Normal value,PU,Public
datastructure,WB.DATA360:DS_DATA360(1.2),I,A,Annual,DZA,Algeria,FAO_CAHD_7006,Number of people unable to afford a healthy diet (million),_T,Total,_T,All age ranges or no breakdown by age,_T,Total,PS,Persons,_Z,Not Applicable,_Z,Not Applicable,_Z,Not Applicable,2024,19.6,FAO_CAHD,Cost and Affordability of a Healthy Diet (CoAHD),6,Millions,COUNT,Count (Integer),602,CCYY,A,Normal value,PU,Public
datastructure,WB.DATA360:DS_DATA360(1.2),I,A,Annual,DZA,Algeria,FAO_CAHD_7006,Number of people unable to afford a healthy diet (million),_T,Total,_T,All age ranges or no breakdown by age,_T,Total,PS,Persons,_Z,Not Applicable,_Z,Not Applicable,_Z,Not Applicable,2025,18.4,FAO_CAHD,Cost and Affordability of a Healthy Diet (CoAHD),6,Millions,COUNT,Count (Integer),602,CCYY,A,Normal value,PU,Public
datastructure,WB.DATA360:DS_DATA360(1.2),I,A,Annual,AGO,Angola,FAO_CAHD_7006,Number of people unable to afford a healthy diet (million),_T,Total,_T,All age ranges or no breakdown by age,_T,Total,PS,Persons,_Z,Not Applicable,_Z,Not Applicable,_Z,Not Applicable,2025,28.4,FAO_CAHD,Cost and Affordability of a Healthy Diet (CoAHD),6,Millions,COUNT,Count (Integer),602,CCYY,A,Normal value,PU,Public
datastructure,WB.DATA360:DS_DATA360(1.2),I,A,Annual,AGO,Angola,FAO_CAHD_7006,Number of people unable to afford a healthy diet (million),_T,Total,_T,All age ranges or no breakdown by age,_T,Total,PS,Persons,_Z,Not Applicable,_Z,Not Applicable,_Z,Not Applicable,2023,26.4,FAO_CAHD,Cost and Affordability of a Healthy Diet (CoAHD),6,Millions,COUNT,Count (Integer),602,CCYY,A,Normal value,PU,Public
datastructure,WB.DATA360:DS_DATA360(1.2),I,A,Annual,AGO,Angola,FAO_CAHD_7006,Number of people unable to afford a healthy diet (million),_T,Total,_T,All age ranges or no breakdown by age,_T,Total,PS,Persons,_Z,Not Applicable,_Z,Not Applicable,_Z,Not Applicable,2024,27.4,FAO_CAHD,Cost and Affordability of a Healthy Diet (CoAHD),6,Millions,COUNT,Count (Integer),602,CCYY,A,Normal value,PU,Public
datastructure,WB.DATA360:DS_DATA360(1.2),I,A,Annual,AGO,Angola,FAO_CAHD_7006,Number of people unable to afford a healthy diet (million),_T,Total,_T,All age ranges or no breakdown by age,_T,Total,PS,Persons,_Z,Not Applicable,_Z,Not Applicable,_Z,Not Applicable,2022,25.4,FAO_CAHD,Cost and Affordability of a Healthy Diet (CoAHD),6,Millions,COUNT,Count (Integer),602,CCYY,A,Normal value,PU,Public
datastructure,WB.DATA360:DS_DATA360(1.2),I,A,Annual,AGO,Angola,FAO_CAHD_7006,Number of people unable to afford a healthy diet (million),_T,Total,_T,All age ranges or no breakdown by age,_T,Total,PS,Persons,_Z,Not Applicable,_Z,Not Applicable,_Z,Not Applicable,2021,24.5,FAO_CAHD,Cost and Affordability of a Healthy Diet (CoAHD),6,Millions,COUNT,Count (Integer),602,CCYY,A,Normal value,PU,Public
datastructure,WB.DATA360:DS_DATA360(1.2),I,A,Annual,AGO,Angola,FAO_CAHD_7006,Number of people unable to afford a healthy diet (million),_T,Total,_T,All age ranges or no breakdown by age,_T,Total,PS,Persons,_Z,Not Applicable,_Z,Not Applicable,_Z,Not Applicable,2017,18.2,FAO_CAHD,Cost and Affordability of a Healthy Diet (CoAHD),6,Millions,COUNT,Count (Integer),602,CCYY,A,Normal value,PU,Public
datastructure,WB.DATA360:DS_DATA360(1.2),I,A,Annual,AGO,Angola,FAO_CAHD_7006,Number of people unable to afford a healthy diet (million),_T,Total,_T,All age ranges or no breakdown by age,_T,Total,PS,Persons,_Z,Not Applicable,_Z,Not Applicable,_Z,Not Applicable,2018,20.3,FAO_CAHD,Cost and Affordability of a Healthy Diet (CoAHD),6,Millions,COUNT,Count (Integer),602,CCYY,A,Normal value,PU,Public
datastructure,WB.DATA360:DS_DATA360(1.2),I,A,Annual,AGO,Angola,FAO_CAHD_7006,Number of people unable to afford a healthy diet (million),_T,Total,_T,All age ranges or no breakdown by age,_T,Total,PS,Persons,_Z,Not Applicable,_Z,Not Applicable,_Z,Not Applicable,2019,21.6,FAO_CAHD,Cost and Affordability of a Healthy Diet (CoAHD),6,Millions,COUNT,Count (Integer),602,CCYY,A,Normal value,PU,Public
datastructure,WB.DATA360:DS_DATA360(1.2),I,A,Annual,AGO,Angola,FAO_CAHD_7006,Number of people unable to afford a healthy diet (million),_T,Total,_T,All age ranges or no breakdown by age,_T,Total,PS,Persons,_Z,Not Applicable,_Z,Not Applicable,_Z,Not Applicable,2020,23.3,FAO_CAHD,Cost and Affordability of a Healthy Diet (CoAHD),6,Millions,COUNT,Count (Integer),602,CCYY,A,Normal value,PU,Public
datastructure,WB.DATA360:DS_DATA360(1.2),I,A,Annual,ALB,Albania,FAO_CAHD_7006,Number of people unable to afford a healthy diet (million),_T,Total,_T,All age ranges or no breakdown by age,_T,Total,PS,Persons,_Z,Not Applicable,_Z,Not Applicable,_Z,Not Applicable,2017,0.8,FAO_CAHD,Cost and Affordability of a Healthy Diet (CoAHD),6,Millions,COUNT,Count (Integer),602,CCYY,A,Normal value,PU,Public
datastructure,WB.DATA360:DS_DATA360(1.2),I,A,Annual,ALB,Albania,FAO_CAHD_7006,Number of people unable to afford a healthy diet (million),_T,Total,_T,All age ranges or no breakdown by age,_T,Total,PS,Persons,_Z,Not Applicable,_Z,Not Applicable,_Z,Not Applicable,2018,0.6,FAO_CAHD,Cost and Affordability of a Healthy Diet (CoAHD),6,Millions,COUNT,Count (Integer),602,CCYY,A,Normal value,PU,Public
datastructure,WB.DATA360:DS_DATA360(1.2),I,A,Annual,ALB,Albania,FAO_CAHD_7006,Number of people unable to afford a healthy diet (million),_T,Total,_T,All age ranges or no breakdown by age,_T,Total,PS,Persons,_Z,Not Applicable,_Z,Not Applicable,_Z,Not Applicable,2019,0.5,FAO_CAHD,Cost and Affordability of a Healthy Diet (CoAHD),6,Millions,COUNT,Count (Integer),602,CCYY,A,Normal value,PU,Public
datastructure,WB.DATA360:DS_DATA360(1.2),I,A,Annual,ALB,Albania,FAO_CAHD_7006,Number of people unable to afford a healthy diet (million),_T,Total,_T,All age ranges or no breakdown by age,_T,Total,PS,Persons,_Z,Not Applicable,_Z,Not Applicable,_Z,Not Applicable,2020,0.5,FAO_CAHD,Cost and Affordability of a Healthy Diet (CoAHD),6,Millions,COUNT,Count (Integer),602,CCYY,A,Normal value,PU,Public
datastructure,WB.DATA360:DS_DATA360(1.2),I,A,Annual,ALB,Albania,FAO_CAHD_7006,Number of people unable to afford a healthy diet (million),_T,Total,_T,All age ranges or no breakdown by age,_T,Total,PS,Persons,_Z,Not Applicable,_Z,Not Applicable,_Z,Not Applicable,2021,0.5,FAO_CAHD,Cost and Affordability of a Healthy Diet (CoAHD),6,Millions,COUNT,Count (Integer),602,CCYY,A,Normal value,PU,Public
datastructure,WB.DATA360:DS_DATA360(1.2),I,A,Annual,ALB,Albania,FAO_CAHD_7006,Number of people unable to afford a healthy diet (million),_T,Total,_T,All age ranges or no breakdown by age,_T,Total,PS,Persons,_Z,Not Applicable,_Z,Not Applicable,_Z,Not Applicable,2022,0.4,FAO_CAHD,Cost and Affordability of a Healthy Diet (CoAHD),6,Millions,COUNT,Count (Integer),602,CCYY,A,Normal value,PU,Public
datastructure,WB.DATA360:DS_DATA360(1.2),I,A,Annual,ALB,Albania,FAO_CAHD_7006,Number of people unable to afford a healthy diet (million),_T,Total,_T,All age ranges or no breakdown by age,_T,Total,PS,Persons,_Z,Not Applicable,_Z,Not Applicable,_Z,Not Applicable,2023,0.4,FAO_CAHD,Cost and Affordability of a Healthy Diet (CoAHD),6,Millions,COUNT,Count (Integer),602,CCYY,A,Normal value,PU,Public
datastructure,WB.DATA360:DS_DATA360(1.2),I,A,Annual,ALB,Albania,FAO_CAHD_7006,Number of people unable to afford a healthy diet (million),_T,Total,_T,All age ranges or no breakdown by age,_T,Total,PS,Persons,_Z,Not Applicable,_Z,Not Applicable,_Z,Not Applicable,2024,0.4,FAO_CAHD,Cost and Affordability of a Healthy Diet (CoAHD),6,Millions,COUNT,Count (Integer),602,CCYY,A,Normal value,PU,Public
datastructure,WB.DATA360:DS_DATA360(1.2),I,A,Annual,ALB,Albania,FAO_CAHD_7006,Number of people unable to afford a healthy diet (million),_T,Total,_T,All age ranges or no breakdown by age,_T,Total,PS,Persons,_Z,Not Applicable,_Z,Not Applicable,_Z,Not Applicable,2025,0.3,FAO_CAHD,Cost and Affordability of a Healthy Diet (CoAHD),6,Millions,COUNT,Count (Integer),602,CCYY,A,Normal value,PU,Public
datastructure,WB.DATA360:DS_DATA360(1.2),I,A,Annual,ARM,Armenia,FAO_CAHD_7006,Number of people unable to afford a healthy diet (million),_T,Total,_T,All age ranges or no breakdown by age,_T,Total,PS,Persons,_Z,Not Applicable,_Z,Not Applicable,_Z,Not Applicable,2017,1.5,FAO_CAHD,Cost and Affordability of a Healthy Diet (CoAHD),6,Millions,COUNT,Count (Integer),602,CCYY,A,Normal value,PU,Public
datastructure,WB.DATA360:DS_DATA360(1.2),I,A,Annual,ARM,Armenia,FAO_CAHD_7006,Number of people unable to afford a healthy diet (million),_T,Total,_T,All age ranges or no breakdown by age,_T,Total,PS,Persons,_Z,Not Applicable,_Z,Not Applicable,_Z,Not Applicable,2018,1.5,FAO_CAHD,Cost and Affordability of a Healthy Diet (CoAHD),6,Millions,COUNT,Count (Integer),602,CCYY,A,Normal value,PU,Public
datastructure,WB.DATA360:DS_DATA360(1.2),I,A,Annual,ARM,Armenia,FAO_CAHD_7006,Number of people unable to afford a healthy diet (million),_T,Total,_T,All age ranges or no breakdown by age,_T,Total,PS,Persons,_Z,Not Applicable,_Z,Not Applicable,_Z,Not Applicable,2019,1.6,FAO_CAHD,Cost and Affordability of a Healthy Diet (CoAHD),6,Millions,COUNT,Count (Integer),602,CCYY,A,Normal value,PU,Public
datastructure,WB.DATA360:DS_DATA360(1.2),I,A,Annual,ARM,Armenia,FAO_CAHD_7006,Number of people unable to afford a healthy diet (million),_T,Total,_T,All age ranges or no breakdown by age,_T,Total,PS,Persons,_Z,Not Applicable,_Z,Not Applicable,_Z,Not Applicable,2020,1.6,FAO_CAHD,Cost and Affordability of a Healthy Diet (CoAHD),6,Millions,COUNT,Count (Integer),602,CCYY,A,Normal value,PU,Public
datastructure,WB.DATA360:DS_DATA360(1.2),I,A,Annual,ARM,Armenia,FAO_CAHD_7006,Number of people unable to afford a healthy diet (million),_T,Total,_T,All age ranges or no breakdown by age,_T,Total,PS,Persons,_Z,Not Applicable,_Z,Not Applicable,_Z,Not Applicable,2021,1.6,FAO_CAHD,Cost and Affordability of a Healthy Diet (CoAHD),6,Millions,COUNT,Count (Integer),602,CCYY,A,Normal value,PU,Public
datastructure,WB.DATA360:DS_DATA360(1.2),I,A,Annual,ARM,Armenia,FAO_CAHD_7006,Number of people unable to afford a healthy diet (million),_T,Total,_T,All age ranges or no breakdown by age,_T,Total,PS,Persons,_Z,Not Applicable,_Z,Not Applicable,_Z,Not Applicable,2022,1.6,FAO_CAHD,Cost and Affordability of a Healthy Diet (CoAHD),6,Millions,COUNT,Count (Integer),602,CCYY,A,Normal value,PU,Public
datastructure,WB.DATA360:DS_DATA360(1.2),I,A,Annual,ARM,Armenia,FAO_CAHD_7006,Number of people unable to afford a healthy diet (million),_T,Total,_T,All age ranges or no breakdown by age,_T,Total,PS,Persons,_Z,Not Applicable,_Z,Not Applicable,_Z,Not Applicable,2023,1.7,FAO_CAHD,Cost and Affordability of a Healthy Diet (CoAHD),6,Millions,COUNT,Count (Integer),602,CCYY,A,Normal value,PU,Public
datastructure,WB.DATA360:DS_DATA360(1.2),I,A,Annual,ARM,Armenia,FAO_CAHD_7006,Number of people unable to afford a healthy diet (million),_T,Total,_T,All age ranges or no breakdown by age,_T,Total,PS,Persons,_Z,Not Applicable,_Z,Not Applicable,_Z,Not Applicable,2024,1.4,FAO_CAHD,Cost and Affordability of a Healthy Diet (CoAHD),6,Millions,COUNT,Count (Integer),602,CCYY,A,Normal value,PU,Public
datastructure,WB.DATA360:DS_DATA360(1.2),I,A,Annual,ARM,Armenia,FAO_CAHD_7006,Number of people unable to afford a healthy diet (million),_T,Total,_T,All age ranges or no breakdown by age,_T,Total,PS,Persons,_Z,Not Applicable,_Z,Not Applicable,_Z,Not Applicable,2025,1.3,FAO_CAHD,Cost and Affordability of a Healthy Diet (CoAHD),6,Millions,COUNT,Count (Integer),602,CCYY,A,Normal value,PU,Public
datastructure,WB.DATA360:DS_DATA360(1.2),I,A,Annual,BFA,Burkina Faso,FAO_CAHD_7006,Number of people unable to afford a healthy diet (million),_T,Total,_T,All age ranges or no breakdown by age,_T,Total,PS,Persons,_Z,Not Applicable,_Z,Not Applicable,_Z,Not Applicable,2018,13.4,FAO_CAHD,Cost and Affordability of a Healthy Diet (CoAHD),6,Millions,COUNT,Count (Integer),602,CCYY,A,Normal value,PU,Public
datastructure,WB.DATA360:DS_DATA360(1.2),I,A,Annual,BWA,Botswana,FAO_CAHD_7006,Number of people unable to afford a healthy diet (million),_T,Total,_T,All age ranges or no breakdown by age,_T,Total,PS,Persons,_Z,Not Applicable,_Z,Not Applicable,_Z,Not Applicable,2018,1.4,FAO_CAHD,Cost and Affordability of a Healthy Diet (CoAHD),6,Millions,COUNT,Count (Integer),602,CCYY,A,Normal value,PU,Public
datastructure,WB.DATA360:DS_DATA360(1.2),I,A,Annual,BWA,Botswana,FAO_CAHD_7006,Number of people unable to afford a healthy diet (million),_T,Total,_T,All age ranges or no breakdown by age,_T,Total,PS,Persons,_Z,Not Applicable,_Z,Not Applicable,_Z,Not Applicable,2020,1.4,FAO_CAHD,Cost and Affordability of a Healthy Diet (CoAHD),6,Millions,COUNT,Count (Integer),602,CCYY,A,Normal value,PU,Public
datastructure,WB.DATA360:DS_DATA360(1.2),I,A,Annual,BWA,Botswana,FAO_CAHD_7006,Number of people unable to afford a healthy diet (million),_T,Total,_T,All age ranges or no breakdown by age,_T,Total,PS,Persons,_Z,Not Applicable,_Z,Not Applicable,_Z,Not Applicable,2021,1.4,FAO_CAHD,Cost and Affordability of a Healthy Diet (CoAHD),6,Millions,COUNT,Count (Integer),602,CCYY,A,Normal value,PU,Public
datastructure,WB.DATA360:DS_DATA360(1.2),I,A,Annual,BWA,Botswana,FAO_CAHD_7006,Number of people unable to afford a healthy diet (million),_T,Total,_T,All age ranges or no breakdown by age,_T,Total,PS,Persons,_Z,Not Applicable,_Z,Not Applicable,_Z,Not Applicable,2022,1.4,FAO_CAHD,Cost and Affordability of a Healthy Diet (CoAHD),6,Millions,COUNT,Count (Integer),602,CCYY,A,Normal value,PU,Public
datastructure,WB.DATA360:DS_DATA360(1.2),I,A,Annual,BWA,Botswana,FAO_CAHD_7006,Number of people unable to afford a healthy diet (million),_T,Total,_T,All age ranges or no breakdown by age,_T,Total,PS,Persons,_Z,Not Applicable,_Z,Not Applicable,_Z,Not Applicable,2023,1.5,FAO_CAHD,Cost and Affordability of a Healthy Diet (CoAHD),6,Millions,COUNT,Count (Integer),602,CCYY,A,Normal value,PU,Public
datastructure,WB.DATA360:DS_DATA360(1.2),I,A,Annual,BWA,Botswana,FAO_CAHD_7006,Number of people unable to afford a healthy diet (million),_T,Total,_T,All age ranges or no breakdown by age,_T,Total,PS,Persons,_Z,Not Applicable,_Z,Not Applicable,_Z,Not Applicable,2024,1.5,FAO_CAHD,Cost and Affordability of a Healthy Diet (CoAHD),6,Millions,COUNT,Count (Integer),602,CCYY,A,Normal value,PU,Public
datastructure,WB.DATA360:DS_DATA360(1.2),I,A,Annual,BWA,Botswana,FAO_CAHD_7006,Number of people unable to afford a healthy diet (million),_T,Total,_T,All age ranges or no breakdown by age,_T,Total,PS,Persons,_Z,Not Applicable,_Z,Not Applicable,_Z,Not Applicable,2025,1.5,FAO_CAHD,Cost and Affordability of a Healthy Diet (CoAHD),6,Millions,COUNT,Count (Integer),602,CCYY,A,Normal value,PU,Public
datastructure,WB.DATA360:DS_DATA360(1.2),I,A,Annual,BRA,Brazil,FAO_CAHD_7006,Number of people unable to afford a healthy diet (million),_T,Total,_T,All age ranges or no breakdown by age,_T,Total,PS,Persons,_Z,Not Applicable,_Z,Not Applicable,_Z,Not Applicable,2020,43.5,FAO_CAHD,Cost and Affordability of a Healthy Diet (CoAHD),6,Millions,COUNT,Count (Integer),602,CCYY,A,Normal value,PU,Public
datastructure,WB.DATA360:DS_DATA360(1.2),I,A,Annual,BRA,Brazil,FAO_CAHD_7006,Number of people unable to afford a healthy diet (million),_T,Total,_T,All age ranges or no breakdown by age,_T,Total,PS,Persons,_Z,Not Applicable,_Z,Not Applicable,_Z,Not Applicable,2017,58.9,FAO_CAHD,Cost and Affordability of a Healthy Diet (CoAHD),6,Millions,COUNT,Count (Integer),602,CCYY,A,Normal value,PU,Public
datastructure,WB.DATA360:DS_DATA360(1.2),I,A,Annual,BRA,Brazil,FAO_CAHD_7006,Number of people unable to afford a healthy diet (million),_T,Total,_T,All age ranges or no breakdown by age,_T,Total,PS,Persons,_Z,Not Applicable,_Z,Not Applicable,_Z,Not Applicable,2018,57.1,FAO_CAHD,Cost and Affordability of a Healthy Diet (CoAHD),6,Millions,COUNT,Count (Integer),602,CCYY,A,Normal value,PU,Public
datastructure,WB.DATA360:DS_DATA360(1.2),I,A,Annual,BRA,Brazil,FAO_CAHD_7006,Number of people unable to afford a healthy diet (million),_T,Total,_T,All age ranges or no breakdown by age,_T,Total,PS,Persons,_Z,Not Applicable,_Z,Not Applicable,_Z,Not Applicable,2019,56.6,FAO_CAHD,Cost and Affordability of a Healthy Diet (CoAHD),6,Millions,COUNT,Count (Integer),602,CCYY,A,Normal value,PU,Public
datastructure,WB.DATA360:DS_DATA360(1.2),I,A,Annual,BRA,Brazil,FAO_CAHD_7006,Number of people unable to afford a healthy diet (million),_T,Total,_T,All age ranges or no breakdown by age,_T,Total,PS,Persons,_Z,Not Applicable,_Z,Not Applicable,_Z,Not Applicable,2021,65.3,FAO_CAHD,Cost and Affordability of a Healthy Diet (CoAHD),6,Millions,COUNT,Count (Integer),602,CCYY,A,Normal value,PU,Public
datastructure,WB.DATA360:DS_DATA360(1.2),I,A,Annual,BRA,Brazil,FAO_CAHD_7006,Number of people unable to afford a healthy diet (million),_T,Total,_T,All age ranges or no breakdown by age,_T,Total,PS,Persons,_Z,Not Applicable,_Z,Not Applicable,_Z,Not Applicable,2022,55.5,FAO_CAHD,Cost and Affordability of a Healthy Diet (CoAHD),6,Millions,COUNT,Count (Integer),602,CCYY,A,Normal value,PU,Public
datastructure,WB.DATA360:DS_DATA360(1.2),I,A,Annual,BRA,Brazil,FAO_CAHD_7006,Number of people unable to afford a healthy diet (million),_T,Total,_T,All age ranges or no breakdown by age,_T,Total,PS,Persons,_Z,Not Applicable,_Z,Not Applicable,_Z,Not Applicable,2023,50.9,FAO_CAHD,Cost and Affordability of a Healthy Diet (CoAHD),6,Millions,COUNT,Count (Integer),602,CCYY,A,Normal value,PU,Public
datastructure,WB.DATA360:DS_DATA360(1.2),I,A,Annual,BRA,Brazil,FAO_CAHD_7006,Number of people unable to afford a healthy diet (million),_T,Total,_T,All age ranges or no breakdown by age,_T,Total,PS,Persons,_Z,Not Applicable,_Z,Not Applicable,_Z,Not Applicable,2024,45.4,FAO_CAHD,Cost and Affordability of a Healthy Diet (CoAHD),6,Millions,COUNT,Count (Integer),602,CCYY,A,Normal value,PU,Public
datastructure,WB.DATA360:DS_DATA360(1.2),I,A,Annual,BRA,Brazil,FAO_CAHD_7006,Number of people unable to afford a healthy diet (million),_T,Total,_T,All age ranges or no breakdown by age,_T,Total,PS,Persons,_Z,Not Applicable,_Z,Not Applicable,_Z,Not Applicable,2025,44.8,FAO_CAHD,Cost and Affordability of a Healthy Diet (CoAHD),6,Millions,COUNT,Count (Integer),602,CCYY,A,Normal value,PU,Public
datastructure,WB.DATA360:DS_DATA360(1.2),I,A,Annual,BWA,Botswana,FAO_CAHD_7006,Number of people unable to afford a healthy diet (million),_T,Total,_T,All age ranges or no breakdown by age,_T,Total,PS,Persons,_Z,Not Applicable,_Z,Not Applicable,_Z,Not Applicable,2019,1.4,FAO_CAHD,Cost and Affordability of a Healthy Diet (CoAHD),6,Millions,COUNT,Count (Integer),602,CCYY,A,Normal value,PU,Public
datastructure,WB.DATA360:DS_DATA360(1.2),I,A,Annual,BWA,Botswana,FAO_CAHD_7006,Number of people unable to afford a healthy diet (million),_T,Total,_T,All age ranges or no breakdown by age,_T,Total,PS,Persons,_Z,Not Applicable,_Z,Not Applicable,_Z,Not Applicable,2017,1.4,FAO_CAHD,Cost and Affordability of a Healthy Diet (CoAHD),6,Millions,COUNT,Count (Integer),602,CCYY,A,Normal value,PU,Public
datastructure,WB.DATA360:DS_DATA360(1.2),I,A,Annual,BIH,Bosnia and Herzegovina,FAO_CAHD_7006,Number of people unable to afford a healthy diet (million),_T,Total,_T,All age ranges or no breakdown by age,_T,Total,PS,Persons,_Z,Not Applicable,_Z,Not Applicable,_Z,Not Applicable,2017,0.6,FAO_CAHD,Cost and Affordability of a Healthy Diet (CoAHD),6,Millions,COUNT,Count (Integer),602,CCYY,A,Normal value,PU,Public
datastructure,WB.DATA360:DS_DATA360(1.2),I,A,Annual,BIH,Bosnia and Herzegovina,FAO_CAHD_7006,Number of people unable to afford a healthy diet (million),_T,Total,_T,All age ranges or no breakdown by age,_T,Total,PS,Persons,_Z,Not Applicable,_Z,Not Applicable,_Z,Not Applicable,2018,0.6,FAO_CAHD,Cost and Affordability of a Healthy Diet (CoAHD),6,Millions,COUNT,Count (Integer),602,CCYY,A,Normal value,PU,Public
datastructure,WB.DATA360:DS_DATA360(1.2),I,A,Annual,BIH,Bosnia and Herzegovina,FAO_CAHD_7006,Number of people unable to afford a healthy diet (million),_T,Total,_T,All age ranges or no breakdown by age,_T,Total,PS,Persons,_Z,Not Applicable,_Z,Not Applicable,_Z,Not Applicable,2019,0.5,FAO_CAHD,Cost and Affordability of a Healthy Diet (CoAHD),6,Millions,COUNT,Count (Integer),602,CCYY,A,Normal value,PU,Public
datastructure,WB.DATA360:DS_DATA360(1.2),I,A,Annual,BIH,Bosnia and Herzegovina,FAO_CAHD_7006,Number of people unable to afford a healthy diet (million),_T,Total,_T,All age ranges or no breakdown by age,_T,Total,PS,Persons,_Z,Not Applicable,_Z,Not Applicable,_Z,Not Applicable,2020,0.5,FAO_CAHD,Cost and Affordability of a Healthy Diet (CoAHD),6,Millions,COUNT,Count (Integer),602,CCYY,A,Normal value,PU,Public
datastructure,WB.DATA360:DS_DATA360(1.2),I,A,Annual,BIH,Bosnia and Herzegovina,FAO_CAHD_7006,Number of people unable to afford a healthy diet (million),_T,Total,_T,All age ranges or no breakdown by age,_T,Total,PS,Persons,_Z,Not Applicable,_Z,Not Applicable,_Z,Not Applicable,2021,0.5,FAO_CAHD,Cost and Affordability of a Healthy Diet (CoAHD),6,Millions,COUNT,Count (Integer),602,CCYY,A,Normal value,PU,Public
datastructure,WB.DATA360:DS_DATA360(1.2),I,A,Annual,BIH,Bosnia and Herzegovina,FAO_CAHD_7006,Number of people unable to afford a healthy diet (million),_T,Total,_T,All age ranges or no breakdown by age,_T,Total,PS,Persons,_Z,Not Applicable,_Z,Not Applicable,_Z,Not Applicable,2022,0.5,FAO_CAHD,Cost and Affordability of a Healthy Diet (CoAHD),6,Millions,COUNT,Count (Integer),602,CCYY,A,Normal value,PU,Public
datastructure,WB.DATA360:DS_DATA360(1.2),I,A,Annual,BIH,Bosnia and Herzegovina,FAO_CAHD_7006,Number of people unable to afford a healthy diet (million),_T,Total,_T,All age ranges or no breakdown by age,_T,Total,PS,Persons,_Z,Not Applicable,_Z,Not Applicable,_Z,Not Applicable,2023,0.4,FAO_CAHD,Cost and Affordability of a Healthy Diet (CoAHD),6,Millions,COUNT,Count (Integer),602,CCYY,A,Normal value,PU,Public
datastructure,WB.DATA360:DS_DATA360(1.2),I,A,Annual,BIH,Bosnia and Herzegovina,FAO_CAHD_7006,Number of people unable to afford a healthy diet (million),_T,Total,_T,All age ranges or no breakdown by age,_T,Total,PS,Persons,_Z,Not Applicable,_Z,Not Applicable,_Z,Not Applicable,2024,0.4,FAO_CAHD,Cost and Affordability of a Healthy Diet (CoAHD),6,Millions,COUNT,Count (Integer),602,CCYY,A,Normal value,PU,Public
datastructure,WB.DATA360:DS_DATA360(1.2),I,A,Annual,BIH,Bosnia and Herzegovina,FAO_CAHD_7006,Number of people unable to afford a healthy diet (million),_T,Total,_T,All age ranges or no breakdown by age,_T,Total,PS,Persons,_Z,Not Applicable,_Z,Not Applicable,_Z,Not Applicable,2025,0.4,FAO_CAHD,Cost and Affordability of a Healthy Diet (CoAHD),6,Millions,COUNT,Count (Integer),602,CCYY,A,Normal value,PU,Public
datastructure,WB.DATA360:DS_DATA360(1.2),I,A,Annual,BGR,Bulgaria,FAO_CAHD_7006,Number of people unable to afford a healthy diet (million),_T,Total,_T,All age ranges or no breakdown by age,_T,Total,PS,Persons,_Z,Not Applicable,_Z,Not Applicable,_Z,Not Applicable,2017,3.7,FAO_CAHD,Cost and Affordability of a Healthy Diet (CoAHD),6,Millions,COUNT,Count (Integer),602,CCYY,A,Normal value,PU,Public
datastructure,WB.DATA360:DS_DATA360(1.2),I,A,Annual,BGR,Bulgaria,FAO_CAHD_7006,Number of people unable to afford a healthy diet (million),_T,Total,_T,All age ranges or no breakdown by age,_T,Total,PS,Persons,_Z,Not Applicable,_Z,Not Applicable,_Z,Not Applicable,2018,3.0,FAO_CAHD,Cost and Affordability of a Healthy Diet (CoAHD),6,Millions,COUNT,Count (Integer),602,CCYY,A,Normal value,PU,Public
datastructure,WB.DATA360:DS_DATA360(1.2),I,A,Annual,BGR,Bulgaria,FAO_CAHD_7006,Number of people unable to afford a healthy diet (million),_T,Total,_T,All age ranges or no breakdown by age,_T,Total,PS,Persons,_Z,Not Applicable,_Z,Not Applicable,_Z,Not Applicable,2019,2.8,FAO_CAHD,Cost and Affordability of a Healthy Diet (CoAHD),6,Millions,COUNT,Count (Integer),602,CCYY,A,Normal value,PU,Public
datastructure,WB.DATA360:DS_DATA360(1.2),I,A,Annual,BGR,Bulgaria,FAO_CAHD_7006,Number of people unable to afford a healthy diet (million),_T,Total,_T,All age ranges or no breakdown by age,_T,Total,PS,Persons,_Z,Not Applicable,_Z,Not Applicable,_Z,Not Applicable,2020,2.4,FAO_CAHD,Cost and Affordability of a Healthy Diet (CoAHD),6,Millions,COUNT,Count (Integer),602,CCYY,A,Normal value,PU,Public
datastructure,WB.DATA360:DS_DATA360(1.2),I,A,Annual,BGR,Bulgaria,FAO_CAHD_7006,Number of people unable to afford a healthy diet (million),_T,Total,_T,All age ranges or no breakdown by age,_T,Total,PS,Persons,_Z,Not Applicable,_Z,Not Applicable,_Z,Not Applicable,2021,2.4,FAO_CAHD,Cost and Affordability of a Healthy Diet (CoAHD),6,Millions,COUNT,Count (Integer),602,CCYY,A,Normal value,PU,Public
datastructure,WB.DATA360:DS_DATA360(1.2),I,A,Annual,BGR,Bulgaria,FAO_CAHD_7006,Number of people unable to afford a healthy diet (million),_T,Total,_T,All age ranges or no breakdown by age,_T,Total,PS,Persons,_Z,Not Applicable,_Z,Not Applicable,_Z,Not Applicable,2022,1.9,FAO_CAHD,Cost and Affordability of a Healthy Diet (CoAHD),6,Millions,COUNT,Count (Integer),602,CCYY,A,Normal value,PU,Public
datastructure,WB.DATA360:DS_DATA360(1.2),I,A,Annual,BGR,Bulgaria,FAO_CAHD_7006,Number of people unable to afford a healthy diet (million),_T,Total,_T,All age ranges or no breakdown by age,_T,Total,PS,Persons,_Z,Not Applicable,_Z,Not Applicable,_Z,Not Applicable,2023,1.7,FAO_CAHD,Cost and Affordability of a Healthy Diet (CoAHD),6,Millions,COUNT,Count (Integer),602,CCYY,A,Normal value,PU,Public
datastructure,WB.DATA360:DS_DATA360(1.2),I,A,Annual,BGR,Bulgaria,FAO_CAHD_7006,Number of people unable to afford a healthy diet (million),_T,Total,_T,All age ranges or no breakdown by age,_T,Total,PS,Persons,_Z,Not Applicable,_Z,Not Applicable,_Z,Not Applicable,2024,1.6,FAO_CAHD,Cost and Affordability of a Healthy Diet (CoAHD),6,Millions,COUNT,Count (Integer),602,CCYY,A,Normal value,PU,Public
datastructure,WB.DATA360:DS_DATA360(1.2),I,A,Annual,BGR,Bulgaria,FAO_CAHD_7006,Number of people unable to afford a healthy diet (million),_T,Total,_T,All age ranges or no breakdown by age,_T,Total,PS,Persons,_Z,Not Applicable,_Z,Not Applicable,_Z,Not Applicable,2025,1.4,FAO_CAHD,Cost and Affordability of a Healthy Diet (CoAHD),6,Millions,COUNT,Count (Integer),602,CCYY,A,Normal value,PU,Public
datastructure,WB.DATA360:DS_DATA360(1.2),I,A,Annual,BFA,Burkina Faso,FAO_CAHD_7006,Number of people unable to afford a healthy diet (million),_T,Total,_T,All age ranges or no breakdown by age,_T,Total,PS,Persons,_Z,Not Applicable,_Z,Not Applicable,_Z,Not Applicable,2017,13.6,FAO_CAHD,Cost and Affordability of a Healthy Diet (CoAHD),6,Millions,COUNT,Count (Integer),602,CCYY,A,Normal value,PU,Public
datastructure,WB.DATA360:DS_DATA360(1.2),I,A,Annual,BLZ,Belize,FAO_CAHD_7006,Number of people unable to afford a healthy diet (million),_T,Total,_T,All age ranges or no breakdown by age,_T,Total,PS,Persons,_Z,Not Applicable,_Z,Not Applicable,_Z,Not Applicable,2017,0.1,FAO_CAHD,Cost and Affordability of a Healthy Diet (CoAHD),6,Millions,COUNT,Count (Integer),602,CCYY,A,Normal value,PU,Public
datastructure,WB.DATA360:DS_DATA360(1.2),I,A,Annual,BLZ,Belize,FAO_CAHD_7006,Number of people unable to afford a healthy diet (million),_T,Total,_T,All age ranges or no breakdown by age,_T,Total,PS,Persons,_Z,Not Applicable,_Z,Not Applicable,_Z,Not Applicable,2018,0.1,FAO_CAHD,Cost and Affordability of a Healthy Diet (CoAHD),6,Millions,COUNT,Count (Integer),602,CCYY,A,Normal value,PU,Public
datastructure,WB.DATA360:DS_DATA360(1.2),I,A,Annual,BLZ,Belize,FAO_CAHD_7006,Number of people unable to afford a healthy diet (million),_T,Total,_T,All age ranges or no breakdown by age,_T,Total,PS,Persons,_Z,Not Applicable,_Z,Not Applicable,_Z,Not Applicable,2019,0.1,FAO_CAHD,Cost and Affordability of a Healthy Diet (CoAHD),6,Millions,COUNT,Count (Integer),602,CCYY,A,Normal value,PU,Public
datastructure,WB.DATA360:DS_DATA360(1.2),I,A,Annual,BLZ,Belize,FAO_CAHD_7006,Number of people unable to afford a healthy diet (million),_T,Total,_T,All age ranges or no breakdown by age,_T,Total,PS,Persons,_Z,Not Applicable,_Z,Not Applicable,_Z,Not Applicable,2020,0.1,FAO_CAHD,Cost and Affordability of a Healthy Diet (CoAHD),6,Millions,COUNT,Count (Integer),602,CCYY,A,Normal value,PU,Public
datastructure,WB.DATA360:DS_DATA360(1.2),I,A,Annual,BLZ,Belize,FAO_CAHD_7006,Number of people unable to afford a healthy diet (million),_T,Total,_T,All age ranges or no breakdown by age,_T,Total,PS,Persons,_Z,Not Applicable,_Z,Not Applicable,_Z,Not Applicable,2021,0.1,FAO_CAHD,Cost and Affordability of a Healthy Diet (CoAHD),6,Millions,COUNT,Count (Integer),602,CCYY,A,Normal value,PU,Public
datastructure,WB.DATA360:DS_DATA360(1.2),I,A,Annual,BLZ,Belize,FAO_CAHD_7006,Number of people unable to afford a healthy diet (million),_T,Total,_T,All age ranges or no breakdown by age,_T,Total,PS,Persons,_Z,Not Applicable,_Z,Not Applicable,_Z,Not Applicable,2022,0.1,FAO_CAHD,Cost and Affordability of a Healthy Diet (CoAHD),6,Millions,COUNT,Count (Integer),602,CCYY,A,Normal value,PU,Public
datastructure,WB.DATA360:DS_DATA360(1.2),I,A,Annual,BLZ,Belize,FAO_CAHD_7006,Number of people unable to afford a healthy diet (million),_T,Total,_T,All age ranges or no breakdown by age,_T,Total,PS,Persons,_Z,Not Applicable,_Z,Not Applicable,_Z,Not Applicable,2023,0.1,FAO_CAHD,Cost and Affordability of a Healthy Diet (CoAHD),6,Millions,COUNT,Count (Integer),602,CCYY,A,Normal value,PU,Public
datastructure,WB.DATA360:DS_DATA360(1.2),I,A,Annual,BLZ,Belize,FAO_CAHD_7006,Number of people unable to afford a healthy diet (million),_T,Total,_T,All age ranges or no breakdown by age,_T,Total,PS,Persons,_Z,Not Applicable,_Z,Not Applicable,_Z,Not Applicable,2024,0.1,FAO_CAHD,Cost and Affordability of a Healthy Diet (CoAHD),6,Millions,COUNT,Count (Integer),602,CCYY,A,Normal value,PU,Public
datastructure,WB.DATA360:DS_DATA360(1.2),I,A,Annual,BLZ,Belize,FAO_CAHD_7006,Number of people unable to afford a healthy diet (million),_T,Total,_T,All age ranges or no breakdown by age,_T,Total,PS,Persons,_Z,Not Applicable,_Z,Not Applicable,_Z,Not Applicable,2025,0.1,FAO_CAHD,Cost and Affordability of a Healthy Diet (CoAHD),6,Millions,COUNT,Count (Integer),602,CCYY,A,Normal value,PU,Public
datastructure,WB.DATA360:DS_DATA360(1.2),I,A,Annual,BLR,Belarus,FAO_CAHD_7006,Number of people unable to afford a healthy diet (million),_T,Total,_T,All age ranges or no breakdown by age,_T,Total,PS,Persons,_Z,Not Applicable,_Z,Not Applicable,_Z,Not Applicable,2021,0.1,FAO_CAHD,Cost and Affordability of a Healthy Diet (CoAHD),6,Millions,COUNT,Count (Integer),602,CCYY,A,Normal value,PU,Public
datastructure,WB.DATA360:DS_DATA360(1.2),I,A,Annual,BLR,Belarus,FAO_CAHD_7006,Number of people unable to afford a healthy diet (million),_T,Total,_T,All age ranges or no breakdown by age,_T,Total,PS,Persons,_Z,Not Applicable,_Z,Not Applicable,_Z,Not Applicable,2022,0.1,FAO_CAHD,Cost and Affordability of a Healthy Diet (CoAHD),6,Millions,COUNT,Count (Integer),602,CCYY,A,Normal value,PU,Public
datastructure,WB.DATA360:DS_DATA360(1.2),I,A,Annual,BLR,Belarus,FAO_CAHD_7006,Number of people unable to afford a healthy diet (million),_T,Total,_T,All age ranges or no breakdown by age,_T,Total,PS,Persons,_Z,Not Applicable,_Z,Not Applicable,_Z,Not Applicable,2023,0.1,FAO_CAHD,Cost and Affordability of a Healthy Diet (CoAHD),6,Millions,COUNT,Count (Integer),602,CCYY,A,Normal value,PU,Public
datastructure,WB.DATA360:DS_DATA360(1.2),I,A,Annual,BLR,Belarus,FAO_CAHD_7006,Number of people unable to afford a healthy diet (million),_T,Total,_T,All age ranges or no breakdown by age,_T,Total,PS,Persons,_Z,Not Applicable,_Z,Not Applicable,_Z,Not Applicable,2024,0.1,FAO_CAHD,Cost and Affordability of a Healthy Diet (CoAHD),6,Millions,COUNT,Count (Integer),602,CCYY,A,Normal value,PU,Public
datastructure,WB.DATA360:DS_DATA360(1.2),I,A,Annual,BLR,Belarus,FAO_CAHD_7006,Number of people unable to afford a healthy diet (million),_T,Total,_T,All age ranges or no breakdown by age,_T,Total,PS,Persons,_Z,Not Applicable,_Z,Not Applicable,_Z,Not Applicable,2025,0.1,FAO_CAHD,Cost and Affordability of a Healthy Diet (CoAHD),6,Millions,COUNT,Count (Integer),602,CCYY,A,Normal value,PU,Public
datastructure,WB.DATA360:DS_DATA360(1.2),I,A,Annual,BLR,Belarus,FAO_CAHD_7006,Number of people unable to afford a healthy diet (million),_T,Total,_T,All age ranges or no breakdown by age,_T,Total,PS,Persons,_Z,Not Applicable,_Z,Not Applicable,_Z,Not Applicable,2019,0.3,FAO_CAHD,Cost and Affordability of a Healthy Diet (CoAHD),6,Millions,COUNT,Count (Integer),602,CCYY,A,Normal value,PU,Public
datastructure,WB.DATA360:DS_DATA360(1.2),I,A,Annual,BLR,Belarus,FAO_CAHD_7006,Number of people unable to afford a healthy diet (million),_T,Total,_T,All age ranges or no breakdown by age,_T,Total,PS,Persons,_Z,Not Applicable,_Z,Not Applicable,_Z,Not Applicable,2020,0.2,FAO_CAHD,Cost and Affordability of a Healthy Diet (CoAHD),6,Millions,COUNT,Count (Integer),602,CCYY,A,Normal value,PU,Public
datastructure,WB.DATA360:DS_DATA360(1.2),I,A,Annual,BLR,Belarus,FAO_CAHD_7006,Number of people unable to afford a healthy diet (million),_T,Total,_T,All age ranges or no breakdown by age,_T,Total,PS,Persons,_Z,Not Applicable,_Z,Not Applicable,_Z,Not Applicable,2018,0.3,FAO_CAHD,Cost and Affordability of a Healthy Diet (CoAHD),6,Millions,COUNT,Count (Integer),602,CCYY,A,Normal value,PU,Public
datastructure,WB.DATA360:DS_DATA360(1.2),I,A,Annual,BLR,Belarus,FAO_CAHD_7006,Number of people unable to afford a healthy diet (million),_T,Total,_T,All age ranges or no breakdown by age,_T,Total,PS,Persons,_Z,Not Applicable,_Z,Not Applicable,_Z,Not Applicable,2017,0.4,FAO_CAHD,Cost and Affordability of a Healthy Diet (CoAHD),6,Millions,COUNT,Count (Integer),602,CCYY,A,Normal value,PU,Public
datastructure,WB.DATA360:DS_DATA360(1.2),I,A,Annual,BEL,Belgium,FAO_CAHD_7006,Number of people unable to afford a healthy diet (million),_T,Total,_T,All age ranges or no breakdown by age,_T,Total,PS,Persons,_Z,Not Applicable,_Z,Not Applicable,_Z,Not Applicable,2020,0.1,FAO_CAHD,Cost and Affordability of a Healthy Diet (CoAHD),6,Millions,COUNT,Count (Integer),602,CCYY,A,Normal value,PU,Public
datastructure,WB.DATA360:DS_DATA360(1.2),I,A,Annual,BEL,Belgium,FAO_CAHD_7006,Number of people unable to afford a healthy diet (million),_T,Total,_T,All age ranges or no breakdown by age,_T,Total,PS,Persons,_Z,Not Applicable,_Z,Not Applicable,_Z,Not Applicable,2017,0.3,FAO_CAHD,Cost and Affordability of a Healthy Diet (CoAHD),6,Millions,COUNT,Count (Integer),602,CCYY,A,Normal value,PU,Public
datastructure,WB.DATA360:DS_DATA360(1.2),I,A,Annual,BEL,Belgium,FAO_CAHD_7006,Number of people unable to afford a healthy diet (million),_T,Total,_T,All age ranges or no breakdown by age,_T,Total,PS,Persons,_Z,Not Applicable,_Z,Not Applicable,_Z,Not Applicable,2018,0.2,FAO_CAHD,Cost and Affordability of a Healthy Diet (CoAHD),6,Millions,COUNT,Count (Integer),602,CCYY,A,Normal value,PU,Public
datastructure,WB.DATA360:DS_DATA360(1.2),I,A,Annual,BEL,Belgium,FAO_CAHD_7006,Number of people unable to afford a healthy diet (million),_T,Total,_T,All age ranges or no breakdown by age,_T,Total,PS,Persons,_Z,Not Applicable,_Z,Not Applicable,_Z,Not Applicable,2019,0.2,FAO_CAHD,Cost and Affordability of a Healthy Diet (CoAHD),6,Millions,COUNT,Count (Integer),602,CCYY,A,Normal value,PU,Public
datastructure,WB.DATA360:DS_DATA360(1.2),I,A,Annual,BEL,Belgium,FAO_CAHD_7006,Number of people unable to afford a healthy diet (million),_T,Total,_T,All age ranges or no breakdown by age,_T,Total,PS,Persons,_Z,Not Applicable,_Z,Not Applicable,_Z,Not Applicable,2021,0.1,FAO_CAHD,Cost and Affordability of a Healthy Diet (CoAHD),6,Millions,COUNT,Count (Integer),602,CCYY,A,Normal value,PU,Public
datastructure,WB.DATA360:DS_DATA360(1.2),I,A,Annual,BEL,Belgium,FAO_CAHD_7006,Number of people unable to afford a healthy diet (million),_T,Total,_T,All age ranges or no breakdown by age,_T,Total,PS,Persons,_Z,Not Applicable,_Z,Not Applicable,_Z,Not Applicable,2022,0.1,FAO_CAHD,Cost and Affordability of a Healthy Diet (CoAHD),6,Millions,COUNT,Count (Integer),602,CCYY,A,Normal value,PU,Public
datastructure,WB.DATA360:DS_DATA360(1.2),I,A,Annual,BEL,Belgium,FAO_CAHD_7006,Number of people unable to afford a healthy diet (million),_T,Total,_T,All age ranges or no breakdown by age,_T,Total,PS,Persons,_Z,Not Applicable,_Z,Not Applicable,_Z,Not Applicable,2023,0.1,FAO_CAHD,Cost and Affordability of a Healthy Diet (CoAHD),6,Millions,COUNT,Count (Integer),602,CCYY,A,Normal value,PU,Public
datastructure,WB.DATA360:DS_DATA360(1.2),I,A,Annual,BEL,Belgium,FAO_CAHD_7006,Number of people unable to afford a healthy diet (million),_T,Total,_T,All age ranges or no breakdown by age,_T,Total,PS,Persons,_Z,Not Applicable,_Z,Not Applicable,_Z,Not Applicable,2024,0.1,FAO_CAHD,Cost and Affordability of a Healthy Diet (CoAHD),6,Millions,COUNT,Count (Integer),602,CCYY,A,Normal value,PU,Public
datastructure,WB.DATA360:DS_DATA360(1.2),I,A,Annual,BEL,Belgium,FAO_CAHD_7006,Number of people unable to afford a healthy diet (million),_T,Total,_T,All age ranges or no breakdown by age,_T,Total,PS,Persons,_Z,Not Applicable,_Z,Not Applicable,_Z,Not Applicable,2025,0.1,FAO_CAHD,Cost and Affordability of a Healthy Diet (CoAHD),6,Millions,COUNT,Count (Integer),602,CCYY,A,Normal value,PU,Public
datastructure,WB.DATA360:DS_DATA360(1.2),I,A,Annual,BEN,Benin,FAO_CAHD_7006,Number of people unable to afford a healthy diet (million),_T,Total,_T,All age ranges or no breakdown by age,_T,Total,PS,Persons,_Z,Not Applicable,_Z,Not Applicable,_Z,Not Applicable,2017,9.6,FAO_CAHD,Cost and Affordability of a Healthy Diet (CoAHD),6,Millions,COUNT,Count (Integer),602,CCYY,A,Normal value,PU,Public
datastructure,WB.DATA360:DS_DATA360(1.2),I,A,Annual,BTN,Bhutan,FAO_CAHD_7006,Number of people unable to afford a healthy diet (million),_T,Total,_T,All age ranges or no breakdown by age,_T,Total,PS,Persons,_Z,Not Applicable,_Z,Not Applicable,_Z,Not Applicable,2022,0.0,FAO_CAHD,Cost and Affordability of a Healthy Diet (CoAHD),6,Millions,COUNT,Count (Integer),602,CCYY,A,Normal value,PU,Public
datastructure,WB.DATA360:DS_DATA360(1.2),I,A,Annual,BTN,Bhutan,FAO_CAHD_7006,Number of people unable to afford a healthy diet (million),_T,Total,_T,All age ranges or no breakdown by age,_T,Total,PS,Persons,_Z,Not Applicable,_Z,Not Applicable,_Z,Not Applicable,2023,0.0,FAO_CAHD,Cost and Affordability of a Healthy Diet (CoAHD),6,Millions,COUNT,Count (Integer),602,CCYY,A,Normal value,PU,Public
datastructure,WB.DATA360:DS_DATA360(1.2),I,A,Annual,BTN,Bhutan,FAO_CAHD_7006,Number of people unable to afford a healthy diet (million),_T,Total,_T,All age ranges or no breakdown by age,_T,Total,PS,Persons,_Z,Not Applicable,_Z,Not Applicable,_Z,Not Applicable,2024,0.0,FAO_CAHD,Cost and Affordability of a Healthy Diet (CoAHD),6,Millions,COUNT,Count (Integer),602,CCYY,A,Normal value,PU,Public
datastructure,WB.DATA360:DS_DATA360(1.2),I,A,Annual,BTN,Bhutan,FAO_CAHD_7006,Number of people unable to afford a healthy diet (million),_T,Total,_T,All age ranges or no breakdown by age,_T,Total,PS,Persons,_Z,Not Applicable,_Z,Not Applicable,_Z,Not Applicable,2025,0.0,FAO_CAHD,Cost and Affordability of a Healthy Diet (CoAHD),6,Millions,COUNT,Count (Integer),602,CCYY,A,Normal value,PU,Public
datastructure,WB.DATA360:DS_DATA360(1.2),I,A,Annual,BTN,Bhutan,FAO_CAHD_7006,Number of people unable to afford a healthy diet (million),_T,Total,_T,All age ranges or no breakdown by age,_T,Total,PS,Persons,_Z,Not Applicable,_Z,Not Applicable,_Z,Not Applicable,2021,0.2,FAO_CAHD,Cost and Affordability of a Healthy Diet (CoAHD),6,Millions,COUNT,Count (Integer),602,CCYY,A,Normal value,PU,Public
datastructure,WB.DATA360:DS_DATA360(1.2),I,A,Annual,BTN,Bhutan,FAO_CAHD_7006,Number of people unable to afford a healthy diet (million),_T,Total,_T,All age ranges or no breakdown by age,_T,Total,PS,Persons,_Z,Not Applicable,_Z,Not Applicable,_Z,Not Applicable,2020,0.1,FAO_CAHD,Cost and Affordability of a Healthy Diet (CoAHD),6,Millions,COUNT,Count (Integer),602,CCYY,A,Normal value,PU,Public
datastructure,WB.DATA360:DS_DATA360(1.2),I,A,Annual,BTN,Bhutan,FAO_CAHD_7006,Number of people unable to afford a healthy diet (million),_T,Total,_T,All age ranges or no breakdown by age,_T,Total,PS,Persons,_Z,Not Applicable,_Z,Not Applicable,_Z,Not Applicable,2019,0.1,FAO_CAHD,Cost and Affordability of a Healthy Diet (CoAHD),6,Millions,COUNT,Count (Integer),602,CCYY,A,Normal value,PU,Public
datastructure,WB.DATA360:DS_DATA360(1.2),I,A,Annual,BTN,Bhutan,FAO_CAHD_7006,Number of people unable to afford a healthy diet (million),_T,Total,_T,All age ranges or no breakdown by age,_T,Total,PS,Persons,_Z,Not Applicable,_Z,Not Applicable,_Z,Not Applicable,2018,0.1,FAO_CAHD,Cost and Affordability of a Healthy Diet (CoAHD),6,Millions,COUNT,Count (Integer),602,CCYY,A,Normal value,PU,Public
datastructure,WB.DATA360:DS_DATA360(1.2),I,A,Annual,BTN,Bhutan,FAO_CAHD_7006,Number of people unable to afford a healthy diet (million),_T,Total,_T,All age ranges or no breakdown by age,_T,Total,PS,Persons,_Z,Not Applicable,_Z,Not Applicable,_Z,Not Applicable,2017,0.2,FAO_CAHD,Cost and Affordability of a Healthy Diet (CoAHD),6,Millions,COUNT,Count (Integer),602,CCYY,A,Normal value,PU,Public
datastructure,WB.DATA360:DS_DATA360(1.2),I,A,Annual,BOL,Bolivia,FAO_CAHD_7006,Number of people unable to afford a healthy diet (million),_T,Total,_T,All age ranges or no breakdown by age,_T,Total,PS,Persons,_Z,Not Applicable,_Z,Not Applicable,_Z,Not Applicable,2022,1.2,FAO_CAHD,Cost and Affordability of a Healthy Diet (CoAHD),6,Millions,COUNT,Count (Integer),602,CCYY,A,Normal value,PU,Public
datastructure,WB.DATA360:DS_DATA360(1.2),I,A,Annual,BOL,Bolivia,FAO_CAHD_7006,Number of people unable to afford a healthy diet (million),_T,Total,_T,All age ranges or no breakdown by age,_T,Total,PS,Persons,_Z,Not Applicable,_Z,Not Applicable,_Z,Not Applicable,2017,1.6,FAO_CAHD,Cost and Affordability of a Healthy Diet (CoAHD),6,Millions,COUNT,Count (Integer),602,CCYY,A,Normal value,PU,Public
datastructure,WB.DATA360:DS_DATA360(1.2),I,A,Annual,BOL,Bolivia,FAO_CAHD_7006,Number of people unable to afford a healthy diet (million),_T,Total,_T,All age ranges or no breakdown by age,_T,Total,PS,Persons,_Z,Not Applicable,_Z,Not Applicable,_Z,Not Applicable,2018,1.5,FAO_CAHD,Cost and Affordability of a Healthy Diet (CoAHD),6,Millions,COUNT,Count (Integer),602,CCYY,A,Normal value,PU,Public
datastructure,WB.DATA360:DS_DATA360(1.2),I,A,Annual,BOL,Bolivia,FAO_CAHD_7006,Number of people unable to afford a healthy diet (million),_T,Total,_T,All age ranges or no breakdown by age,_T,Total,PS,Persons,_Z,Not Applicable,_Z,Not Applicable,_Z,Not Applicable,2019,1.1,FAO_CAHD,Cost and Affordability of a Healthy Diet (CoAHD),6,Millions,COUNT,Count (Integer),602,CCYY,A,Normal value,PU,Public
datastructure,WB.DATA360:DS_DATA360(1.2),I,A,Annual,BOL,Bolivia,FAO_CAHD_7006,Number of people unable to afford a healthy diet (million),_T,Total,_T,All age ranges or no breakdown by age,_T,Total,PS,Persons,_Z,Not Applicable,_Z,Not Applicable,_Z,Not Applicable,2020,1.3,FAO_CAHD,Cost and Affordability of a Healthy Diet (CoAHD),6,Millions,COUNT,Count (Integer),602,CCYY,A,Normal value,PU,Public
datastructure,WB.DATA360:DS_DATA360(1.2),I,A,Annual,BOL,Bolivia,FAO_CAHD_7006,Number of people unable to afford a healthy diet (million),_T,Total,_T,All age ranges or no breakdown by age,_T,Total,PS,Persons,_Z,Not Applicable,_Z,Not Applicable,_Z,Not Applicable,2021,1.1,FAO_CAHD,Cost and Affordability of a Healthy Diet (CoAHD),6,Millions,COUNT,Count (Integer),602,CCYY,A,Normal value,PU,Public
datastructure,WB.DATA360:DS_DATA360(1.2),I,A,Annual,BOL,Bolivia,FAO_CAHD_7006,Number of people unable to afford a healthy diet (million),_T,Total,_T,All age ranges or no breakdown by age,_T,Total,PS,Persons,_Z,Not Applicable,_Z,Not Applicable,_Z,Not Applicable,2023,1.1,FAO_CAHD,Cost and Affordability of a Healthy Diet (CoAHD),6,Millions,COUNT,Count (Integer),602,CCYY,A,Normal value,PU,Public
datastructure,WB.DATA360:DS_DATA360(1.2),I,A,Annual,BOL,Bolivia,FAO_CAHD_7006,Number of people unable to afford a healthy diet (million),_T,Total,_T,All age ranges or no breakdown by age,_T,Total,PS,Persons,_Z,Not Applicable,_Z,Not Applicable,_Z,Not Applicable,2024,1.2,FAO_CAHD,Cost and Affordability of a Healthy Diet (CoAHD),6,Millions,COUNT,Count (Integer),602,CCYY,A,Normal value,PU,Public
datastructure,WB.DATA360:DS_DATA360(1.2),I,A,Annual,BOL,Bolivia,FAO_CAHD_7006,Number of people unable to afford a healthy diet (million),_T,Total,_T,All age ranges or no breakdown by age,_T,Total,PS,Persons,_Z,Not Applicable,_Z,Not Applicable,_Z,Not Applicable,2025,1.3,FAO_CAHD,Cost and Affordability of a Healthy Diet (CoAHD),6,Millions,COUNT,Count (Integer),602,CCYY,A,Normal value,PU,Public
datastructure,WB.DATA360:DS_DATA360(1.2),I,A,Annual,BEN,Benin,FAO_CAHD_7006,Number of people unable to afford a healthy diet (million),_T,Total,_T,All age ranges or no breakdown by age,_T,Total,PS,Persons,_Z,Not Applicable,_Z,Not Applicable,_Z,Not Applicable,2025,7.9,FAO_CAHD,Cost and Affordability of a Healthy Diet (CoAHD),6,Millions,COUNT,Count (Integer),602,CCYY,A,Normal value,PU,Public
datastructure,WB.DATA360:DS_DATA360(1.2),I,A,Annual,BEN,Benin,FAO_CAHD_7006,Number of people unable to afford a healthy diet (million),_T,Total,_T,All age ranges or no breakdown by age,_T,Total,PS,Persons,_Z,Not Applicable,_Z,Not Applicable,_Z,Not Applicable,2018,8.8,FAO_CAHD,Cost and Affordability of a Healthy Diet (CoAHD),6,Millions,COUNT,Count (Integer),602,CCYY,A,Normal value,PU,Public
datastructure,WB.DATA360:DS_DATA360(1.2),I,A,Annual,BEN,Benin,FAO_CAHD_7006,Number of people unable to afford a healthy diet (million),_T,Total,_T,All age ranges or no breakdown by age,_T,Total,PS,Persons,_Z,Not Applicable,_Z,Not Applicable,_Z,Not Applicable,2019,8.3,FAO_CAHD,Cost and Affordability of a Healthy Diet (CoAHD),6,Millions,COUNT,Count (Integer),602,CCYY,A,Normal value,PU,Public
datastructure,WB.DATA360:DS_DATA360(1.2),I,A,Annual,BEN,Benin,FAO_CAHD_7006,Number of people unable to afford a healthy diet (million),_T,Total,_T,All age ranges or no breakdown by age,_T,Total,PS,Persons,_Z,Not Applicable,_Z,Not Applicable,_Z,Not Applicable,2020,8.3,FAO_CAHD,Cost and Affordability of a Healthy Diet (CoAHD),6,Millions,COUNT,Count (Integer),602,CCYY,A,Normal value,PU,Public
datastructure,WB.DATA360:DS_DATA360(1.2),I,A,Annual,BEN,Benin,FAO_CAHD_7006,Number of people unable to afford a healthy diet (million),_T,Total,_T,All age ranges or no breakdown by age,_T,Total,PS,Persons,_Z,Not Applicable,_Z,Not Applicable,_Z,Not Applicable,2021,8.3,FAO_CAHD,Cost and Affordability of a Healthy Diet (CoAHD),6,Millions,COUNT,Count (Integer),602,CCYY,A,Normal value,PU,Public
datastructure,WB.DATA360:DS_DATA360(1.2),I,A,Annual,BEN,Benin,FAO_CAHD_7006,Number of people unable to afford a healthy diet (million),_T,Total,_T,All age ranges or no breakdown by age,_T,Total,PS,Persons,_Z,Not Applicable,_Z,Not Applicable,_Z,Not Applicable,2022,8.1,FAO_CAHD,Cost and Affordability of a Healthy Diet (CoAHD),6,Millions,COUNT,Count (Integer),602,CCYY,A,Normal value,PU,Public
datastructure,WB.DATA360:DS_DATA360(1.2),I,A,Annual,BEN,Benin,FAO_CAHD_7006,Number of people unable to afford a healthy diet (million),_T,Total,_T,All age ranges or no breakdown by age,_T,Total,PS,Persons,_Z,Not Applicable,_Z,Not Applicable,_Z,Not Applicable,2023,7.9,FAO_CAHD,Cost and Affordability of a Healthy Diet (CoAHD),6,Millions,COUNT,Count (Integer),602,CCYY,A,Normal value,PU,Public
datastructure,WB.DATA360:DS_DATA360(1.2),I,A,Annual,BEN,Benin,FAO_CAHD_7006,Number of people unable to afford a healthy diet (million),_T,Total,_T,All age ranges or no breakdown by age,_T,Total,PS,Persons,_Z,Not Applicable,_Z,Not Applicable,_Z,Not Applicable,2024,7.8,FAO_CAHD,Cost and Affordability of a Healthy Diet (CoAHD),6,Millions,COUNT,Count (Integer),602,CCYY,A,Normal value,PU,Public
datastructure,WB.DATA360:DS_DATA360(1.2),I,A,Annual,KEN,Kenya,FAO_CAHD_7006,Number of people unable to afford a healthy diet (million),_T,Total,_T,All age ranges or no breakdown by age,_T,Total,PS,Persons,_Z,Not Applicable,_Z,Not Applicable,_Z,Not Applicable,2025,43.9,FAO_CAHD,Cost and Affordability of a Healthy Diet (CoAHD),6,Millions,COUNT,Count (Integer),602,CCYY,A,Normal value,PU,Public
datastructure,WB.DATA360:DS_DATA360(1.2),I,A,Annual,KAZ,Kazakhstan,FAO_CAHD_7006,Number of people unable to afford a healthy diet (million),_T,Total,_T,All age ranges or no breakdown by age,_T,Total,PS,Persons,_Z,Not Applicable,_Z,Not Applicable,_Z,Not Applicable,2017,2.1,FAO_CAHD,Cost and Affordability of a Healthy Diet (CoAHD),6,Millions,COUNT,Count (Integer),602,CCYY,A,Normal value,PU,Public
datastructure,WB.DATA360:DS_DATA360(1.2),I,A,Annual,KAZ,Kazakhstan,FAO_CAHD_7006,Number of people unable to afford a healthy diet (million),_T,Total,_T,All age ranges or no breakdown by age,_T,Total,PS,Persons,_Z,Not Applicable,_Z,Not Applicable,_Z,Not Applicable,2018,1.5,FAO_CAHD,Cost and Affordability of a Healthy Diet (CoAHD),6,Millions,COUNT,Count (Integer),602,CCYY,A,Normal value,PU,Public
datastructure,WB.DATA360:DS_DATA360(1.2),I,A,Annual,KAZ,Kazakhstan,FAO_CAHD_7006,Number of people unable to afford a healthy diet (million),_T,Total,_T,All age ranges or no breakdown by age,_T,Total,PS,Persons,_Z,Not Applicable,_Z,Not Applicable,_Z,Not Applicable,2019,1.7,FAO_CAHD,Cost and Affordability of a Healthy Diet (CoAHD),6,Millions,COUNT,Count (Integer),602,CCYY,A,Normal value,PU,Public
datastructure,WB.DATA360:DS_DATA360(1.2),I,A,Annual,KAZ,Kazakhstan,FAO_CAHD_7006,Number of people unable to afford a healthy diet (million),_T,Total,_T,All age ranges or no breakdown by age,_T,Total,PS,Persons,_Z,Not Applicable,_Z,Not Applicable,_Z,Not Applicable,2020,1.6,FAO_CAHD,Cost and Affordability of a Healthy Diet (CoAHD),6,Millions,COUNT,Count (Integer),602,CCYY,A,Normal value,PU,Public
datastructure,WB.DATA360:DS_DATA360(1.2),I,A,Annual,KAZ,Kazakhstan,FAO_CAHD_7006,Number of people unable to afford a healthy diet (million),_T,Total,_T,All age ranges or no breakdown by age,_T,Total,PS,Persons,_Z,Not Applicable,_Z,Not Applicable,_Z,Not Applicable,2021,1.3,FAO_CAHD,Cost and Affordability of a Healthy Diet (CoAHD),6,Millions,COUNT,Count (Integer),602,CCYY,A,Normal value,PU,Public
datastructure,WB.DATA360:DS_DATA360(1.2),I,A,Annual,KAZ,Kazakhstan,FAO_CAHD_7006,Number of people unable to afford a healthy diet (million),_T,Total,_T,All age ranges or no breakdown by age,_T,Total,PS,Persons,_Z,Not Applicable,_Z,Not Applicable,_Z,Not Applicable,2022,1.2,FAO_CAHD,Cost and Affordability of a Healthy Diet (CoAHD),6,Millions,COUNT,Count (Integer),602,CCYY,A,Normal value,PU,Public
datastructure,WB.DATA360:DS_DATA360(1.2),I,A,Annual,KAZ,Kazakhstan,FAO_CAHD_7006,Number of people unable to afford a healthy diet (million),_T,Total,_T,All age ranges or no breakdown by age,_T,Total,PS,Persons,_Z,Not Applicable,_Z,Not Applicable,_Z,Not Applicable,2023,1.0,FAO_CAHD,Cost and Affordability of a Healthy Diet (CoAHD),6,Millions,COUNT,Count (Integer),602,CCYY,A,Normal value,PU,Public
datastructure,WB.DATA360:DS_DATA360(1.2),I,A,Annual,KAZ,Kazakhstan,FAO_CAHD_7006,Number of people unable to afford a healthy diet (million),_T,Total,_T,All age ranges or no breakdown by age,_T,Total,PS,Persons,_Z,Not Applicable,_Z,Not Applicable,_Z,Not Applicable,2024,0.8,FAO_CAHD,Cost and Affordability of a Healthy Diet (CoAHD),6,Millions,COUNT,Count (Integer),602,CCYY,A,Normal value,PU,Public
datastructure,WB.DATA360:DS_DATA360(1.2),I,A,Annual,KAZ,Kazakhstan,FAO_CAHD_7006,Number of people unable to afford a healthy diet (million),_T,Total,_T,All age ranges or no breakdown by age,_T,Total,PS,Persons,_Z,Not Applicable,_Z,Not Applicable,_Z,Not Applicable,2025,0.7,FAO_CAHD,Cost and Affordability of a Healthy Diet (CoAHD),6,Millions,COUNT,Count (Integer),602,CCYY,A,Normal value,PU,Public
datastructure,WB.DATA360:DS_DATA360(1.2),I,A,Annual,KEN,Kenya,FAO_CAHD_7006,Number of people unable to afford a healthy diet (million),_T,Total,_T,All age ranges or no breakdown by age,_T,Total,PS,Persons,_Z,Not Applicable,_Z,Not Applicable,_Z,Not Applicable,2017,34.3,FAO_CAHD,Cost and Affordability of a Healthy Diet (CoAHD),6,Millions,COUNT,Count (Integer),602,CCYY,A,Normal value,PU,Public
datastructure,WB.DATA360:DS_DATA360(1.2),I,A,Annual,KEN,Kenya,FAO_CAHD_7006,Number of people unable to afford a healthy diet (million),_T,Total,_T,All age ranges or no breakdown by age,_T,Total,PS,Persons,_Z,Not Applicable,_Z,Not Applicable,_Z,Not Applicable,2018,35.1,FAO_CAHD,Cost and Affordability of a Healthy Diet (CoAHD),6,Millions,COUNT,Count (Integer),602,CCYY,A,Normal value,PU,Public
datastructure,WB.DATA360:DS_DATA360(1.2),I,A,Annual,KEN,Kenya,FAO_CAHD_7006,Number of people unable to afford a healthy diet (million),_T,Total,_T,All age ranges or no breakdown by age,_T,Total,PS,Persons,_Z,Not Applicable,_Z,Not Applicable,_Z,Not Applicable,2019,36.9,FAO_CAHD,Cost and Affordability of a Healthy Diet (CoAHD),6,Millions,COUNT,Count (Integer),602,CCYY,A,Normal value,PU,Public
datastructure,WB.DATA360:DS_DATA360(1.2),I,A,Annual,KEN,Kenya,FAO_CAHD_7006,Number of people unable to afford a healthy diet (million),_T,Total,_T,All age ranges or no breakdown by age,_T,Total,PS,Persons,_Z,Not Applicable,_Z,Not Applicable,_Z,Not Applicable,2020,39.8,FAO_CAHD,Cost and Affordability of a Healthy Diet (CoAHD),6,Millions,COUNT,Count (Integer),602,CCYY,A,Normal value,PU,Public
datastructure,WB.DATA360:DS_DATA360(1.2),I,A,Annual,KEN,Kenya,FAO_CAHD_7006,Number of people unable to afford a healthy diet (million),_T,Total,_T,All age ranges or no breakdown by age,_T,Total,PS,Persons,_Z,Not Applicable,_Z,Not Applicable,_Z,Not Applicable,2021,41.5,FAO_CAHD,Cost and Affordability of a Healthy Diet (CoAHD),6,Millions,COUNT,Count (Integer),602,CCYY,A,Normal value,PU,Public
datastructure,WB.DATA360:DS_DATA360(1.2),I,A,Annual,KEN,Kenya,FAO_CAHD_7006,Number of people unable to afford a healthy diet (million),_T,Total,_T,All age ranges or no breakdown by age,_T,Total,PS,Persons,_Z,Not Applicable,_Z,Not Applicable,_Z,Not Applicable,2022,42.2,FAO_CAHD,Cost and Affordability of a Healthy Diet (CoAHD),6,Millions,COUNT,Count (Integer),602,CCYY,A,Normal value,PU,Public
datastructure,WB.DATA360:DS_DATA360(1.2),I,A,Annual,KEN,Kenya,FAO_CAHD_7006,Number of people unable to afford a healthy diet (million),_T,Total,_T,All age ranges or no breakdown by age,_T,Total,PS,Persons,_Z,Not Applicable,_Z,Not Applicable,_Z,Not Applicable,2023,42.6,FAO_CAHD,Cost and Affordability of a Healthy Diet (CoAHD),6,Millions,COUNT,Count (Integer),602,CCYY,A,Normal value,PU,Public
datastructure,WB.DATA360:DS_DATA360(1.2),I,A,Annual,KEN,Kenya,FAO_CAHD_7006,Number of people unable to afford a healthy diet (million),_T,Total,_T,All age ranges or no breakdown by age,_T,Total,PS,Persons,_Z,Not Applicable,_Z,Not Applicable,_Z,Not Applicable,2024,43.1,FAO_CAHD,Cost and Affordability of a Healthy Diet (CoAHD),6,Millions,COUNT,Count (Integer),602,CCYY,A,Normal value,PU,Public
datastructure,WB.DATA360:DS_DATA360(1.2),I,A,Annual,LVA,Latvia,FAO_CAHD_7006,Number of people unable to afford a healthy diet (million),_T,Total,_T,All age ranges or no breakdown by age,_T,Total,PS,Persons,_Z,Not Applicable,_Z,Not Applicable,_Z,Not Applicable,2018,0.5,FAO_CAHD,Cost and Affordability of a Healthy Diet (CoAHD),6,Millions,COUNT,Count (Integer),602,CCYY,A,Normal value,PU,Public
datastructure,WB.DATA360:DS_DATA360(1.2),I,A,Annual,LVA,Latvia,FAO_CAHD_7006,Number of people unable to afford a healthy diet (million),_T,Total,_T,All age ranges or no breakdown by age,_T,Total,PS,Persons,_Z,Not Applicable,_Z,Not Applicable,_Z,Not Applicable,2019,0.4,FAO_CAHD,Cost and Affordability of a Healthy Diet (CoAHD),6,Millions,COUNT,Count (Integer),602,CCYY,A,Normal value,PU,Public
datastructure,WB.DATA360:DS_DATA360(1.2),I,A,Annual,LVA,Latvia,FAO_CAHD_7006,Number of people unable to afford a healthy diet (million),_T,Total,_T,All age ranges or no breakdown by age,_T,Total,PS,Persons,_Z,Not Applicable,_Z,Not Applicable,_Z,Not Applicable,2020,0.4,FAO_CAHD,Cost and Affordability of a Healthy Diet (CoAHD),6,Millions,COUNT,Count (Integer),602,CCYY,A,Normal value,PU,Public
datastructure,WB.DATA360:DS_DATA360(1.2),I,A,Annual,LVA,Latvia,FAO_CAHD_7006,Number of people unable to afford a healthy diet (million),_T,Total,_T,All age ranges or no breakdown by age,_T,Total,PS,Persons,_Z,Not Applicable,_Z,Not Applicable,_Z,Not Applicable,2021,0.3,FAO_CAHD,Cost and Affordability of a Healthy Diet (CoAHD),6,Millions,COUNT,Count (Integer),602,CCYY,A,Normal value,PU,Public
datastructure,WB.DATA360:DS_DATA360(1.2),I,A,Annual,LVA,Latvia,FAO_CAHD_7006,Number of people unable to afford a healthy diet (million),_T,Total,_T,All age ranges or no breakdown by age,_T,Total,PS,Persons,_Z,Not Applicable,_Z,Not Applicable,_Z,Not Applicable,2022,0.4,FAO_CAHD,Cost and Affordability of a Healthy Diet (CoAHD),6,Millions,COUNT,Count (Integer),602,CCYY,A,Normal value,PU,Public
datastructure,WB.DATA360:DS_DATA360(1.2),I,A,Annual,LVA,Latvia,FAO_CAHD_7006,Number of people unable to afford a healthy diet (million),_T,Total,_T,All age ranges or no breakdown by age,_T,Total,PS,Persons,_Z,Not Applicable,_Z,Not Applicable,_Z,Not Applicable,2023,0.3,FAO_CAHD,Cost and Affordability of a Healthy Diet (CoAHD),6,Millions,COUNT,Count (Integer),602,CCYY,A,Normal value,PU,Public
datastructure,WB.DATA360:DS_DATA360(1.2),I,A,Annual,LVA,Latvia,FAO_CAHD_7006,Number of people unable to afford a healthy diet (million),_T,Total,_T,All age ranges or no breakdown by age,_T,Total,PS,Persons,_Z,Not Applicable,_Z,Not Applicable,_Z,Not Applicable,2024,0.3,FAO_CAHD,Cost and Affordability of a Healthy Diet (CoAHD),6,Millions,COUNT,Count (Integer),602,CCYY,A,Normal value,PU,Public
datastructure,WB.DATA360:DS_DATA360(1.2),I,A,Annual,LVA,Latvia,FAO_CAHD_7006,Number of people unable to afford a healthy diet (million),_T,Total,_T,All age ranges or no breakdown by age,_T,Total,PS,Persons,_Z,Not Applicable,_Z,Not Applicable,_Z,Not Applicable,2025,0.3,FAO_CAHD,Cost and Affordability of a Healthy Diet (CoAHD),6,Millions,COUNT,Count (Integer),602,CCYY,A,Normal value,PU,Public
datastructure,WB.DATA360:DS_DATA360(1.2),I,A,Annual,LVA,Latvia,FAO_CAHD_7006,Number of people unable to afford a healthy diet (million),_T,Total,_T,All age ranges or no breakdown by age,_T,Total,PS,Persons,_Z,Not Applicable,_Z,Not Applicable,_Z,Not Applicable,2017,0.6,FAO_CAHD,Cost and Affordability of a Healthy Diet (CoAHD),6,Millions,COUNT,Count (Integer),602,CCYY,A,Normal value,PU,Public
datastructure,WB.DATA360:DS_DATA360(1.2),I,A,Annual,LBN,Lebanon,FAO_CAHD_7006,Number of people unable to afford a healthy diet (million),_T,Total,_T,All age ranges or no breakdown by age,_T,Total,PS,Persons,_Z,Not Applicable,_Z,Not Applicable,_Z,Not Applicable,2018,0.0,FAO_CAHD,Cost and Affordability of a Healthy Diet (CoAHD),6,Millions,COUNT,Count (Integer),602,CCYY,A,Normal value,PU,Public
datastructure,WB.DATA360:DS_DATA360(1.2),I,A,Annual,LBN,Lebanon,FAO_CAHD_7006,Number of people unable to afford a healthy diet (million),_T,Total,_T,All age ranges or no breakdown by age,_T,Total,PS,Persons,_Z,Not Applicable,_Z,Not Applicable,_Z,Not Applicable,2017,0.0,FAO_CAHD,Cost and Affordability of a Healthy Diet (CoAHD),6,Millions,COUNT,Count (Integer),602,CCYY,A,Normal value,PU,Public
datastructure,WB.DATA360:DS_DATA360(1.2),I,A,Annual,LBN,Lebanon,FAO_CAHD_7006,Number of people unable to afford a healthy diet (million),_T,Total,_T,All age ranges or no breakdown by age,_T,Total,PS,Persons,_Z,Not Applicable,_Z,Not Applicable,_Z,Not Applicable,2019,0.0,FAO_CAHD,Cost and Affordability of a Healthy Diet (CoAHD),6,Millions,COUNT,Count (Integer),602,CCYY,A,Normal value,PU,Public
datastructure,WB.DATA360:DS_DATA360(1.2),I,A,Annual,LBN,Lebanon,FAO_CAHD_7006,Number of people unable to afford a healthy diet (million),_T,Total,_T,All age ranges or no breakdown by age,_T,Total,PS,Persons,_Z,Not Applicable,_Z,Not Applicable,_Z,Not Applicable,2020,0.2,FAO_CAHD,Cost and Affordability of a Healthy Diet (CoAHD),6,Millions,COUNT,Count (Integer),602,CCYY,A,Normal value,PU,Public
datastructure,WB.DATA360:DS_DATA360(1.2),I,A,Annual,LBN,Lebanon,FAO_CAHD_7006,Number of people unable to afford a healthy diet (million),_T,Total,_T,All age ranges or no breakdown by age,_T,Total,PS,Persons,_Z,Not Applicable,_Z,Not Applicable,_Z,Not Applicable,2021,1.3,FAO_CAHD,Cost and Affordability of a Healthy Diet (CoAHD),6,Millions,COUNT,Count (Integer),602,CCYY,A,Normal value,PU,Public
datastructure,WB.DATA360:DS_DATA360(1.2),I,A,Annual,LBN,Lebanon,FAO_CAHD_7006,Number of people unable to afford a healthy diet (million),_T,Total,_T,All age ranges or no breakdown by age,_T,Total,PS,Persons,_Z,Not Applicable,_Z,Not Applicable,_Z,Not Applicable,2022,2.1,FAO_CAHD,Cost and Affordability of a Healthy Diet (CoAHD),6,Millions,COUNT,Count (Integer),602,CCYY,A,Normal value,PU,Public
datastructure,WB.DATA360:DS_DATA360(1.2),I,A,Annual,LBN,Lebanon,FAO_CAHD_7006,Number of people unable to afford a healthy diet (million),_T,Total,_T,All age ranges or no breakdown by age,_T,Total,PS,Persons,_Z,Not Applicable,_Z,Not Applicable,_Z,Not Applicable,2023,2.6,FAO_CAHD,Cost and Affordability of a Healthy Diet (CoAHD),6,Millions,COUNT,Count (Integer),602,CCYY,A,Normal value,PU,Public
datastructure,WB.DATA360:DS_DATA360(1.2),I,A,Annual,LBN,Lebanon,FAO_CAHD_7006,Number of people unable to afford a healthy diet (million),_T,Total,_T,All age ranges or no breakdown by age,_T,Total,PS,Persons,_Z,Not Applicable,_Z,Not Applicable,_Z,Not Applicable,2024,2.6,FAO_CAHD,Cost and Affordability of a Healthy Diet (CoAHD),6,Millions,COUNT,Count (Integer),602,CCYY,A,Normal value,PU,Public
datastructure,WB.DATA360:DS_DATA360(1.2),I,A,Annual,LBN,Lebanon,FAO_CAHD_7006,Number of people unable to afford a healthy diet (million),_T,Total,_T,All age ranges or no breakdown by age,_T,Total,PS,Persons,_Z,Not Applicable,_Z,Not Applicable,_Z,Not Applicable,2025,2.7,FAO_CAHD,Cost and Affordability of a Healthy Diet (CoAHD),6,Millions,COUNT,Count (Integer),602,CCYY,A,Normal value,PU,Public
datastructure,WB.DATA360:DS_DATA360(1.2),I,A,Annual,KGZ,Kyrgyz Republic,FAO_CAHD_7006,Number of people unable to afford a healthy diet (million),_T,Total,_T,All age ranges or no breakdown by age,_T,Total,PS,Persons,_Z,Not Applicable,_Z,Not Applicable,_Z,Not Applicable,2021,2.9,FAO_CAHD,Cost and Affordability of a Healthy Diet (CoAHD),6,Millions,COUNT,Count (Integer),602,CCYY,A,Normal value,PU,Public
datastructure,WB.DATA360:DS_DATA360(1.2),I,A,Annual,KGZ,Kyrgyz Republic,FAO_CAHD_7006,Number of people unable to afford a healthy diet (million),_T,Total,_T,All age ranges or no breakdown by age,_T,Total,PS,Persons,_Z,Not Applicable,_Z,Not Applicable,_Z,Not Applicable,2017,2.9,FAO_CAHD,Cost and Affordability of a Healthy Diet (CoAHD),6,Millions,COUNT,Count (Integer),602,CCYY,A,Normal value,PU,Public
datastructure,WB.DATA360:DS_DATA360(1.2),I,A,Annual,KGZ,Kyrgyz Republic,FAO_CAHD_7006,Number of people unable to afford a healthy diet (million),_T,Total,_T,All age ranges or no breakdown by age,_T,Total,PS,Persons,_Z,Not Applicable,_Z,Not Applicable,_Z,Not Applicable,2018,2.5,FAO_CAHD,Cost and Affordability of a Healthy Diet (CoAHD),6,Millions,COUNT,Count (Integer),602,CCYY,A,Normal value,PU,Public
datastructure,WB.DATA360:DS_DATA360(1.2),I,A,Annual,KGZ,Kyrgyz Republic,FAO_CAHD_7006,Number of people unable to afford a healthy diet (million),_T,Total,_T,All age ranges or no breakdown by age,_T,Total,PS,Persons,_Z,Not Applicable,_Z,Not Applicable,_Z,Not Applicable,2019,2.4,FAO_CAHD,Cost and Affordability of a Healthy Diet (CoAHD),6,Millions,COUNT,Count (Integer),602,CCYY,A,Normal value,PU,Public
datastructure,WB.DATA360:DS_DATA360(1.2),I,A,Annual,KGZ,Kyrgyz Republic,FAO_CAHD_7006,Number of people unable to afford a healthy diet (million),_T,Total,_T,All age ranges or no breakdown by age,_T,Total,PS,Persons,_Z,Not Applicable,_Z,Not Applicable,_Z,Not Applicable,2020,3.1,FAO_CAHD,Cost and Affordability of a Healthy Diet (CoAHD),6,Millions,COUNT,Count (Integer),602,CCYY,A,Normal value,PU,Public
datastructure,WB.DATA360:DS_DATA360(1.2),I,A,Annual,KGZ,Kyrgyz Republic,FAO_CAHD_7006,Number of people unable to afford a healthy diet (million),_T,Total,_T,All age ranges or no breakdown by age,_T,Total,PS,Persons,_Z,Not Applicable,_Z,Not Applicable,_Z,Not Applicable,2022,2.8,FAO_CAHD,Cost and Affordability of a Healthy Diet (CoAHD),6,Millions,COUNT,Count (Integer),602,CCYY,A,Normal value,PU,Public
datastructure,WB.DATA360:DS_DATA360(1.2),I,A,Annual,KGZ,Kyrgyz Republic,FAO_CAHD_7006,Number of people unable to afford a healthy diet (million),_T,Total,_T,All age ranges or no breakdown by age,_T,Total,PS,Persons,_Z,Not Applicable,_Z,Not Applicable,_Z,Not Applicable,2023,2.3,FAO_CAHD,Cost and Affordability of a Healthy Diet (CoAHD),6,Millions,COUNT,Count (Integer),602,CCYY,A,Normal value,PU,Public
datastructure,WB.DATA360:DS_DATA360(1.2),I,A,Annual,KGZ,Kyrgyz Republic,FAO_CAHD_7006,Number of people unable to afford a healthy diet (million),_T,Total,_T,All age ranges or no breakdown by age,_T,Total,PS,Persons,_Z,Not Applicable,_Z,Not Applicable,_Z,Not Applicable,2024,1.8,FAO_CAHD,Cost and Affordability of a Healthy Diet (CoAHD),6,Millions,COUNT,Count (Integer),602,CCYY,A,Normal value,PU,Public
datastructure,WB.DATA360:DS_DATA360(1.2),I,A,Annual,KGZ,Kyrgyz Republic,FAO_CAHD_7006,Number of people unable to afford a healthy diet (million),_T,Total,_T,All age ranges or no breakdown by age,_T,Total,PS,Persons,_Z,Not Applicable,_Z,Not Applicable,_Z,Not Applicable,2025,1.6,FAO_CAHD,Cost and Affordability of a Healthy Diet (CoAHD),6,Millions,COUNT,Count (Integer),602,CCYY,A,Normal value,PU,Public
datastructure,WB.DATA360:DS_DATA360(1.2),I,A,Annual,LAO,Lao PDR,FAO_CAHD_7006,Number of people unable to afford a healthy diet (million),_T,Total,_T,All age ranges or no breakdown by age,_T,Total,PS,Persons,_Z,Not Applicable,_Z,Not Applicable,_Z,Not Applicable,2024,4.0,FAO_CAHD,Cost and Affordability of a Healthy Diet (CoAHD),6,Millions,COUNT,Count (Integer),602,CCYY,A,Normal value,PU,Public
datastructure,WB.DATA360:DS_DATA360(1.2),I,A,Annual,LAO,Lao PDR,FAO_CAHD_7006,Number of people unable to afford a healthy diet (million),_T,Total,_T,All age ranges or no breakdown by age,_T,Total,PS,Persons,_Z,Not Applicable,_Z,Not Applicable,_Z,Not Applicable,2025,3.9,FAO_CAHD,Cost and Affordability of a Healthy Diet (CoAHD),6,Millions,COUNT,Count (Integer),602,CCYY,A,Normal value,PU,Public
datastructure,WB.DATA360:DS_DATA360(1.2),I,A,Annual,LAO,Lao PDR,FAO_CAHD_7006,Number of people unable to afford a healthy diet (million),_T,Total,_T,All age ranges or no breakdown by age,_T,Total,PS,Persons,_Z,Not Applicable,_Z,Not Applicable,_Z,Not Applicable,2023,4.2,FAO_CAHD,Cost and Affordability of a Healthy Diet (CoAHD),6,Millions,COUNT,Count (Integer),602,CCYY,A,Normal value,PU,Public
datastructure,WB.DATA360:DS_DATA360(1.2),I,A,Annual,LAO,Lao PDR,FAO_CAHD_7006,Number of people unable to afford a healthy diet (million),_T,Total,_T,All age ranges or no breakdown by age,_T,Total,PS,Persons,_Z,Not Applicable,_Z,Not Applicable,_Z,Not Applicable,2022,4.1,FAO_CAHD,Cost and Affordability of a Healthy Diet (CoAHD),6,Millions,COUNT,Count (Integer),602,CCYY,A,Normal value,PU,Public
datastructure,WB.DATA360:DS_DATA360(1.2),I,A,Annual,LAO,Lao PDR,FAO_CAHD_7006,Number of people unable to afford a healthy diet (million),_T,Total,_T,All age ranges or no breakdown by age,_T,Total,PS,Persons,_Z,Not Applicable,_Z,Not Applicable,_Z,Not Applicable,2017,4.2,FAO_CAHD,Cost and Affordability of a Healthy Diet (CoAHD),6,Millions,COUNT,Count (Integer),602,CCYY,A,Normal value,PU,Public
datastructure,WB.DATA360:DS_DATA360(1.2),I,A,Annual,LAO,Lao PDR,FAO_CAHD_7006,Number of people unable to afford a healthy diet (million),_T,Total,_T,All age ranges or no breakdown by age,_T,Total,PS,Persons,_Z,Not Applicable,_Z,Not Applicable,_Z,Not Applicable,2018,4.2,FAO_CAHD,Cost and Affordability of a Healthy Diet (CoAHD),6,Millions,COUNT,Count (Integer),602,CCYY,A,Normal value,PU,Public
datastructure,WB.DATA360:DS_DATA360(1.2),I,A,Annual,LAO,Lao PDR,FAO_CAHD_7006,Number of people unable to afford a healthy diet (million),_T,Total,_T,All age ranges or no breakdown by age,_T,Total,PS,Persons,_Z,Not Applicable,_Z,Not Applicable,_Z,Not Applicable,2019,4.1,FAO_CAHD,Cost and Affordability of a Healthy Diet (CoAHD),6,Millions,COUNT,Count (Integer),602,CCYY,A,Normal value,PU,Public
datastructure,WB.DATA360:DS_DATA360(1.2),I,A,Annual,LAO,Lao PDR,FAO_CAHD_7006,Number of people unable to afford a healthy diet (million),_T,Total,_T,All age ranges or no breakdown by age,_T,Total,PS,Persons,_Z,Not Applicable,_Z,Not Applicable,_Z,Not Applicable,2020,4.3,FAO_CAHD,Cost and Affordability of a Healthy Diet (CoAHD),6,Millions,COUNT,Count (Integer),602,CCYY,A,Normal value,PU,Public
datastructure,WB.DATA360:DS_DATA360(1.2),I,A,Annual,LAO,Lao PDR,FAO_CAHD_7006,Number of people unable to afford a healthy diet (million),_T,Total,_T,All age ranges or no breakdown by age,_T,Total,PS,Persons,_Z,Not Applicable,_Z,Not Applicable,_Z,Not Applicable,2021,4.2,FAO_CAHD,Cost and Affordability of a Healthy Diet (CoAHD),6,Millions,COUNT,Count (Integer),602,CCYY,A,Normal value,PU,Public
datastructure,WB.DATA360:DS_DATA360(1.2),I,A,Annual,ITA,Italy,FAO_CAHD_7006,Number of people unable to afford a healthy diet (million),_T,Total,_T,All age ranges or no breakdown by age,_T,Total,PS,Persons,_Z,Not Applicable,_Z,Not Applicable,_Z,Not Applicable,2024,5.0,FAO_CAHD,Cost and Affordability of a Healthy Diet (CoAHD),6,Millions,COUNT,Count (Integer),602,CCYY,A,Normal value,PU,Public
datastructure,WB.DATA360:DS_DATA360(1.2),I,A,Annual,ISR,Israel,FAO_CAHD_7006,Number of people unable to afford a healthy diet (million),_T,Total,_T,All age ranges or no breakdown by age,_T,Total,PS,Persons,_Z,Not Applicable,_Z,Not Applicable,_Z,Not Applicable,2017,1.9,FAO_CAHD,Cost and Affordability of a Healthy Diet (CoAHD),6,Millions,COUNT,Count (Integer),602,CCYY,A,Normal value,PU,Public
datastructure,WB.DATA360:DS_DATA360(1.2),I,A,Annual,ISR,Israel,FAO_CAHD_7006,Number of people unable to afford a healthy diet (million),_T,Total,_T,All age ranges or no breakdown by age,_T,Total,PS,Persons,_Z,Not Applicable,_Z,Not Applicable,_Z,Not Applicable,2018,1.8,FAO_CAHD,Cost and Affordability of a Healthy Diet (CoAHD),6,Millions,COUNT,Count (Integer),602,CCYY,A,Normal value,PU,Public
datastructure,WB.DATA360:DS_DATA360(1.2),I,A,Annual,ISR,Israel,FAO_CAHD_7006,Number of people unable to afford a healthy diet (million),_T,Total,_T,All age ranges or no breakdown by age,_T,Total,PS,Persons,_Z,Not Applicable,_Z,Not Applicable,_Z,Not Applicable,2019,1.9,FAO_CAHD,Cost and Affordability of a Healthy Diet (CoAHD),6,Millions,COUNT,Count (Integer),602,CCYY,A,Normal value,PU,Public
datastructure,WB.DATA360:DS_DATA360(1.2),I,A,Annual,ISR,Israel,FAO_CAHD_7006,Number of people unable to afford a healthy diet (million),_T,Total,_T,All age ranges or no breakdown by age,_T,Total,PS,Persons,_Z,Not Applicable,_Z,Not Applicable,_Z,Not Applicable,2020,1.9,FAO_CAHD,Cost and Affordability of a Healthy Diet (CoAHD),6,Millions,COUNT,Count (Integer),602,CCYY,A,Normal value,PU,Public
datastructure,WB.DATA360:DS_DATA360(1.2),I,A,Annual,ISR,Israel,FAO_CAHD_7006,Number of people unable to afford a healthy diet (million),_T,Total,_T,All age ranges or no breakdown by age,_T,Total,PS,Persons,_Z,Not Applicable,_Z,Not Applicable,_Z,Not Applicable,2021,1.9,FAO_CAHD,Cost and Affordability of a Healthy Diet (CoAHD),6,Millions,COUNT,Count (Integer),602,CCYY,A,Normal value,PU,Public
datastructure,WB.DATA360:DS_DATA360(1.2),I,A,Annual,ISR,Israel,FAO_CAHD_7006,Number of people unable to afford a healthy diet (million),_T,Total,_T,All age ranges or no breakdown by age,_T,Total,PS,Persons,_Z,Not Applicable,_Z,Not Applicable,_Z,Not Applicable,2022,1.9,FAO_CAHD,Cost and Affordability of a Healthy Diet (CoAHD),6,Millions,COUNT,Count (Integer),602,CCYY,A,Normal value,PU,Public
datastructure,WB.DATA360:DS_DATA360(1.2),I,A,Annual,ISR,Israel,FAO_CAHD_7006,Number of people unable to afford a healthy diet (million),_T,Total,_T,All age ranges or no breakdown by age,_T,Total,PS,Persons,_Z,Not Applicable,_Z,Not Applicable,_Z,Not Applicable,2023,2.1,FAO_CAHD,Cost and Affordability of a Healthy Diet (CoAHD),6,Millions,COUNT,Count (Integer),602,CCYY,A,Normal value,PU,Public
datastructure,WB.DATA360:DS_DATA360(1.2),I,A,Annual,ISR,Israel,FAO_CAHD_7006,Number of people unable to afford a healthy diet (million),_T,Total,_T,All age ranges or no breakdown by age,_T,Total,PS,Persons,_Z,Not Applicable,_Z,Not Applicable,_Z,Not Applicable,2024,2.1,FAO_CAHD,Cost and Affordability of a Healthy Diet (CoAHD),6,Millions,COUNT,Count (Integer),602,CCYY,A,Normal value,PU,Public
datastructure,WB.DATA360:DS_DATA360(1.2),I,A,Annual,ISR,Israel,FAO_CAHD_7006,Number of people unable to afford a healthy diet (million),_T,Total,_T,All age ranges or no breakdown by age,_T,Total,PS,Persons,_Z,Not Applicable,_Z,Not Applicable,_Z,Not Applicable,2025,2.1,FAO_CAHD,Cost and Affordability of a Healthy Diet (CoAHD),6,Millions,COUNT,Count (Integer),602,CCYY,A,Normal value,PU,Public
datastructure,WB.DATA360:DS_DATA360(1.2),I,A,Annual,ITA,Italy,FAO_CAHD_7006,Number of people unable to afford a healthy diet (million),_T,Total,_T,All age ranges or no breakdown by age,_T,Total,PS,Persons,_Z,Not Applicable,_Z,Not Applicable,_Z,Not Applicable,2017,6.7,FAO_CAHD,Cost and Affordability of a Healthy Diet (CoAHD),6,Millions,COUNT,Count (Integer),602,CCYY,A,Normal value,PU,Public
datastructure,WB.DATA360:DS_DATA360(1.2),I,A,Annual,ITA,Italy,FAO_CAHD_7006,Number of people unable to afford a healthy diet (million),_T,Total,_T,All age ranges or no breakdown by age,_T,Total,PS,Persons,_Z,Not Applicable,_Z,Not Applicable,_Z,Not Applicable,2018,6.3,FAO_CAHD,Cost and Affordability of a Healthy Diet (CoAHD),6,Millions,COUNT,Count (Integer),602,CCYY,A,Normal value,PU,Public
datastructure,WB.DATA360:DS_DATA360(1.2),I,A,Annual,ITA,Italy,FAO_CAHD_7006,Number of people unable to afford a healthy diet (million),_T,Total,_T,All age ranges or no breakdown by age,_T,Total,PS,Persons,_Z,Not Applicable,_Z,Not Applicable,_Z,Not Applicable,2019,5.5,FAO_CAHD,Cost and Affordability of a Healthy Diet (CoAHD),6,Millions,COUNT,Count (Integer),602,CCYY,A,Normal value,PU,Public
datastructure,WB.DATA360:DS_DATA360(1.2),I,A,Annual,ITA,Italy,FAO_CAHD_7006,Number of people unable to afford a healthy diet (million),_T,Total,_T,All age ranges or no breakdown by age,_T,Total,PS,Persons,_Z,Not Applicable,_Z,Not Applicable,_Z,Not Applicable,2020,5.7,FAO_CAHD,Cost and Affordability of a Healthy Diet (CoAHD),6,Millions,COUNT,Count (Integer),602,CCYY,A,Normal value,PU,Public
datastructure,WB.DATA360:DS_DATA360(1.2),I,A,Annual,ITA,Italy,FAO_CAHD_7006,Number of people unable to afford a healthy diet (million),_T,Total,_T,All age ranges or no breakdown by age,_T,Total,PS,Persons,_Z,Not Applicable,_Z,Not Applicable,_Z,Not Applicable,2021,5.1,FAO_CAHD,Cost and Affordability of a Healthy Diet (CoAHD),6,Millions,COUNT,Count (Integer),602,CCYY,A,Normal value,PU,Public
datastructure,WB.DATA360:DS_DATA360(1.2),I,A,Annual,ITA,Italy,FAO_CAHD_7006,Number of people unable to afford a healthy diet (million),_T,Total,_T,All age ranges or no breakdown by age,_T,Total,PS,Persons,_Z,Not Applicable,_Z,Not Applicable,_Z,Not Applicable,2022,4.3,FAO_CAHD,Cost and Affordability of a Healthy Diet (CoAHD),6,Millions,COUNT,Count (Integer),602,CCYY,A,Normal value,PU,Public
datastructure,WB.DATA360:DS_DATA360(1.2),I,A,Annual,IRQ,Iraq,FAO_CAHD_7006,Number of people unable to afford a healthy diet (million),_T,Total,_T,All age ranges or no breakdown by age,_T,Total,PS,Persons,_Z,Not Applicable,_Z,Not Applicable,_Z,Not Applicable,2017,9.2,FAO_CAHD,Cost and Affordability of a Healthy Diet (CoAHD),6,Millions,COUNT,Count (Integer),602,CCYY,A,Normal value,PU,Public
datastructure,WB.DATA360:DS_DATA360(1.2),I,A,Annual,IRQ,Iraq,FAO_CAHD_7006,Number of people unable to afford a healthy diet (million),_T,Total,_T,All age ranges or no breakdown by age,_T,Total,PS,Persons,_Z,Not Applicable,_Z,Not Applicable,_Z,Not Applicable,2018,9.2,FAO_CAHD,Cost and Affordability of a Healthy Diet (CoAHD),6,Millions,COUNT,Count (Integer),602,CCYY,A,Normal value,PU,Public
datastructure,WB.DATA360:DS_DATA360(1.2),I,A,Annual,IRQ,Iraq,FAO_CAHD_7006,Number of people unable to afford a healthy diet (million),_T,Total,_T,All age ranges or no breakdown by age,_T,Total,PS,Persons,_Z,Not Applicable,_Z,Not Applicable,_Z,Not Applicable,2019,8.6,FAO_CAHD,Cost and Affordability of a Healthy Diet (CoAHD),6,Millions,COUNT,Count (Integer),602,CCYY,A,Normal value,PU,Public
datastructure,WB.DATA360:DS_DATA360(1.2),I,A,Annual,IRQ,Iraq,FAO_CAHD_7006,Number of people unable to afford a healthy diet (million),_T,Total,_T,All age ranges or no breakdown by age,_T,Total,PS,Persons,_Z,Not Applicable,_Z,Not Applicable,_Z,Not Applicable,2020,11.5,FAO_CAHD,Cost and Affordability of a Healthy Diet (CoAHD),6,Millions,COUNT,Count (Integer),602,CCYY,A,Normal value,PU,Public
datastructure,WB.DATA360:DS_DATA360(1.2),I,A,Annual,IRQ,Iraq,FAO_CAHD_7006,Number of people unable to afford a healthy diet (million),_T,Total,_T,All age ranges or no breakdown by age,_T,Total,PS,Persons,_Z,Not Applicable,_Z,Not Applicable,_Z,Not Applicable,2021,11.6,FAO_CAHD,Cost and Affordability of a Healthy Diet (CoAHD),6,Millions,COUNT,Count (Integer),602,CCYY,A,Normal value,PU,Public
datastructure,WB.DATA360:DS_DATA360(1.2),I,A,Annual,IRQ,Iraq,FAO_CAHD_7006,Number of people unable to afford a healthy diet (million),_T,Total,_T,All age ranges or no breakdown by age,_T,Total,PS,Persons,_Z,Not Applicable,_Z,Not Applicable,_Z,Not Applicable,2022,10.8,FAO_CAHD,Cost and Affordability of a Healthy Diet (CoAHD),6,Millions,COUNT,Count (Integer),602,CCYY,A,Normal value,PU,Public
datastructure,WB.DATA360:DS_DATA360(1.2),I,A,Annual,IRQ,Iraq,FAO_CAHD_7006,Number of people unable to afford a healthy diet (million),_T,Total,_T,All age ranges or no breakdown by age,_T,Total,PS,Persons,_Z,Not Applicable,_Z,Not Applicable,_Z,Not Applicable,2023,11.4,FAO_CAHD,Cost and Affordability of a Healthy Diet (CoAHD),6,Millions,COUNT,Count (Integer),602,CCYY,A,Normal value,PU,Public
datastructure,WB.DATA360:DS_DATA360(1.2),I,A,Annual,IRQ,Iraq,FAO_CAHD_7006,Number of people unable to afford a healthy diet (million),_T,Total,_T,All age ranges or no breakdown by age,_T,Total,PS,Persons,_Z,Not Applicable,_Z,Not Applicable,_Z,Not Applicable,2024,12.5,FAO_CAHD,Cost and Affordability of a Healthy Diet (CoAHD),6,Millions,COUNT,Count (Integer),602,CCYY,A,Normal value,PU,Public
datastructure,WB.DATA360:DS_DATA360(1.2),I,A,Annual,IRQ,Iraq,FAO_CAHD_7006,Number of people unable to afford a healthy diet (million),_T,Total,_T,All age ranges or no breakdown by age,_T,Total,PS,Persons,_Z,Not Applicable,_Z,Not Applicable,_Z,Not Applicable,2025,13.2,FAO_CAHD,Cost and Affordability of a Healthy Diet (CoAHD),6,Millions,COUNT,Count (Integer),602,CCYY,A,Normal value,PU,Public
datastructure,WB.DATA360:DS_DATA360(1.2),I,A,Annual,IRL,Ireland,FAO_CAHD_7006,Number of people unable to afford a healthy diet (million),_T,Total,_T,All age ranges or no breakdown by age,_T,Total,PS,Persons,_Z,Not Applicable,_Z,Not Applicable,_Z,Not Applicable,2022,0.1,FAO_CAHD,Cost and Affordability of a Healthy Diet (CoAHD),6,Millions,COUNT,Count (Integer),602,CCYY,A,Normal value,PU,Public
datastructure,WB.DATA360:DS_DATA360(1.2),I,A,Annual,IRL,Ireland,FAO_CAHD_7006,Number of people unable to afford a healthy diet (million),_T,Total,_T,All age ranges or no breakdown by age,_T,Total,PS,Persons,_Z,Not Applicable,_Z,Not Applicable,_Z,Not Applicable,2023,0.1,FAO_CAHD,Cost and Affordability of a Healthy Diet (CoAHD),6,Millions,COUNT,Count (Integer),602,CCYY,A,Normal value,PU,Public
datastructure,WB.DATA360:DS_DATA360(1.2),I,A,Annual,IRL,Ireland,FAO_CAHD_7006,Number of people unable to afford a healthy diet (million),_T,Total,_T,All age ranges or no breakdown by age,_T,Total,PS,Persons,_Z,Not Applicable,_Z,Not Applicable,_Z,Not Applicable,2024,0.1,FAO_CAHD,Cost and Affordability of a Healthy Diet (CoAHD),6,Millions,COUNT,Count (Integer),602,CCYY,A,Normal value,PU,Public
datastructure,WB.DATA360:DS_DATA360(1.2),I,A,Annual,IRL,Ireland,FAO_CAHD_7006,Number of people unable to afford a healthy diet (million),_T,Total,_T,All age ranges or no breakdown by age,_T,Total,PS,Persons,_Z,Not Applicable,_Z,Not Applicable,_Z,Not Applicable,2025,0.0,FAO_CAHD,Cost and Affordability of a Healthy Diet (CoAHD),6,Millions,COUNT,Count (Integer),602,CCYY,A,Normal value,PU,Public
datastructure,WB.DATA360:DS_DATA360(1.2),I,A,Annual,IRL,Ireland,FAO_CAHD_7006,Number of people unable to afford a healthy diet (million),_T,Total,_T,All age ranges or no breakdown by age,_T,Total,PS,Persons,_Z,Not Applicable,_Z,Not Applicable,_Z,Not Applicable,2020,0.1,FAO_CAHD,Cost and Affordability of a Healthy Diet (CoAHD),6,Millions,COUNT,Count (Integer),602,CCYY,A,Normal value,PU,Public
datastructure,WB.DATA360:DS_DATA360(1.2),I,A,Annual,IRL,Ireland,FAO_CAHD_7006,Number of people unable to afford a healthy diet (million),_T,Total,_T,All age ranges or no breakdown by age,_T,Total,PS,Persons,_Z,Not Applicable,_Z,Not Applicable,_Z,Not Applicable,2021,0.1,FAO_CAHD,Cost and Affordability of a Healthy Diet (CoAHD),6,Millions,COUNT,Count (Integer),602,CCYY,A,Normal value,PU,Public
datastructure,WB.DATA360:DS_DATA360(1.2),I,A,Annual,IRL,Ireland,FAO_CAHD_7006,Number of people unable to afford a healthy diet (million),_T,Total,_T,All age ranges or no breakdown by age,_T,Total,PS,Persons,_Z,Not Applicable,_Z,Not Applicable,_Z,Not Applicable,2019,0.1,FAO_CAHD,Cost and Affordability of a Healthy Diet (CoAHD),6,Millions,COUNT,Count (Integer),602,CCYY,A,Normal value,PU,Public
datastructure,WB.DATA360:DS_DATA360(1.2),I,A,Annual,IRL,Ireland,FAO_CAHD_7006,Number of people unable to afford a healthy diet (million),_T,Total,_T,All age ranges or no breakdown by age,_T,Total,PS,Persons,_Z,Not Applicable,_Z,Not Applicable,_Z,Not Applicable,2018,0.1,FAO_CAHD,Cost and Affordability of a Healthy Diet (CoAHD),6,Millions,COUNT,Count (Integer),602,CCYY,A,Normal value,PU,Public
datastructure,WB.DATA360:DS_DATA360(1.2),I,A,Annual,IRL,Ireland,FAO_CAHD_7006,Number of people unable to afford a healthy diet (million),_T,Total,_T,All age ranges or no breakdown by age,_T,Total,PS,Persons,_Z,Not Applicable,_Z,Not Applicable,_Z,Not Applicable,2017,0.2,FAO_CAHD,Cost and Affordability of a Healthy Diet (CoAHD),6,Millions,COUNT,Count (Integer),602,CCYY,A,Normal value,PU,Public
datastructure,WB.DATA360:DS_DATA360(1.2),I,A,Annual,ITA,Italy,FAO_CAHD_7006,Number of people unable to afford a healthy diet (million),_T,Total,_T,All age ranges or no breakdown by age,_T,Total,PS,Persons,_Z,Not Applicable,_Z,Not Applicable,_Z,Not Applicable,2023,5.1,FAO_CAHD,Cost and Affordability of a Healthy Diet (CoAHD),6,Millions,COUNT,Count (Integer),602,CCYY,A,Normal value,PU,Public
datastructure,WB.DATA360:DS_DATA360(1.2),I,A,Annual,ITA,Italy,FAO_CAHD_7006,Number of people unable to afford a healthy diet (million),_T,Total,_T,All age ranges or no breakdown by age,_T,Total,PS,Persons,_Z,Not Applicable,_Z,Not Applicable,_Z,Not Applicable,2025,4.9,FAO_CAHD,Cost and Affordability of a Healthy Diet (CoAHD),6,Millions,COUNT,Count (Integer),602,CCYY,A,Normal value,PU,Public
datastructure,WB.DATA360:DS_DATA360(1.2),I,A,Annual,JPN,Japan,FAO_CAHD_7006,Number of people unable to afford a healthy diet (million),_T,Total,_T,All age ranges or no breakdown by age,_T,Total,PS,Persons,_Z,Not Applicable,_Z,Not Applicable,_Z,Not Applicable,2018,21.2,FAO_CAHD,Cost and Affordability of a Healthy Diet (CoAHD),6,Millions,COUNT,Count (Integer),602,CCYY,A,Normal value,PU,Public
datastructure,WB.DATA360:DS_DATA360(1.2),I,A,Annual,JPN,Japan,FAO_CAHD_7006,Number of people unable to afford a healthy diet (million),_T,Total,_T,All age ranges or no breakdown by age,_T,Total,PS,Persons,_Z,Not Applicable,_Z,Not Applicable,_Z,Not Applicable,2017,17.4,FAO_CAHD,Cost and Affordability of a Healthy Diet (CoAHD),6,Millions,COUNT,Count (Integer),602,CCYY,A,Normal value,PU,Public
datastructure,WB.DATA360:DS_DATA360(1.2),I,A,Annual,JPN,Japan,FAO_CAHD_7006,Number of people unable to afford a healthy diet (million),_T,Total,_T,All age ranges or no breakdown by age,_T,Total,PS,Persons,_Z,Not Applicable,_Z,Not Applicable,_Z,Not Applicable,2019,20.4,FAO_CAHD,Cost and Affordability of a Healthy Diet (CoAHD),6,Millions,COUNT,Count (Integer),602,CCYY,A,Normal value,PU,Public
datastructure,WB.DATA360:DS_DATA360(1.2),I,A,Annual,JPN,Japan,FAO_CAHD_7006,Number of people unable to afford a healthy diet (million),_T,Total,_T,All age ranges or no breakdown by age,_T,Total,PS,Persons,_Z,Not Applicable,_Z,Not Applicable,_Z,Not Applicable,2020,18.7,FAO_CAHD,Cost and Affordability of a Healthy Diet (CoAHD),6,Millions,COUNT,Count (Integer),602,CCYY,A,Normal value,PU,Public
datastructure,WB.DATA360:DS_DATA360(1.2),I,A,Annual,JPN,Japan,FAO_CAHD_7006,Number of people unable to afford a healthy diet (million),_T,Total,_T,All age ranges or no breakdown by age,_T,Total,PS,Persons,_Z,Not Applicable,_Z,Not Applicable,_Z,Not Applicable,2021,17.8,FAO_CAHD,Cost and Affordability of a Healthy Diet (CoAHD),6,Millions,COUNT,Count (Integer),602,CCYY,A,Normal value,PU,Public
datastructure,WB.DATA360:DS_DATA360(1.2),I,A,Annual,JPN,Japan,FAO_CAHD_7006,Number of people unable to afford a healthy diet (million),_T,Total,_T,All age ranges or no breakdown by age,_T,Total,PS,Persons,_Z,Not Applicable,_Z,Not Applicable,_Z,Not Applicable,2022,16.8,FAO_CAHD,Cost and Affordability of a Healthy Diet (CoAHD),6,Millions,COUNT,Count (Integer),602,CCYY,A,Normal value,PU,Public
datastructure,WB.DATA360:DS_DATA360(1.2),I,A,Annual,JPN,Japan,FAO_CAHD_7006,Number of people unable to afford a healthy diet (million),_T,Total,_T,All age ranges or no breakdown by age,_T,Total,PS,Persons,_Z,Not Applicable,_Z,Not Applicable,_Z,Not Applicable,2023,16.5,FAO_CAHD,Cost and Affordability of a Healthy Diet (CoAHD),6,Millions,COUNT,Count (Integer),602,CCYY,A,Normal value,PU,Public
datastructure,WB.DATA360:DS_DATA360(1.2),I,A,Annual,JPN,Japan,FAO_CAHD_7006,Number of people unable to afford a healthy diet (million),_T,Total,_T,All age ranges or no breakdown by age,_T,Total,PS,Persons,_Z,Not Applicable,_Z,Not Applicable,_Z,Not Applicable,2024,16.4,FAO_CAHD,Cost and Affordability of a Healthy Diet (CoAHD),6,Millions,COUNT,Count (Integer),602,CCYY,A,Normal value,PU,Public
datastructure,WB.DATA360:DS_DATA360(1.2),I,A,Annual,JPN,Japan,FAO_CAHD_7006,Number of people unable to afford a healthy diet (million),_T,Total,_T,All age ranges or no breakdown by age,_T,Total,PS,Persons,_Z,Not Applicable,_Z,Not Applicable,_Z,Not Applicable,2025,16.2,FAO_CAHD,Cost and Affordability of a Healthy Diet (CoAHD),6,Millions,COUNT,Count (Integer),602,CCYY,A,Normal value,PU,Public
datastructure,WB.DATA360:DS_DATA360(1.2),I,A,Annual,JOR,Jordan,FAO_CAHD_7006,Number of people unable to afford a healthy diet (million),_T,Total,_T,All age ranges or no breakdown by age,_T,Total,PS,Persons,_Z,Not Applicable,_Z,Not Applicable,_Z,Not Applicable,2024,0.3,FAO_CAHD,Cost and Affordability of a Healthy Diet (CoAHD),6,Millions,COUNT,Count (Integer),602,CCYY,A,Normal value,PU,Public
datastructure,WB.DATA360:DS_DATA360(1.2),I,A,Annual,JOR,Jordan,FAO_CAHD_7006,Number of people unable to afford a healthy diet (million),_T,Total,_T,All age ranges or no breakdown by age,_T,Total,PS,Persons,_Z,Not Applicable,_Z,Not Applicable,_Z,Not Applicable,2025,0.3,FAO_CAHD,Cost and Affordability of a Healthy Diet (CoAHD),6,Millions,COUNT,Count (Integer),602,CCYY,A,Normal value,PU,Public
datastructure,WB.DATA360:DS_DATA360(1.2),I,A,Annual,JOR,Jordan,FAO_CAHD_7006,Number of people unable to afford a healthy diet (million),_T,Total,_T,All age ranges or no breakdown by age,_T,Total,PS,Persons,_Z,Not Applicable,_Z,Not Applicable,_Z,Not Applicable,2022,0.3,FAO_CAHD,Cost and Affordability of a Healthy Diet (CoAHD),6,Millions,COUNT,Count (Integer),602,CCYY,A,Normal value,PU,Public
datastructure,WB.DATA360:DS_DATA360(1.2),I,A,Annual,JOR,Jordan,FAO_CAHD_7006,Number of people unable to afford a healthy diet (million),_T,Total,_T,All age ranges or no breakdown by age,_T,Total,PS,Persons,_Z,Not Applicable,_Z,Not Applicable,_Z,Not Applicable,2023,0.3,FAO_CAHD,Cost and Affordability of a Healthy Diet (CoAHD),6,Millions,COUNT,Count (Integer),602,CCYY,A,Normal value,PU,Public
datastructure,WB.DATA360:DS_DATA360(1.2),I,A,Annual,JOR,Jordan,FAO_CAHD_7006,Number of people unable to afford a healthy diet (million),_T,Total,_T,All age ranges or no breakdown by age,_T,Total,PS,Persons,_Z,Not Applicable,_Z,Not Applicable,_Z,Not Applicable,2021,0.3,FAO_CAHD,Cost and Affordability of a Healthy Diet (CoAHD),6,Millions,COUNT,Count (Integer),602,CCYY,A,Normal value,PU,Public
datastructure,WB.DATA360:DS_DATA360(1.2),I,A,Annual,JOR,Jordan,FAO_CAHD_7006,Number of people unable to afford a healthy diet (million),_T,Total,_T,All age ranges or no breakdown by age,_T,Total,PS,Persons,_Z,Not Applicable,_Z,Not Applicable,_Z,Not Applicable,2020,0.3,FAO_CAHD,Cost and Affordability of a Healthy Diet (CoAHD),6,Millions,COUNT,Count (Integer),602,CCYY,A,Normal value,PU,Public
datastructure,WB.DATA360:DS_DATA360(1.2),I,A,Annual,JOR,Jordan,FAO_CAHD_7006,Number of people unable to afford a healthy diet (million),_T,Total,_T,All age ranges or no breakdown by age,_T,Total,PS,Persons,_Z,Not Applicable,_Z,Not Applicable,_Z,Not Applicable,2017,0.3,FAO_CAHD,Cost and Affordability of a Healthy Diet (CoAHD),6,Millions,COUNT,Count (Integer),602,CCYY,A,Normal value,PU,Public
datastructure,WB.DATA360:DS_DATA360(1.2),I,A,Annual,JOR,Jordan,FAO_CAHD_7006,Number of people unable to afford a healthy diet (million),_T,Total,_T,All age ranges or no breakdown by age,_T,Total,PS,Persons,_Z,Not Applicable,_Z,Not Applicable,_Z,Not Applicable,2018,0.3,FAO_CAHD,Cost and Affordability of a Healthy Diet (CoAHD),6,Millions,COUNT,Count (Integer),602,CCYY,A,Normal value,PU,Public
datastructure,WB.DATA360:DS_DATA360(1.2),I,A,Annual,JOR,Jordan,FAO_CAHD_7006,Number of people unable to afford a healthy diet (million),_T,Total,_T,All age ranges or no breakdown by age,_T,Total,PS,Persons,_Z,Not Applicable,_Z,Not Applicable,_Z,Not Applicable,2019,0.3,FAO_CAHD,Cost and Affordability of a Healthy Diet (CoAHD),6,Millions,COUNT,Count (Integer),602,CCYY,A,Normal value,PU,Public
datastructure,WB.DATA360:DS_DATA360(1.2),I,A,Annual,JAM,Jamaica,FAO_CAHD_7006,Number of people unable to afford a healthy diet (million),_T,Total,_T,All age ranges or no breakdown by age,_T,Total,PS,Persons,_Z,Not Applicable,_Z,Not Applicable,_Z,Not Applicable,2017,0.9,FAO_CAHD,Cost and Affordability of a Healthy Diet (CoAHD),6,Millions,COUNT,Count (Integer),602,CCYY,A,Normal value,PU,Public
datastructure,WB.DATA360:DS_DATA360(1.2),I,A,Annual,JAM,Jamaica,FAO_CAHD_7006,Number of people unable to afford a healthy diet (million),_T,Total,_T,All age ranges or no breakdown by age,_T,Total,PS,Persons,_Z,Not Applicable,_Z,Not Applicable,_Z,Not Applicable,2018,0.6,FAO_CAHD,Cost and Affordability of a Healthy Diet (CoAHD),6,Millions,COUNT,Count (Integer),602,CCYY,A,Normal value,PU,Public
datastructure,WB.DATA360:DS_DATA360(1.2),I,A,Annual,JAM,Jamaica,FAO_CAHD_7006,Number of people unable to afford a healthy diet (million),_T,Total,_T,All age ranges or no breakdown by age,_T,Total,PS,Persons,_Z,Not Applicable,_Z,Not Applicable,_Z,Not Applicable,2019,0.7,FAO_CAHD,Cost and Affordability of a Healthy Diet (CoAHD),6,Millions,COUNT,Count (Integer),602,CCYY,A,Normal value,PU,Public
datastructure,WB.DATA360:DS_DATA360(1.2),I,A,Annual,JAM,Jamaica,FAO_CAHD_7006,Number of people unable to afford a healthy diet (million),_T,Total,_T,All age ranges or no breakdown by age,_T,Total,PS,Persons,_Z,Not Applicable,_Z,Not Applicable,_Z,Not Applicable,2020,0.8,FAO_CAHD,Cost and Affordability of a Healthy Diet (CoAHD),6,Millions,COUNT,Count (Integer),602,CCYY,A,Normal value,PU,Public
datastructure,WB.DATA360:DS_DATA360(1.2),I,A,Annual,JAM,Jamaica,FAO_CAHD_7006,Number of people unable to afford a healthy diet (million),_T,Total,_T,All age ranges or no breakdown by age,_T,Total,PS,Persons,_Z,Not Applicable,_Z,Not Applicable,_Z,Not Applicable,2021,0.8,FAO_CAHD,Cost and Affordability of a Healthy Diet (CoAHD),6,Millions,COUNT,Count (Integer),602,CCYY,A,Normal value,PU,Public
datastructure,WB.DATA360:DS_DATA360(1.2),I,A,Annual,JAM,Jamaica,FAO_CAHD_7006,Number of people unable to afford a healthy diet (million),_T,Total,_T,All age ranges or no breakdown by age,_T,Total,PS,Persons,_Z,Not Applicable,_Z,Not Applicable,_Z,Not Applicable,2022,0.8,FAO_CAHD,Cost and Affordability of a Healthy Diet (CoAHD),6,Millions,COUNT,Count (Integer),602,CCYY,A,Normal value,PU,Public
datastructure,WB.DATA360:DS_DATA360(1.2),I,A,Annual,JAM,Jamaica,FAO_CAHD_7006,Number of people unable to afford a healthy diet (million),_T,Total,_T,All age ranges or no breakdown by age,_T,Total,PS,Persons,_Z,Not Applicable,_Z,Not Applicable,_Z,Not Applicable,2023,0.8,FAO_CAHD,Cost and Affordability of a Healthy Diet (CoAHD),6,Millions,COUNT,Count (Integer),602,CCYY,A,Normal value,PU,Public
datastructure,WB.DATA360:DS_DATA360(1.2),I,A,Annual,JAM,Jamaica,FAO_CAHD_7006,Number of people unable to afford a healthy diet (million),_T,Total,_T,All age ranges or no breakdown by age,_T,Total,PS,Persons,_Z,Not Applicable,_Z,Not Applicable,_Z,Not Applicable,2024,0.8,FAO_CAHD,Cost and Affordability of a Healthy Diet (CoAHD),6,Millions,COUNT,Count (Integer),602,CCYY,A,Normal value,PU,Public
datastructure,WB.DATA360:DS_DATA360(1.2),I,A,Annual,JAM,Jamaica,FAO_CAHD_7006,Number of people unable to afford a healthy diet (million),_T,Total,_T,All age ranges or no breakdown by age,_T,Total,PS,Persons,_Z,Not Applicable,_Z,Not Applicable,_Z,Not Applicable,2025,0.7,FAO_CAHD,Cost and Affordability of a Healthy Diet (CoAHD),6,Millions,COUNT,Count (Integer),602,CCYY,A,Normal value,PU,Public
datastructure,WB.DATA360:DS_DATA360(1.2),I,A,Annual,MLI,Mali,FAO_CAHD_7006,Number of people unable to afford a healthy diet (million),_T,Total,_T,All age ranges or no breakdown by age,_T,Total,PS,Persons,_Z,Not Applicable,_Z,Not Applicable,_Z,Not Applicable,2022,14.4,FAO_CAHD,Cost and Affordability of a Healthy Diet (CoAHD),6,Millions,COUNT,Count (Integer),602,CCYY,A,Normal value,PU,Public
datastructure,WB.DATA360:DS_DATA360(1.2),I,A,Annual,MLI,Mali,FAO_CAHD_7006,Number of people unable to afford a healthy diet (million),_T,Total,_T,All age ranges or no breakdown by age,_T,Total,PS,Persons,_Z,Not Applicable,_Z,Not Applicable,_Z,Not Applicable,2023,14.7,FAO_CAHD,Cost and Affordability of a Healthy Diet (CoAHD),6,Millions,COUNT,Count (Integer),602,CCYY,A,Normal value,PU,Public
datastructure,WB.DATA360:DS_DATA360(1.2),I,A,Annual,MLI,Mali,FAO_CAHD_7006,Number of people unable to afford a healthy diet (million),_T,Total,_T,All age ranges or no breakdown by age,_T,Total,PS,Persons,_Z,Not Applicable,_Z,Not Applicable,_Z,Not Applicable,2024,15.0,FAO_CAHD,Cost and Affordability of a Healthy Diet (CoAHD),6,Millions,COUNT,Count (Integer),602,CCYY,A,Normal value,PU,Public
datastructure,WB.DATA360:DS_DATA360(1.2),I,A,Annual,MLI,Mali,FAO_CAHD_7006,Number of people unable to afford a healthy diet (million),_T,Total,_T,All age ranges or no breakdown by age,_T,Total,PS,Persons,_Z,Not Applicable,_Z,Not Applicable,_Z,Not Applicable,2025,15.3,FAO_CAHD,Cost and Affordability of a Healthy Diet (CoAHD),6,Millions,COUNT,Count (Integer),602,CCYY,A,Normal value,PU,Public
datastructure,WB.DATA360:DS_DATA360(1.2),I,A,Annual,MLI,Mali,FAO_CAHD_7006,Number of people unable to afford a healthy diet (million),_T,Total,_T,All age ranges or no breakdown by age,_T,Total,PS,Persons,_Z,Not Applicable,_Z,Not Applicable,_Z,Not Applicable,2021,13.3,FAO_CAHD,Cost and Affordability of a Healthy Diet (CoAHD),6,Millions,COUNT,Count (Integer),602,CCYY,A,Normal value,PU,Public
datastructure,WB.DATA360:DS_DATA360(1.2),I,A,Annual,MLI,Mali,FAO_CAHD_7006,Number of people unable to afford a healthy diet (million),_T,Total,_T,All age ranges or no breakdown by age,_T,Total,PS,Persons,_Z,Not Applicable,_Z,Not Applicable,_Z,Not Applicable,2020,12.3,FAO_CAHD,Cost and Affordability of a Healthy Diet (CoAHD),6,Millions,COUNT,Count (Integer),602,CCYY,A,Normal value,PU,Public
datastructure,WB.DATA360:DS_DATA360(1.2),I,A,Annual,MLI,Mali,FAO_CAHD_7006,Number of people unable to afford a healthy diet (million),_T,Total,_T,All age ranges or no breakdown by age,_T,Total,PS,Persons,_Z,Not Applicable,_Z,Not Applicable,_Z,Not Applicable,2019,10.8,FAO_CAHD,Cost and Affordability of a Healthy Diet (CoAHD),6,Millions,COUNT,Count (Integer),602,CCYY,A,Normal value,PU,Public
datastructure,WB.DATA360:DS_DATA360(1.2),I,A,Annual,MLI,Mali,FAO_CAHD_7006,Number of people unable to afford a healthy diet (million),_T,Total,_T,All age ranges or no breakdown by age,_T,Total,PS,Persons,_Z,Not Applicable,_Z,Not Applicable,_Z,Not Applicable,2018,11.0,FAO_CAHD,Cost and Affordability of a Healthy Diet (CoAHD),6,Millions,COUNT,Count (Integer),602,CCYY,A,Normal value,PU,Public
datastructure,WB.DATA360:DS_DATA360(1.2),I,A,Annual,MLI,Mali,FAO_CAHD_7006,Number of people unable to afford a healthy diet (million),_T,Total,_T,All age ranges or no breakdown by age,_T,Total,PS,Persons,_Z,Not Applicable,_Z,Not Applicable,_Z,Not Applicable,2017,11.7,FAO_CAHD,Cost and Affordability of a Healthy Diet (CoAHD),6,Millions,COUNT,Count (Integer),602,CCYY,A,Normal value,PU,Public
datastructure,WB.DATA360:DS_DATA360(1.2),I,A,Annual,MLT,Malta,FAO_CAHD_7006,Number of people unable to afford a healthy diet (million),_T,Total,_T,All age ranges or no breakdown by age,_T,Total,PS,Persons,_Z,Not Applicable,_Z,Not Applicable,_Z,Not Applicable,2022,0.0,FAO_CAHD,Cost and Affordability of a Healthy Diet (CoAHD),6,Millions,COUNT,Count (Integer),602,CCYY,A,Normal value,PU,Public
datastructure,WB.DATA360:DS_DATA360(1.2),I,A,Annual,MLT,Malta,FAO_CAHD_7006,Number of people unable to afford a healthy diet (million),_T,Total,_T,All age ranges or no breakdown by age,_T,Total,PS,Persons,_Z,Not Applicable,_Z,Not Applicable,_Z,Not Applicable,2017,0.0,FAO_CAHD,Cost and Affordability of a Healthy Diet (CoAHD),6,Millions,COUNT,Count (Integer),602,CCYY,A,Normal value,PU,Public
datastructure,WB.DATA360:DS_DATA360(1.2),I,A,Annual,MLT,Malta,FAO_CAHD_7006,Number of people unable to afford a healthy diet (million),_T,Total,_T,All age ranges or no breakdown by age,_T,Total,PS,Persons,_Z,Not Applicable,_Z,Not Applicable,_Z,Not Applicable,2018,0.0,FAO_CAHD,Cost and Affordability of a Healthy Diet (CoAHD),6,Millions,COUNT,Count (Integer),602,CCYY,A,Normal value,PU,Public
datastructure,WB.DATA360:DS_DATA360(1.2),I,A,Annual,MLT,Malta,FAO_CAHD_7006,Number of people unable to afford a healthy diet (million),_T,Total,_T,All age ranges or no breakdown by age,_T,Total,PS,Persons,_Z,Not Applicable,_Z,Not Applicable,_Z,Not Applicable,2019,0.0,FAO_CAHD,Cost and Affordability of a Healthy Diet (CoAHD),6,Millions,COUNT,Count (Integer),602,CCYY,A,Normal value,PU,Public
datastructure,WB.DATA360:DS_DATA360(1.2),I,A,Annual,MLT,Malta,FAO_CAHD_7006,Number of people unable to afford a healthy diet (million),_T,Total,_T,All age ranges or no breakdown by age,_T,Total,PS,Persons,_Z,Not Applicable,_Z,Not Applicable,_Z,Not Applicable,2020,0.0,FAO_CAHD,Cost and Affordability of a Healthy Diet (CoAHD),6,Millions,COUNT,Count (Integer),602,CCYY,A,Normal value,PU,Public
datastructure,WB.DATA360:DS_DATA360(1.2),I,A,Annual,MLT,Malta,FAO_CAHD_7006,Number of people unable to afford a healthy diet (million),_T,Total,_T,All age ranges or no breakdown by age,_T,Total,PS,Persons,_Z,Not Applicable,_Z,Not Applicable,_Z,Not Applicable,2021,0.0,FAO_CAHD,Cost and Affordability of a Healthy Diet (CoAHD),6,Millions,COUNT,Count (Integer),602,CCYY,A,Normal value,PU,Public
datastructure,WB.DATA360:DS_DATA360(1.2),I,A,Annual,MLT,Malta,FAO_CAHD_7006,Number of people unable to afford a healthy diet (million),_T,Total,_T,All age ranges or no breakdown by age,_T,Total,PS,Persons,_Z,Not Applicable,_Z,Not Applicable,_Z,Not Applicable,2023,0.0,FAO_CAHD,Cost and Affordability of a Healthy Diet (CoAHD),6,Millions,COUNT,Count (Integer),602,CCYY,A,Normal value,PU,Public
datastructure,WB.DATA360:DS_DATA360(1.2),I,A,Annual,MLT,Malta,FAO_CAHD_7006,Number of people unable to afford a healthy diet (million),_T,Total,_T,All age ranges or no breakdown by age,_T,Total,PS,Persons,_Z,Not Applicable,_Z,Not Applicable,_Z,Not Applicable,2024,0.0,FAO_CAHD,Cost and Affordability of a Healthy Diet (CoAHD),6,Millions,COUNT,Count (Integer),602,CCYY,A,Normal value,PU,Public
datastructure,WB.DATA360:DS_DATA360(1.2),I,A,Annual,MLT,Malta,FAO_CAHD_7006,Number of people unable to afford a healthy diet (million),_T,Total,_T,All age ranges or no breakdown by age,_T,Total,PS,Persons,_Z,Not Applicable,_Z,Not Applicable,_Z,Not Applicable,2025,0.0,FAO_CAHD,Cost and Affordability of a Healthy Diet (CoAHD),6,Millions,COUNT,Count (Integer),602,CCYY,A,Normal value,PU,Public
datastructure,WB.DATA360:DS_DATA360(1.2),I,A,Annual,MYS,Malaysia,FAO_CAHD_7006,Number of people unable to afford a healthy diet (million),_T,Total,_T,All age ranges or no breakdown by age,_T,Total,PS,Persons,_Z,Not Applicable,_Z,Not Applicable,_Z,Not Applicable,2024,0.6,FAO_CAHD,Cost and Affordability of a Healthy Diet (CoAHD),6,Millions,COUNT,Count (Integer),602,CCYY,A,Normal value,PU,Public
datastructure,WB.DATA360:DS_DATA360(1.2),I,A,Annual,MYS,Malaysia,FAO_CAHD_7006,Number of people unable to afford a healthy diet (million),_T,Total,_T,All age ranges or no breakdown by age,_T,Total,PS,Persons,_Z,Not Applicable,_Z,Not Applicable,_Z,Not Applicable,2017,1.4,FAO_CAHD,Cost and Affordability of a Healthy Diet (CoAHD),6,Millions,COUNT,Count (Integer),602,CCYY,A,Normal value,PU,Public
datastructure,WB.DATA360:DS_DATA360(1.2),I,A,Annual,MYS,Malaysia,FAO_CAHD_7006,Number of people unable to afford a healthy diet (million),_T,Total,_T,All age ranges or no breakdown by age,_T,Total,PS,Persons,_Z,Not Applicable,_Z,Not Applicable,_Z,Not Applicable,2018,1.3,FAO_CAHD,Cost and Affordability of a Healthy Diet (CoAHD),6,Millions,COUNT,Count (Integer),602,CCYY,A,Normal value,PU,Public
datastructure,WB.DATA360:DS_DATA360(1.2),I,A,Annual,MYS,Malaysia,FAO_CAHD_7006,Number of people unable to afford a healthy diet (million),_T,Total,_T,All age ranges or no breakdown by age,_T,Total,PS,Persons,_Z,Not Applicable,_Z,Not Applicable,_Z,Not Applicable,2019,1.0,FAO_CAHD,Cost and Affordability of a Healthy Diet (CoAHD),6,Millions,COUNT,Count (Integer),602,CCYY,A,Normal value,PU,Public
datastructure,WB.DATA360:DS_DATA360(1.2),I,A,Annual,MYS,Malaysia,FAO_CAHD_7006,Number of people unable to afford a healthy diet (million),_T,Total,_T,All age ranges or no breakdown by age,_T,Total,PS,Persons,_Z,Not Applicable,_Z,Not Applicable,_Z,Not Applicable,2020,1.2,FAO_CAHD,Cost and Affordability of a Healthy Diet (CoAHD),6,Millions,COUNT,Count (Integer),602,CCYY,A,Normal value,PU,Public
datastructure,WB.DATA360:DS_DATA360(1.2),I,A,Annual,MYS,Malaysia,FAO_CAHD_7006,Number of people unable to afford a healthy diet (million),_T,Total,_T,All age ranges or no breakdown by age,_T,Total,PS,Persons,_Z,Not Applicable,_Z,Not Applicable,_Z,Not Applicable,2021,1.1,FAO_CAHD,Cost and Affordability of a Healthy Diet (CoAHD),6,Millions,COUNT,Count (Integer),602,CCYY,A,Normal value,PU,Public
datastructure,WB.DATA360:DS_DATA360(1.2),I,A,Annual,MYS,Malaysia,FAO_CAHD_7006,Number of people unable to afford a healthy diet (million),_T,Total,_T,All age ranges or no breakdown by age,_T,Total,PS,Persons,_Z,Not Applicable,_Z,Not Applicable,_Z,Not Applicable,2022,0.7,FAO_CAHD,Cost and Affordability of a Healthy Diet (CoAHD),6,Millions,COUNT,Count (Integer),602,CCYY,A,Normal value,PU,Public
datastructure,WB.DATA360:DS_DATA360(1.2),I,A,Annual,MYS,Malaysia,FAO_CAHD_7006,Number of people unable to afford a healthy diet (million),_T,Total,_T,All age ranges or no breakdown by age,_T,Total,PS,Persons,_Z,Not Applicable,_Z,Not Applicable,_Z,Not Applicable,2023,0.7,FAO_CAHD,Cost and Affordability of a Healthy Diet (CoAHD),6,Millions,COUNT,Count (Integer),602,CCYY,A,Normal value,PU,Public
datastructure,WB.DATA360:DS_DATA360(1.2),I,A,Annual,MYS,Malaysia,FAO_CAHD_7006,Number of people unable to afford a healthy diet (million),_T,Total,_T,All age ranges or no breakdown by age,_T,Total,PS,Persons,_Z,Not Applicable,_Z,Not Applicable,_Z,Not Applicable,2025,0.5,FAO_CAHD,Cost and Affordability of a Healthy Diet (CoAHD),6,Millions,COUNT,Count (Integer),602,CCYY,A,Normal value,PU,Public
datastructure,WB.DATA360:DS_DATA360(1.2),I,A,Annual,MDV,Maldives,FAO_CAHD_7006,Number of people unable to afford a healthy diet (million),_T,Total,_T,All age ranges or no breakdown by age,_T,Total,PS,Persons,_Z,Not Applicable,_Z,Not Applicable,_Z,Not Applicable,2017,0.0,FAO_CAHD,Cost and Affordability of a Healthy Diet (CoAHD),6,Millions,COUNT,Count (Integer),602,CCYY,A,Normal value,PU,Public
datastructure,WB.DATA360:DS_DATA360(1.2),I,A,Annual,MDV,Maldives,FAO_CAHD_7006,Number of people unable to afford a healthy diet (million),_T,Total,_T,All age ranges or no breakdown by age,_T,Total,PS,Persons,_Z,Not Applicable,_Z,Not Applicable,_Z,Not Applicable,2018,0.0,FAO_CAHD,Cost and Affordability of a Healthy Diet (CoAHD),6,Millions,COUNT,Count (Integer),602,CCYY,A,Normal value,PU,Public
datastructure,WB.DATA360:DS_DATA360(1.2),I,A,Annual,MDV,Maldives,FAO_CAHD_7006,Number of people unable to afford a healthy diet (million),_T,Total,_T,All age ranges or no breakdown by age,_T,Total,PS,Persons,_Z,Not Applicable,_Z,Not Applicable,_Z,Not Applicable,2019,0.0,FAO_CAHD,Cost and Affordability of a Healthy Diet (CoAHD),6,Millions,COUNT,Count (Integer),602,CCYY,A,Normal value,PU,Public
datastructure,WB.DATA360:DS_DATA360(1.2),I,A,Annual,MDV,Maldives,FAO_CAHD_7006,Number of people unable to afford a healthy diet (million),_T,Total,_T,All age ranges or no breakdown by age,_T,Total,PS,Persons,_Z,Not Applicable,_Z,Not Applicable,_Z,Not Applicable,2020,0.1,FAO_CAHD,Cost and Affordability of a Healthy Diet (CoAHD),6,Millions,COUNT,Count (Integer),602,CCYY,A,Normal value,PU,Public
datastructure,WB.DATA360:DS_DATA360(1.2),I,A,Annual,MDV,Maldives,FAO_CAHD_7006,Number of people unable to afford a healthy diet (million),_T,Total,_T,All age ranges or no breakdown by age,_T,Total,PS,Persons,_Z,Not Applicable,_Z,Not Applicable,_Z,Not Applicable,2021,0.1,FAO_CAHD,Cost and Affordability of a Healthy Diet (CoAHD),6,Millions,COUNT,Count (Integer),602,CCYY,A,Normal value,PU,Public
datastructure,WB.DATA360:DS_DATA360(1.2),I,A,Annual,MDV,Maldives,FAO_CAHD_7006,Number of people unable to afford a healthy diet (million),_T,Total,_T,All age ranges or no breakdown by age,_T,Total,PS,Persons,_Z,Not Applicable,_Z,Not Applicable,_Z,Not Applicable,2022,0.0,FAO_CAHD,Cost and Affordability of a Healthy Diet (CoAHD),6,Millions,COUNT,Count (Integer),602,CCYY,A,Normal value,PU,Public
datastructure,WB.DATA360:DS_DATA360(1.2),I,A,Annual,MDV,Maldives,FAO_CAHD_7006,Number of people unable to afford a healthy diet (million),_T,Total,_T,All age ranges or no breakdown by age,_T,Total,PS,Persons,_Z,Not Applicable,_Z,Not Applicable,_Z,Not Applicable,2023,0.0,FAO_CAHD,Cost and Affordability of a Healthy Diet (CoAHD),6,Millions,COUNT,Count (Integer),602,CCYY,A,Normal value,PU,Public
datastructure,WB.DATA360:DS_DATA360(1.2),I,A,Annual,MDV,Maldives,FAO_CAHD_7006,Number of people unable to afford a healthy diet (million),_T,Total,_T,All age ranges or no breakdown by age,_T,Total,PS,Persons,_Z,Not Applicable,_Z,Not Applicable,_Z,Not Applicable,2024,0.0,FAO_CAHD,Cost and Affordability of a Healthy Diet (CoAHD),6,Millions,COUNT,Count (Integer),602,CCYY,A,Normal value,PU,Public
datastructure,WB.DATA360:DS_DATA360(1.2),I,A,Annual,MDV,Maldives,FAO_CAHD_7006,Number of people unable to afford a healthy diet (million),_T,Total,_T,All age ranges or no breakdown by age,_T,Total,PS,Persons,_Z,Not Applicable,_Z,Not Applicable,_Z,Not Applicable,2025,0.0,FAO_CAHD,Cost and Affordability of a Healthy Diet (CoAHD),6,Millions,COUNT,Count (Integer),602,CCYY,A,Normal value,PU,Public
datastructure,WB.DATA360:DS_DATA360(1.2),I,A,Annual,MUS,Mauritius,FAO_CAHD_7006,Number of people unable to afford a healthy diet (million),_T,Total,_T,All age ranges or no breakdown by age,_T,Total,PS,Persons,_Z,Not Applicable,_Z,Not Applicable,_Z,Not Applicable,2019,0.2,FAO_CAHD,Cost and Affordability of a Healthy Diet (CoAHD),6,Millions,COUNT,Count (Integer),602,CCYY,A,Normal value,PU,Public
datastructure,WB.DATA360:DS_DATA360(1.2),I,A,Annual,MUS,Mauritius,FAO_CAHD_7006,Number of people unable to afford a healthy diet (million),_T,Total,_T,All age ranges or no breakdown by age,_T,Total,PS,Persons,_Z,Not Applicable,_Z,Not Applicable,_Z,Not Applicable,2020,0.3,FAO_CAHD,Cost and Affordability of a Healthy Diet (CoAHD),6,Millions,COUNT,Count (Integer),602,CCYY,A,Normal value,PU,Public
datastructure,WB.DATA360:DS_DATA360(1.2),I,A,Annual,MUS,Mauritius,FAO_CAHD_7006,Number of people unable to afford a healthy diet (million),_T,Total,_T,All age ranges or no breakdown by age,_T,Total,PS,Persons,_Z,Not Applicable,_Z,Not Applicable,_Z,Not Applicable,2021,0.3,FAO_CAHD,Cost and Affordability of a Healthy Diet (CoAHD),6,Millions,COUNT,Count (Integer),602,CCYY,A,Normal value,PU,Public
datastructure,WB.DATA360:DS_DATA360(1.2),I,A,Annual,MUS,Mauritius,FAO_CAHD_7006,Number of people unable to afford a healthy diet (million),_T,Total,_T,All age ranges or no breakdown by age,_T,Total,PS,Persons,_Z,Not Applicable,_Z,Not Applicable,_Z,Not Applicable,2022,0.3,FAO_CAHD,Cost and Affordability of a Healthy Diet (CoAHD),6,Millions,COUNT,Count (Integer),602,CCYY,A,Normal value,PU,Public
datastructure,WB.DATA360:DS_DATA360(1.2),I,A,Annual,MUS,Mauritius,FAO_CAHD_7006,Number of people unable to afford a healthy diet (million),_T,Total,_T,All age ranges or no breakdown by age,_T,Total,PS,Persons,_Z,Not Applicable,_Z,Not Applicable,_Z,Not Applicable,2023,0.2,FAO_CAHD,Cost and Affordability of a Healthy Diet (CoAHD),6,Millions,COUNT,Count (Integer),602,CCYY,A,Normal value,PU,Public
datastructure,WB.DATA360:DS_DATA360(1.2),I,A,Annual,MUS,Mauritius,FAO_CAHD_7006,Number of people unable to afford a healthy diet (million),_T,Total,_T,All age ranges or no breakdown by age,_T,Total,PS,Persons,_Z,Not Applicable,_Z,Not Applicable,_Z,Not Applicable,2024,0.2,FAO_CAHD,Cost and Affordability of a Healthy Diet (CoAHD),6,Millions,COUNT,Count (Integer),602,CCYY,A,Normal value,PU,Public
datastructure,WB.DATA360:DS_DATA360(1.2),I,A,Annual,MUS,Mauritius,FAO_CAHD_7006,Number of people unable to afford a healthy diet (million),_T,Total,_T,All age ranges or no breakdown by age,_T,Total,PS,Persons,_Z,Not Applicable,_Z,Not Applicable,_Z,Not Applicable,2025,0.2,FAO_CAHD,Cost and Affordability of a Healthy Diet (CoAHD),6,Millions,COUNT,Count (Integer),602,CCYY,A,Normal value,PU,Public
datastructure,WB.DATA360:DS_DATA360(1.2),I,A,Annual,MEX,Mexico,FAO_CAHD_7006,Number of people unable to afford a healthy diet (million),_T,Total,_T,All age ranges or no breakdown by age,_T,Total,PS,Persons,_Z,Not Applicable,_Z,Not Applicable,_Z,Not Applicable,2019,37.8,FAO_CAHD,Cost and Affordability of a Healthy Diet (CoAHD),6,Millions,COUNT,Count (Integer),602,CCYY,A,Normal value,PU,Public
datastructure,WB.DATA360:DS_DATA360(1.2),I,A,Annual,MEX,Mexico,FAO_CAHD_7006,Number of people unable to afford a healthy diet (million),_T,Total,_T,All age ranges or no breakdown by age,_T,Total,PS,Persons,_Z,Not Applicable,_Z,Not Applicable,_Z,Not Applicable,2017,39.0,FAO_CAHD,Cost and Affordability of a Healthy Diet (CoAHD),6,Millions,COUNT,Count (Integer),602,CCYY,A,Normal value,PU,Public
datastructure,WB.DATA360:DS_DATA360(1.2),I,A,Annual,MEX,Mexico,FAO_CAHD_7006,Number of people unable to afford a healthy diet (million),_T,Total,_T,All age ranges or no breakdown by age,_T,Total,PS,Persons,_Z,Not Applicable,_Z,Not Applicable,_Z,Not Applicable,2018,37.9,FAO_CAHD,Cost and Affordability of a Healthy Diet (CoAHD),6,Millions,COUNT,Count (Integer),602,CCYY,A,Normal value,PU,Public
datastructure,WB.DATA360:DS_DATA360(1.2),I,A,Annual,MEX,Mexico,FAO_CAHD_7006,Number of people unable to afford a healthy diet (million),_T,Total,_T,All age ranges or no breakdown by age,_T,Total,PS,Persons,_Z,Not Applicable,_Z,Not Applicable,_Z,Not Applicable,2020,41.3,FAO_CAHD,Cost and Affordability of a Healthy Diet (CoAHD),6,Millions,COUNT,Count (Integer),602,CCYY,A,Normal value,PU,Public
datastructure,WB.DATA360:DS_DATA360(1.2),I,A,Annual,MEX,Mexico,FAO_CAHD_7006,Number of people unable to afford a healthy diet (million),_T,Total,_T,All age ranges or no breakdown by age,_T,Total,PS,Persons,_Z,Not Applicable,_Z,Not Applicable,_Z,Not Applicable,2021,35.0,FAO_CAHD,Cost and Affordability of a Healthy Diet (CoAHD),6,Millions,COUNT,Count (Integer),602,CCYY,A,Normal value,PU,Public
datastructure,WB.DATA360:DS_DATA360(1.2),I,A,Annual,MEX,Mexico,FAO_CAHD_7006,Number of people unable to afford a healthy diet (million),_T,Total,_T,All age ranges or no breakdown by age,_T,Total,PS,Persons,_Z,Not Applicable,_Z,Not Applicable,_Z,Not Applicable,2022,32.4,FAO_CAHD,Cost and Affordability of a Healthy Diet (CoAHD),6,Millions,COUNT,Count (Integer),602,CCYY,A,Normal value,PU,Public
datastructure,WB.DATA360:DS_DATA360(1.2),I,A,Annual,MEX,Mexico,FAO_CAHD_7006,Number of people unable to afford a healthy diet (million),_T,Total,_T,All age ranges or no breakdown by age,_T,Total,PS,Persons,_Z,Not Applicable,_Z,Not Applicable,_Z,Not Applicable,2023,28.4,FAO_CAHD,Cost and Affordability of a Healthy Diet (CoAHD),6,Millions,COUNT,Count (Integer),602,CCYY,A,Normal value,PU,Public
datastructure,WB.DATA360:DS_DATA360(1.2),I,A,Annual,MEX,Mexico,FAO_CAHD_7006,Number of people unable to afford a healthy diet (million),_T,Total,_T,All age ranges or no breakdown by age,_T,Total,PS,Persons,_Z,Not Applicable,_Z,Not Applicable,_Z,Not Applicable,2024,26.2,FAO_CAHD,Cost and Affordability of a Healthy Diet (CoAHD),6,Millions,COUNT,Count (Integer),602,CCYY,A,Normal value,PU,Public
datastructure,WB.DATA360:DS_DATA360(1.2),I,A,Annual,MEX,Mexico,FAO_CAHD_7006,Number of people unable to afford a healthy diet (million),_T,Total,_T,All age ranges or no breakdown by age,_T,Total,PS,Persons,_Z,Not Applicable,_Z,Not Applicable,_Z,Not Applicable,2025,26.4,FAO_CAHD,Cost and Affordability of a Healthy Diet (CoAHD),6,Millions,COUNT,Count (Integer),602,CCYY,A,Normal value,PU,Public
datastructure,WB.DATA360:DS_DATA360(1.2),I,A,Annual,MUS,Mauritius,FAO_CAHD_7006,Number of people unable to afford a healthy diet (million),_T,Total,_T,All age ranges or no breakdown by age,_T,Total,PS,Persons,_Z,Not Applicable,_Z,Not Applicable,_Z,Not Applicable,2018,0.2,FAO_CAHD,Cost and Affordability of a Healthy Diet (CoAHD),6,Millions,COUNT,Count (Integer),602,CCYY,A,Normal value,PU,Public
datastructure,WB.DATA360:DS_DATA360(1.2),I,A,Annual,MUS,Mauritius,FAO_CAHD_7006,Number of people unable to afford a healthy diet (million),_T,Total,_T,All age ranges or no breakdown by age,_T,Total,PS,Persons,_Z,Not Applicable,_Z,Not Applicable,_Z,Not Applicable,2017,0.2,FAO_CAHD,Cost and Affordability of a Healthy Diet (CoAHD),6,Millions,COUNT,Count (Integer),602,CCYY,A,Normal value,PU,Public
datastructure,WB.DATA360:DS_DATA360(1.2),I,A,Annual,MRT,Mauritania,FAO_CAHD_7006,Number of people unable to afford a healthy diet (million),_T,Total,_T,All age ranges or no breakdown by age,_T,Total,PS,Persons,_Z,Not Applicable,_Z,Not Applicable,_Z,Not Applicable,2017,2.1,FAO_CAHD,Cost and Affordability of a Healthy Diet (CoAHD),6,Millions,COUNT,Count (Integer),602,CCYY,A,Normal value,PU,Public
datastructure,WB.DATA360:DS_DATA360(1.2),I,A,Annual,MRT,Mauritania,FAO_CAHD_7006,Number of people unable to afford a healthy diet (million),_T,Total,_T,All age ranges or no breakdown by age,_T,Total,PS,Persons,_Z,Not Applicable,_Z,Not Applicable,_Z,Not Applicable,2018,2.2,FAO_CAHD,Cost and Affordability of a Healthy Diet (CoAHD),6,Millions,COUNT,Count (Integer),602,CCYY,A,Normal value,PU,Public
datastructure,WB.DATA360:DS_DATA360(1.2),I,A,Annual,MRT,Mauritania,FAO_CAHD_7006,Number of people unable to afford a healthy diet (million),_T,Total,_T,All age ranges or no breakdown by age,_T,Total,PS,Persons,_Z,Not Applicable,_Z,Not Applicable,_Z,Not Applicable,2019,2.3,FAO_CAHD,Cost and Affordability of a Healthy Diet (CoAHD),6,Millions,COUNT,Count (Integer),602,CCYY,A,Normal value,PU,Public
datastructure,WB.DATA360:DS_DATA360(1.2),I,A,Annual,MRT,Mauritania,FAO_CAHD_7006,Number of people unable to afford a healthy diet (million),_T,Total,_T,All age ranges or no breakdown by age,_T,Total,PS,Persons,_Z,Not Applicable,_Z,Not Applicable,_Z,Not Applicable,2020,2.4,FAO_CAHD,Cost and Affordability of a Healthy Diet (CoAHD),6,Millions,COUNT,Count (Integer),602,CCYY,A,Normal value,PU,Public
datastructure,WB.DATA360:DS_DATA360(1.2),I,A,Annual,MRT,Mauritania,FAO_CAHD_7006,Number of people unable to afford a healthy diet (million),_T,Total,_T,All age ranges or no breakdown by age,_T,Total,PS,Persons,_Z,Not Applicable,_Z,Not Applicable,_Z,Not Applicable,2021,2.6,FAO_CAHD,Cost and Affordability of a Healthy Diet (CoAHD),6,Millions,COUNT,Count (Integer),602,CCYY,A,Normal value,PU,Public
datastructure,WB.DATA360:DS_DATA360(1.2),I,A,Annual,MRT,Mauritania,FAO_CAHD_7006,Number of people unable to afford a healthy diet (million),_T,Total,_T,All age ranges or no breakdown by age,_T,Total,PS,Persons,_Z,Not Applicable,_Z,Not Applicable,_Z,Not Applicable,2022,2.7,FAO_CAHD,Cost and Affordability of a Healthy Diet (CoAHD),6,Millions,COUNT,Count (Integer),602,CCYY,A,Normal value,PU,Public
datastructure,WB.DATA360:DS_DATA360(1.2),I,A,Annual,MRT,Mauritania,FAO_CAHD_7006,Number of people unable to afford a healthy diet (million),_T,Total,_T,All age ranges or no breakdown by age,_T,Total,PS,Persons,_Z,Not Applicable,_Z,Not Applicable,_Z,Not Applicable,2024,2.7,FAO_CAHD,Cost and Affordability of a Healthy Diet (CoAHD),6,Millions,COUNT,Count (Integer),602,CCYY,A,Normal value,PU,Public
datastructure,WB.DATA360:DS_DATA360(1.2),I,A,Annual,MRT,Mauritania,FAO_CAHD_7006,Number of people unable to afford a healthy diet (million),_T,Total,_T,All age ranges or no breakdown by age,_T,Total,PS,Persons,_Z,Not Applicable,_Z,Not Applicable,_Z,Not Applicable,2023,2.7,FAO_CAHD,Cost and Affordability of a Healthy Diet (CoAHD),6,Millions,COUNT,Count (Integer),602,CCYY,A,Normal value,PU,Public
datastructure,WB.DATA360:DS_DATA360(1.2),I,A,Annual,MRT,Mauritania,FAO_CAHD_7006,Number of people unable to afford a healthy diet (million),_T,Total,_T,All age ranges or no breakdown by age,_T,Total,PS,Persons,_Z,Not Applicable,_Z,Not Applicable,_Z,Not Applicable,2025,2.7,FAO_CAHD,Cost and Affordability of a Healthy Diet (CoAHD),6,Millions,COUNT,Count (Integer),602,CCYY,A,Normal value,PU,Public
datastructure,WB.DATA360:DS_DATA360(1.2),I,A,Annual,LBR,Liberia,FAO_CAHD_7006,Number of people unable to afford a healthy diet (million),_T,Total,_T,All age ranges or no breakdown by age,_T,Total,PS,Persons,_Z,Not Applicable,_Z,Not Applicable,_Z,Not Applicable,2022,3.3,FAO_CAHD,Cost and Affordability of a Healthy Diet (CoAHD),6,Millions,COUNT,Count (Integer),602,CCYY,A,Normal value,PU,Public
datastructure,WB.DATA360:DS_DATA360(1.2),I,A,Annual,LBR,Liberia,FAO_CAHD_7006,Number of people unable to afford a healthy diet (million),_T,Total,_T,All age ranges or no breakdown by age,_T,Total,PS,Persons,_Z,Not Applicable,_Z,Not Applicable,_Z,Not Applicable,2017,3.2,FAO_CAHD,Cost and Affordability of a Healthy Diet (CoAHD),6,Millions,COUNT,Count (Integer),602,CCYY,A,Normal value,PU,Public
datastructure,WB.DATA360:DS_DATA360(1.2),I,A,Annual,LBR,Liberia,FAO_CAHD_7006,Number of people unable to afford a healthy diet (million),_T,Total,_T,All age ranges or no breakdown by age,_T,Total,PS,Persons,_Z,Not Applicable,_Z,Not Applicable,_Z,Not Applicable,2018,3.2,FAO_CAHD,Cost and Affordability of a Healthy Diet (CoAHD),6,Millions,COUNT,Count (Integer),602,CCYY,A,Normal value,PU,Public
datastructure,WB.DATA360:DS_DATA360(1.2),I,A,Annual,LBR,Liberia,FAO_CAHD_7006,Number of people unable to afford a healthy diet (million),_T,Total,_T,All age ranges or no breakdown by age,_T,Total,PS,Persons,_Z,Not Applicable,_Z,Not Applicable,_Z,Not Applicable,2019,3.4,FAO_CAHD,Cost and Affordability of a Healthy Diet (CoAHD),6,Millions,COUNT,Count (Integer),602,CCYY,A,Normal value,PU,Public
datastructure,WB.DATA360:DS_DATA360(1.2),I,A,Annual,LBR,Liberia,FAO_CAHD_7006,Number of people unable to afford a healthy diet (million),_T,Total,_T,All age ranges or no breakdown by age,_T,Total,PS,Persons,_Z,Not Applicable,_Z,Not Applicable,_Z,Not Applicable,2020,3.6,FAO_CAHD,Cost and Affordability of a Healthy Diet (CoAHD),6,Millions,COUNT,Count (Integer),602,CCYY,A,Normal value,PU,Public
datastructure,WB.DATA360:DS_DATA360(1.2),I,A,Annual,LBR,Liberia,FAO_CAHD_7006,Number of people unable to afford a healthy diet (million),_T,Total,_T,All age ranges or no breakdown by age,_T,Total,PS,Persons,_Z,Not Applicable,_Z,Not Applicable,_Z,Not Applicable,2021,3.5,FAO_CAHD,Cost and Affordability of a Healthy Diet (CoAHD),6,Millions,COUNT,Count (Integer),602,CCYY,A,Normal value,PU,Public
datastructure,WB.DATA360:DS_DATA360(1.2),I,A,Annual,LBR,Liberia,FAO_CAHD_7006,Number of people unable to afford a healthy diet (million),_T,Total,_T,All age ranges or no breakdown by age,_T,Total,PS,Persons,_Z,Not Applicable,_Z,Not Applicable,_Z,Not Applicable,2023,3.3,FAO_CAHD,Cost and Affordability of a Healthy Diet (CoAHD),6,Millions,COUNT,Count (Integer),602,CCYY,A,Normal value,PU,Public
datastructure,WB.DATA360:DS_DATA360(1.2),I,A,Annual,LBR,Liberia,FAO_CAHD_7006,Number of people unable to afford a healthy diet (million),_T,Total,_T,All age ranges or no breakdown by age,_T,Total,PS,Persons,_Z,Not Applicable,_Z,Not Applicable,_Z,Not Applicable,2024,3.5,FAO_CAHD,Cost and Affordability of a Healthy Diet (CoAHD),6,Millions,COUNT,Count (Integer),602,CCYY,A,Normal value,PU,Public
datastructure,WB.DATA360:DS_DATA360(1.2),I,A,Annual,LBR,Liberia,FAO_CAHD_7006,Number of people unable to afford a healthy diet (million),_T,Total,_T,All age ranges or no breakdown by age,_T,Total,PS,Persons,_Z,Not Applicable,_Z,Not Applicable,_Z,Not Applicable,2025,3.4,FAO_CAHD,Cost and Affordability of a Healthy Diet (CoAHD),6,Millions,COUNT,Count (Integer),602,CCYY,A,Normal value,PU,Public
datastructure,WB.DATA360:DS_DATA360(1.2),I,A,Annual,LTU,Lithuania,FAO_CAHD_7006,Number of people unable to afford a healthy diet (million),_T,Total,_T,All age ranges or no breakdown by age,_T,Total,PS,Persons,_Z,Not Applicable,_Z,Not Applicable,_Z,Not Applicable,2025,0.3,FAO_CAHD,Cost and Affordability of a Healthy Diet (CoAHD),6,Millions,COUNT,Count (Integer),602,CCYY,A,Normal value,PU,Public
datastructure,WB.DATA360:DS_DATA360(1.2),I,A,Annual,LTU,Lithuania,FAO_CAHD_7006,Number of people unable to afford a healthy diet (million),_T,Total,_T,All age ranges or no breakdown by age,_T,Total,PS,Persons,_Z,Not Applicable,_Z,Not Applicable,_Z,Not Applicable,2024,0.4,FAO_CAHD,Cost and Affordability of a Healthy Diet (CoAHD),6,Millions,COUNT,Count (Integer),602,CCYY,A,Normal value,PU,Public
datastructure,WB.DATA360:DS_DATA360(1.2),I,A,Annual,LTU,Lithuania,FAO_CAHD_7006,Number of people unable to afford a healthy diet (million),_T,Total,_T,All age ranges or no breakdown by age,_T,Total,PS,Persons,_Z,Not Applicable,_Z,Not Applicable,_Z,Not Applicable,2017,0.7,FAO_CAHD,Cost and Affordability of a Healthy Diet (CoAHD),6,Millions,COUNT,Count (Integer),602,CCYY,A,Normal value,PU,Public
datastructure,WB.DATA360:DS_DATA360(1.2),I,A,Annual,LTU,Lithuania,FAO_CAHD_7006,Number of people unable to afford a healthy diet (million),_T,Total,_T,All age ranges or no breakdown by age,_T,Total,PS,Persons,_Z,Not Applicable,_Z,Not Applicable,_Z,Not Applicable,2018,0.5,FAO_CAHD,Cost and Affordability of a Healthy Diet (CoAHD),6,Millions,COUNT,Count (Integer),602,CCYY,A,Normal value,PU,Public
datastructure,WB.DATA360:DS_DATA360(1.2),I,A,Annual,LTU,Lithuania,FAO_CAHD_7006,Number of people unable to afford a healthy diet (million),_T,Total,_T,All age ranges or no breakdown by age,_T,Total,PS,Persons,_Z,Not Applicable,_Z,Not Applicable,_Z,Not Applicable,2019,0.4,FAO_CAHD,Cost and Affordability of a Healthy Diet (CoAHD),6,Millions,COUNT,Count (Integer),602,CCYY,A,Normal value,PU,Public
datastructure,WB.DATA360:DS_DATA360(1.2),I,A,Annual,LTU,Lithuania,FAO_CAHD_7006,Number of people unable to afford a healthy diet (million),_T,Total,_T,All age ranges or no breakdown by age,_T,Total,PS,Persons,_Z,Not Applicable,_Z,Not Applicable,_Z,Not Applicable,2020,0.3,FAO_CAHD,Cost and Affordability of a Healthy Diet (CoAHD),6,Millions,COUNT,Count (Integer),602,CCYY,A,Normal value,PU,Public
datastructure,WB.DATA360:DS_DATA360(1.2),I,A,Annual,LTU,Lithuania,FAO_CAHD_7006,Number of people unable to afford a healthy diet (million),_T,Total,_T,All age ranges or no breakdown by age,_T,Total,PS,Persons,_Z,Not Applicable,_Z,Not Applicable,_Z,Not Applicable,2021,0.3,FAO_CAHD,Cost and Affordability of a Healthy Diet (CoAHD),6,Millions,COUNT,Count (Integer),602,CCYY,A,Normal value,PU,Public
datastructure,WB.DATA360:DS_DATA360(1.2),I,A,Annual,LTU,Lithuania,FAO_CAHD_7006,Number of people unable to afford a healthy diet (million),_T,Total,_T,All age ranges or no breakdown by age,_T,Total,PS,Persons,_Z,Not Applicable,_Z,Not Applicable,_Z,Not Applicable,2022,0.4,FAO_CAHD,Cost and Affordability of a Healthy Diet (CoAHD),6,Millions,COUNT,Count (Integer),602,CCYY,A,Normal value,PU,Public
datastructure,WB.DATA360:DS_DATA360(1.2),I,A,Annual,LTU,Lithuania,FAO_CAHD_7006,Number of people unable to afford a healthy diet (million),_T,Total,_T,All age ranges or no breakdown by age,_T,Total,PS,Persons,_Z,Not Applicable,_Z,Not Applicable,_Z,Not Applicable,2023,0.4,FAO_CAHD,Cost and Affordability of a Healthy Diet (CoAHD),6,Millions,COUNT,Count (Integer),602,CCYY,A,Normal value,PU,Public
datastructure,WB.DATA360:DS_DATA360(1.2),I,A,Annual,LSO,Lesotho,FAO_CAHD_7006,Number of people unable to afford a healthy diet (million),_T,Total,_T,All age ranges or no breakdown by age,_T,Total,PS,Persons,_Z,Not Applicable,_Z,Not Applicable,_Z,Not Applicable,2017,1.5,FAO_CAHD,Cost and Affordability of a Healthy Diet (CoAHD),6,Millions,COUNT,Count (Integer),602,CCYY,A,Normal value,PU,Public
datastructure,WB.DATA360:DS_DATA360(1.2),I,A,Annual,LSO,Lesotho,FAO_CAHD_7006,Number of people unable to afford a healthy diet (million),_T,Total,_T,All age ranges or no breakdown by age,_T,Total,PS,Persons,_Z,Not Applicable,_Z,Not Applicable,_Z,Not Applicable,2018,1.6,FAO_CAHD,Cost and Affordability of a Healthy Diet (CoAHD),6,Millions,COUNT,Count (Integer),602,CCYY,A,Normal value,PU,Public
datastructure,WB.DATA360:DS_DATA360(1.2),I,A,Annual,LSO,Lesotho,FAO_CAHD_7006,Number of people unable to afford a healthy diet (million),_T,Total,_T,All age ranges or no breakdown by age,_T,Total,PS,Persons,_Z,Not Applicable,_Z,Not Applicable,_Z,Not Applicable,2020,1.7,FAO_CAHD,Cost and Affordability of a Healthy Diet (CoAHD),6,Millions,COUNT,Count (Integer),602,CCYY,A,Normal value,PU,Public
datastructure,WB.DATA360:DS_DATA360(1.2),I,A,Annual,LSO,Lesotho,FAO_CAHD_7006,Number of people unable to afford a healthy diet (million),_T,Total,_T,All age ranges or no breakdown by age,_T,Total,PS,Persons,_Z,Not Applicable,_Z,Not Applicable,_Z,Not Applicable,2019,1.6,FAO_CAHD,Cost and Affordability of a Healthy Diet (CoAHD),6,Millions,COUNT,Count (Integer),602,CCYY,A,Normal value,PU,Public
datastructure,WB.DATA360:DS_DATA360(1.2),I,A,Annual,LSO,Lesotho,FAO_CAHD_7006,Number of people unable to afford a healthy diet (million),_T,Total,_T,All age ranges or no breakdown by age,_T,Total,PS,Persons,_Z,Not Applicable,_Z,Not Applicable,_Z,Not Applicable,2021,1.7,FAO_CAHD,Cost and Affordability of a Healthy Diet (CoAHD),6,Millions,COUNT,Count (Integer),602,CCYY,A,Normal value,PU,Public
datastructure,WB.DATA360:DS_DATA360(1.2),I,A,Annual,LSO,Lesotho,FAO_CAHD_7006,Number of people unable to afford a healthy diet (million),_T,Total,_T,All age ranges or no breakdown by age,_T,Total,PS,Persons,_Z,Not Applicable,_Z,Not Applicable,_Z,Not Applicable,2022,1.7,FAO_CAHD,Cost and Affordability of a Healthy Diet (CoAHD),6,Millions,COUNT,Count (Integer),602,CCYY,A,Normal value,PU,Public
datastructure,WB.DATA360:DS_DATA360(1.2),I,A,Annual,LSO,Lesotho,FAO_CAHD_7006,Number of people unable to afford a healthy diet (million),_T,Total,_T,All age ranges or no breakdown by age,_T,Total,PS,Persons,_Z,Not Applicable,_Z,Not Applicable,_Z,Not Applicable,2023,1.8,FAO_CAHD,Cost and Affordability of a Healthy Diet (CoAHD),6,Millions,COUNT,Count (Integer),602,CCYY,A,Normal value,PU,Public
datastructure,WB.DATA360:DS_DATA360(1.2),I,A,Annual,LSO,Lesotho,FAO_CAHD_7006,Number of people unable to afford a healthy diet (million),_T,Total,_T,All age ranges or no breakdown by age,_T,Total,PS,Persons,_Z,Not Applicable,_Z,Not Applicable,_Z,Not Applicable,2024,1.8,FAO_CAHD,Cost and Affordability of a Healthy Diet (CoAHD),6,Millions,COUNT,Count (Integer),602,CCYY,A,Normal value,PU,Public
datastructure,WB.DATA360:DS_DATA360(1.2),I,A,Annual,LSO,Lesotho,FAO_CAHD_7006,Number of people unable to afford a healthy diet (million),_T,Total,_T,All age ranges or no breakdown by age,_T,Total,PS,Persons,_Z,Not Applicable,_Z,Not Applicable,_Z,Not Applicable,2025,1.8,FAO_CAHD,Cost and Affordability of a Healthy Diet (CoAHD),6,Millions,COUNT,Count (Integer),602,CCYY,A,Normal value,PU,Public
datastructure,WB.DATA360:DS_DATA360(1.2),I,A,Annual,MWI,Malawi,FAO_CAHD_7006,Number of people unable to afford a healthy diet (million),_T,Total,_T,All age ranges or no breakdown by age,_T,Total,PS,Persons,_Z,Not Applicable,_Z,Not Applicable,_Z,Not Applicable,2017,15.4,FAO_CAHD,Cost and Affordability of a Healthy Diet (CoAHD),6,Millions,COUNT,Count (Integer),602,CCYY,A,Normal value,PU,Public
datastructure,WB.DATA360:DS_DATA360(1.2),I,A,Annual,MWI,Malawi,FAO_CAHD_7006,Number of people unable to afford a healthy diet (million),_T,Total,_T,All age ranges or no breakdown by age,_T,Total,PS,Persons,_Z,Not Applicable,_Z,Not Applicable,_Z,Not Applicable,2018,16.0,FAO_CAHD,Cost and Affordability of a Healthy Diet (CoAHD),6,Millions,COUNT,Count (Integer),602,CCYY,A,Normal value,PU,Public
datastructure,WB.DATA360:DS_DATA360(1.2),I,A,Annual,MWI,Malawi,FAO_CAHD_7006,Number of people unable to afford a healthy diet (million),_T,Total,_T,All age ranges or no breakdown by age,_T,Total,PS,Persons,_Z,Not Applicable,_Z,Not Applicable,_Z,Not Applicable,2019,16.7,FAO_CAHD,Cost and Affordability of a Healthy Diet (CoAHD),6,Millions,COUNT,Count (Integer),602,CCYY,A,Normal value,PU,Public
datastructure,WB.DATA360:DS_DATA360(1.2),I,A,Annual,MWI,Malawi,FAO_CAHD_7006,Number of people unable to afford a healthy diet (million),_T,Total,_T,All age ranges or no breakdown by age,_T,Total,PS,Persons,_Z,Not Applicable,_Z,Not Applicable,_Z,Not Applicable,2020,17.4,FAO_CAHD,Cost and Affordability of a Healthy Diet (CoAHD),6,Millions,COUNT,Count (Integer),602,CCYY,A,Normal value,PU,Public
datastructure,WB.DATA360:DS_DATA360(1.2),I,A,Annual,MWI,Malawi,FAO_CAHD_7006,Number of people unable to afford a healthy diet (million),_T,Total,_T,All age ranges or no breakdown by age,_T,Total,PS,Persons,_Z,Not Applicable,_Z,Not Applicable,_Z,Not Applicable,2021,17.8,FAO_CAHD,Cost and Affordability of a Healthy Diet (CoAHD),6,Millions,COUNT,Count (Integer),602,CCYY,A,Normal value,PU,Public
datastructure,WB.DATA360:DS_DATA360(1.2),I,A,Annual,MWI,Malawi,FAO_CAHD_7006,Number of people unable to afford a healthy diet (million),_T,Total,_T,All age ranges or no breakdown by age,_T,Total,PS,Persons,_Z,Not Applicable,_Z,Not Applicable,_Z,Not Applicable,2022,18.5,FAO_CAHD,Cost and Affordability of a Healthy Diet (CoAHD),6,Millions,COUNT,Count (Integer),602,CCYY,A,Normal value,PU,Public
datastructure,WB.DATA360:DS_DATA360(1.2),I,A,Annual,MWI,Malawi,FAO_CAHD_7006,Number of people unable to afford a healthy diet (million),_T,Total,_T,All age ranges or no breakdown by age,_T,Total,PS,Persons,_Z,Not Applicable,_Z,Not Applicable,_Z,Not Applicable,2023,19.2,FAO_CAHD,Cost and Affordability of a Healthy Diet (CoAHD),6,Millions,COUNT,Count (Integer),602,CCYY,A,Normal value,PU,Public
datastructure,WB.DATA360:DS_DATA360(1.2),I,A,Annual,MWI,Malawi,FAO_CAHD_7006,Number of people unable to afford a healthy diet (million),_T,Total,_T,All age ranges or no breakdown by age,_T,Total,PS,Persons,_Z,Not Applicable,_Z,Not Applicable,_Z,Not Applicable,2024,19.9,FAO_CAHD,Cost and Affordability of a Healthy Diet (CoAHD),6,Millions,COUNT,Count (Integer),602,CCYY,A,Normal value,PU,Public
datastructure,WB.DATA360:DS_DATA360(1.2),I,A,Annual,MWI,Malawi,FAO_CAHD_7006,Number of people unable to afford a healthy diet (million),_T,Total,_T,All age ranges or no breakdown by age,_T,Total,PS,Persons,_Z,Not Applicable,_Z,Not Applicable,_Z,Not Applicable,2025,20.6,FAO_CAHD,Cost and Affordability of a Healthy Diet (CoAHD),6,Millions,COUNT,Count (Integer),602,CCYY,A,Normal value,PU,Public
datastructure,WB.DATA360:DS_DATA360(1.2),I,A,Annual,LUX,Luxembourg,FAO_CAHD_7006,Number of people unable to afford a healthy diet (million),_T,Total,_T,All age ranges or no breakdown by age,_T,Total,PS,Persons,_Z,Not Applicable,_Z,Not Applicable,_Z,Not Applicable,2020,0.0,FAO_CAHD,Cost and Affordability of a Healthy Diet (CoAHD),6,Millions,COUNT,Count (Integer),602,CCYY,A,Normal value,PU,Public
datastructure,WB.DATA360:DS_DATA360(1.2),I,A,Annual,LUX,Luxembourg,FAO_CAHD_7006,Number of people unable to afford a healthy diet (million),_T,Total,_T,All age ranges or no breakdown by age,_T,Total,PS,Persons,_Z,Not Applicable,_Z,Not Applicable,_Z,Not Applicable,2021,0.0,FAO_CAHD,Cost and Affordability of a Healthy Diet (CoAHD),6,Millions,COUNT,Count (Integer),602,CCYY,A,Normal value,PU,Public
datastructure,WB.DATA360:DS_DATA360(1.2),I,A,Annual,LUX,Luxembourg,FAO_CAHD_7006,Number of people unable to afford a healthy diet (million),_T,Total,_T,All age ranges or no breakdown by age,_T,Total,PS,Persons,_Z,Not Applicable,_Z,Not Applicable,_Z,Not Applicable,2022,0.0,FAO_CAHD,Cost and Affordability of a Healthy Diet (CoAHD),6,Millions,COUNT,Count (Integer),602,CCYY,A,Normal value,PU,Public
datastructure,WB.DATA360:DS_DATA360(1.2),I,A,Annual,LUX,Luxembourg,FAO_CAHD_7006,Number of people unable to afford a healthy diet (million),_T,Total,_T,All age ranges or no breakdown by age,_T,Total,PS,Persons,_Z,Not Applicable,_Z,Not Applicable,_Z,Not Applicable,2023,0.0,FAO_CAHD,Cost and Affordability of a Healthy Diet (CoAHD),6,Millions,COUNT,Count (Integer),602,CCYY,A,Normal value,PU,Public
datastructure,WB.DATA360:DS_DATA360(1.2),I,A,Annual,LUX,Luxembourg,FAO_CAHD_7006,Number of people unable to afford a healthy diet (million),_T,Total,_T,All age ranges or no breakdown by age,_T,Total,PS,Persons,_Z,Not Applicable,_Z,Not Applicable,_Z,Not Applicable,2024,0.0,FAO_CAHD,Cost and Affordability of a Healthy Diet (CoAHD),6,Millions,COUNT,Count (Integer),602,CCYY,A,Normal value,PU,Public
datastructure,WB.DATA360:DS_DATA360(1.2),I,A,Annual,LUX,Luxembourg,FAO_CAHD_7006,Number of people unable to afford a healthy diet (million),_T,Total,_T,All age ranges or no breakdown by age,_T,Total,PS,Persons,_Z,Not Applicable,_Z,Not Applicable,_Z,Not Applicable,2025,0.0,FAO_CAHD,Cost and Affordability of a Healthy Diet (CoAHD),6,Millions,COUNT,Count (Integer),602,CCYY,A,Normal value,PU,Public
datastructure,WB.DATA360:DS_DATA360(1.2),I,A,Annual,LUX,Luxembourg,FAO_CAHD_7006,Number of people unable to afford a healthy diet (million),_T,Total,_T,All age ranges or no breakdown by age,_T,Total,PS,Persons,_Z,Not Applicable,_Z,Not Applicable,_Z,Not Applicable,2018,0.0,FAO_CAHD,Cost and Affordability of a Healthy Diet (CoAHD),6,Millions,COUNT,Count (Integer),602,CCYY,A,Normal value,PU,Public
datastructure,WB.DATA360:DS_DATA360(1.2),I,A,Annual,LUX,Luxembourg,FAO_CAHD_7006,Number of people unable to afford a healthy diet (million),_T,Total,_T,All age ranges or no breakdown by age,_T,Total,PS,Persons,_Z,Not Applicable,_Z,Not Applicable,_Z,Not Applicable,2019,0.0,FAO_CAHD,Cost and Affordability of a Healthy Diet (CoAHD),6,Millions,COUNT,Count (Integer),602,CCYY,A,Normal value,PU,Public
datastructure,WB.DATA360:DS_DATA360(1.2),I,A,Annual,LUX,Luxembourg,FAO_CAHD_7006,Number of people unable to afford a healthy diet (million),_T,Total,_T,All age ranges or no breakdown by age,_T,Total,PS,Persons,_Z,Not Applicable,_Z,Not Applicable,_Z,Not Applicable,2017,0.0,FAO_CAHD,Cost and Affordability of a Healthy Diet (CoAHD),6,Millions,COUNT,Count (Integer),602,CCYY,A,Normal value,PU,Public
datastructure,WB.DATA360:DS_DATA360(1.2),I,A,Annual,MDG,Madagascar,FAO_CAHD_7006,Number of people unable to afford a healthy diet (million),_T,Total,_T,All age ranges or no breakdown by age,_T,Total,PS,Persons,_Z,Not Applicable,_Z,Not Applicable,_Z,Not Applicable,2019,23.4,FAO_CAHD,Cost and Affordability of a Healthy Diet (CoAHD),6,Millions,COUNT,Count (Integer),602,CCYY,A,Normal value,PU,Public
datastructure,WB.DATA360:DS_DATA360(1.2),I,A,Annual,MDG,Madagascar,FAO_CAHD_7006,Number of people unable to afford a healthy diet (million),_T,Total,_T,All age ranges or no breakdown by age,_T,Total,PS,Persons,_Z,Not Applicable,_Z,Not Applicable,_Z,Not Applicable,2017,22.1,FAO_CAHD,Cost and Affordability of a Healthy Diet (CoAHD),6,Millions,COUNT,Count (Integer),602,CCYY,A,Normal value,PU,Public
datastructure,WB.DATA360:DS_DATA360(1.2),I,A,Annual,MDG,Madagascar,FAO_CAHD_7006,Number of people unable to afford a healthy diet (million),_T,Total,_T,All age ranges or no breakdown by age,_T,Total,PS,Persons,_Z,Not Applicable,_Z,Not Applicable,_Z,Not Applicable,2018,22.8,FAO_CAHD,Cost and Affordability of a Healthy Diet (CoAHD),6,Millions,COUNT,Count (Integer),602,CCYY,A,Normal value,PU,Public
datastructure,WB.DATA360:DS_DATA360(1.2),I,A,Annual,MDG,Madagascar,FAO_CAHD_7006,Number of people unable to afford a healthy diet (million),_T,Total,_T,All age ranges or no breakdown by age,_T,Total,PS,Persons,_Z,Not Applicable,_Z,Not Applicable,_Z,Not Applicable,2020,24.7,FAO_CAHD,Cost and Affordability of a Healthy Diet (CoAHD),6,Millions,COUNT,Count (Integer),602,CCYY,A,Normal value,PU,Public
datastructure,WB.DATA360:DS_DATA360(1.2),I,A,Annual,MDG,Madagascar,FAO_CAHD_7006,Number of people unable to afford a healthy diet (million),_T,Total,_T,All age ranges or no breakdown by age,_T,Total,PS,Persons,_Z,Not Applicable,_Z,Not Applicable,_Z,Not Applicable,2021,25.4,FAO_CAHD,Cost and Affordability of a Healthy Diet (CoAHD),6,Millions,COUNT,Count (Integer),602,CCYY,A,Normal value,PU,Public
datastructure,WB.DATA360:DS_DATA360(1.2),I,A,Annual,MDG,Madagascar,FAO_CAHD_7006,Number of people unable to afford a healthy diet (million),_T,Total,_T,All age ranges or no breakdown by age,_T,Total,PS,Persons,_Z,Not Applicable,_Z,Not Applicable,_Z,Not Applicable,2022,26.1,FAO_CAHD,Cost and Affordability of a Healthy Diet (CoAHD),6,Millions,COUNT,Count (Integer),602,CCYY,A,Normal value,PU,Public
datastructure,WB.DATA360:DS_DATA360(1.2),I,A,Annual,MDG,Madagascar,FAO_CAHD_7006,Number of people unable to afford a healthy diet (million),_T,Total,_T,All age ranges or no breakdown by age,_T,Total,PS,Persons,_Z,Not Applicable,_Z,Not Applicable,_Z,Not Applicable,2023,26.8,FAO_CAHD,Cost and Affordability of a Healthy Diet (CoAHD),6,Millions,COUNT,Count (Integer),602,CCYY,A,Normal value,PU,Public
datastructure,WB.DATA360:DS_DATA360(1.2),I,A,Annual,MDG,Madagascar,FAO_CAHD_7006,Number of people unable to afford a healthy diet (million),_T,Total,_T,All age ranges or no breakdown by age,_T,Total,PS,Persons,_Z,Not Applicable,_Z,Not Applicable,_Z,Not Applicable,2024,27.3,FAO_CAHD,Cost and Affordability of a Healthy Diet (CoAHD),6,Millions,COUNT,Count (Integer),602,CCYY,A,Normal value,PU,Public
datastructure,WB.DATA360:DS_DATA360(1.2),I,A,Annual,MDG,Madagascar,FAO_CAHD_7006,Number of people unable to afford a healthy diet (million),_T,Total,_T,All age ranges or no breakdown by age,_T,Total,PS,Persons,_Z,Not Applicable,_Z,Not Applicable,_Z,Not Applicable,2025,27.9,FAO_CAHD,Cost and Affordability of a Healthy Diet (CoAHD),6,Millions,COUNT,Count (Integer),602,CCYY,A,Normal value,PU,Public
datastructure,WB.DATA360:DS_DATA360(1.2),I,A,Annual,FRA,France,FAO_CAHD_7006,Number of people unable to afford a healthy diet (million),_T,Total,_T,All age ranges or no breakdown by age,_T,Total,PS,Persons,_Z,Not Applicable,_Z,Not Applicable,_Z,Not Applicable,2017,1.5,FAO_CAHD,Cost and Affordability of a Healthy Diet (CoAHD),6,Millions,COUNT,Count (Integer),602,CCYY,A,Normal value,PU,Public
datastructure,WB.DATA360:DS_DATA360(1.2),I,A,Annual,FRA,France,FAO_CAHD_7006,Number of people unable to afford a healthy diet (million),_T,Total,_T,All age ranges or no breakdown by age,_T,Total,PS,Persons,_Z,Not Applicable,_Z,Not Applicable,_Z,Not Applicable,2018,1.6,FAO_CAHD,Cost and Affordability of a Healthy Diet (CoAHD),6,Millions,COUNT,Count (Integer),602,CCYY,A,Normal value,PU,Public
datastructure,WB.DATA360:DS_DATA360(1.2),I,A,Annual,FRA,France,FAO_CAHD_7006,Number of people unable to afford a healthy diet (million),_T,Total,_T,All age ranges or no breakdown by age,_T,Total,PS,Persons,_Z,Not Applicable,_Z,Not Applicable,_Z,Not Applicable,2019,2.5,FAO_CAHD,Cost and Affordability of a Healthy Diet (CoAHD),6,Millions,COUNT,Count (Integer),602,CCYY,A,Normal value,PU,Public
datastructure,WB.DATA360:DS_DATA360(1.2),I,A,Annual,FRA,France,FAO_CAHD_7006,Number of people unable to afford a healthy diet (million),_T,Total,_T,All age ranges or no breakdown by age,_T,Total,PS,Persons,_Z,Not Applicable,_Z,Not Applicable,_Z,Not Applicable,2020,2.1,FAO_CAHD,Cost and Affordability of a Healthy Diet (CoAHD),6,Millions,COUNT,Count (Integer),602,CCYY,A,Normal value,PU,Public
datastructure,WB.DATA360:DS_DATA360(1.2),I,A,Annual,FRA,France,FAO_CAHD_7006,Number of people unable to afford a healthy diet (million),_T,Total,_T,All age ranges or no breakdown by age,_T,Total,PS,Persons,_Z,Not Applicable,_Z,Not Applicable,_Z,Not Applicable,2021,2.4,FAO_CAHD,Cost and Affordability of a Healthy Diet (CoAHD),6,Millions,COUNT,Count (Integer),602,CCYY,A,Normal value,PU,Public
datastructure,WB.DATA360:DS_DATA360(1.2),I,A,Annual,FRA,France,FAO_CAHD_7006,Number of people unable to afford a healthy diet (million),_T,Total,_T,All age ranges or no breakdown by age,_T,Total,PS,Persons,_Z,Not Applicable,_Z,Not Applicable,_Z,Not Applicable,2022,2.3,FAO_CAHD,Cost and Affordability of a Healthy Diet (CoAHD),6,Millions,COUNT,Count (Integer),602,CCYY,A,Normal value,PU,Public
datastructure,WB.DATA360:DS_DATA360(1.2),I,A,Annual,FRA,France,FAO_CAHD_7006,Number of people unable to afford a healthy diet (million),_T,Total,_T,All age ranges or no breakdown by age,_T,Total,PS,Persons,_Z,Not Applicable,_Z,Not Applicable,_Z,Not Applicable,2023,2.4,FAO_CAHD,Cost and Affordability of a Healthy Diet (CoAHD),6,Millions,COUNT,Count (Integer),602,CCYY,A,Normal value,PU,Public
datastructure,WB.DATA360:DS_DATA360(1.2),I,A,Annual,FRA,France,FAO_CAHD_7006,Number of people unable to afford a healthy diet (million),_T,Total,_T,All age ranges or no breakdown by age,_T,Total,PS,Persons,_Z,Not Applicable,_Z,Not Applicable,_Z,Not Applicable,2024,2.4,FAO_CAHD,Cost and Affordability of a Healthy Diet (CoAHD),6,Millions,COUNT,Count (Integer),602,CCYY,A,Normal value,PU,Public
datastructure,WB.DATA360:DS_DATA360(1.2),I,A,Annual,FRA,France,FAO_CAHD_7006,Number of people unable to afford a healthy diet (million),_T,Total,_T,All age ranges or no breakdown by age,_T,Total,PS,Persons,_Z,Not Applicable,_Z,Not Applicable,_Z,Not Applicable,2025,2.4,FAO_CAHD,Cost and Affordability of a Healthy Diet (CoAHD),6,Millions,COUNT,Count (Integer),602,CCYY,A,Normal value,PU,Public
datastructure,WB.DATA360:DS_DATA360(1.2),I,A,Annual,FJI,Fiji,FAO_CAHD_7006,Number of people unable to afford a healthy diet (million),_T,Total,_T,All age ranges or no breakdown by age,_T,Total,PS,Persons,_Z,Not Applicable,_Z,Not Applicable,_Z,Not Applicable,2022,0.6,FAO_CAHD,Cost and Affordability of a Healthy Diet (CoAHD),6,Millions,COUNT,Count (Integer),602,CCYY,A,Normal value,PU,Public
datastructure,WB.DATA360:DS_DATA360(1.2),I,A,Annual,FJI,Fiji,FAO_CAHD_7006,Number of people unable to afford a healthy diet (million),_T,Total,_T,All age ranges or no breakdown by age,_T,Total,PS,Persons,_Z,Not Applicable,_Z,Not Applicable,_Z,Not Applicable,2023,0.6,FAO_CAHD,Cost and Affordability of a Healthy Diet (CoAHD),6,Millions,COUNT,Count (Integer),602,CCYY,A,Normal value,PU,Public
datastructure,WB.DATA360:DS_DATA360(1.2),I,A,Annual,FJI,Fiji,FAO_CAHD_7006,Number of people unable to afford a healthy diet (million),_T,Total,_T,All age ranges or no breakdown by age,_T,Total,PS,Persons,_Z,Not Applicable,_Z,Not Applicable,_Z,Not Applicable,2024,0.6,FAO_CAHD,Cost and Affordability of a Healthy Diet (CoAHD),6,Millions,COUNT,Count (Integer),602,CCYY,A,Normal value,PU,Public
datastructure,WB.DATA360:DS_DATA360(1.2),I,A,Annual,FJI,Fiji,FAO_CAHD_7006,Number of people unable to afford a healthy diet (million),_T,Total,_T,All age ranges or no breakdown by age,_T,Total,PS,Persons,_Z,Not Applicable,_Z,Not Applicable,_Z,Not Applicable,2025,0.5,FAO_CAHD,Cost and Affordability of a Healthy Diet (CoAHD),6,Millions,COUNT,Count (Integer),602,CCYY,A,Normal value,PU,Public
datastructure,WB.DATA360:DS_DATA360(1.2),I,A,Annual,FJI,Fiji,FAO_CAHD_7006,Number of people unable to afford a healthy diet (million),_T,Total,_T,All age ranges or no breakdown by age,_T,Total,PS,Persons,_Z,Not Applicable,_Z,Not Applicable,_Z,Not Applicable,2021,0.6,FAO_CAHD,Cost and Affordability of a Healthy Diet (CoAHD),6,Millions,COUNT,Count (Integer),602,CCYY,A,Normal value,PU,Public
datastructure,WB.DATA360:DS_DATA360(1.2),I,A,Annual,FJI,Fiji,FAO_CAHD_7006,Number of people unable to afford a healthy diet (million),_T,Total,_T,All age ranges or no breakdown by age,_T,Total,PS,Persons,_Z,Not Applicable,_Z,Not Applicable,_Z,Not Applicable,2020,0.6,FAO_CAHD,Cost and Affordability of a Healthy Diet (CoAHD),6,Millions,COUNT,Count (Integer),602,CCYY,A,Normal value,PU,Public
datastructure,WB.DATA360:DS_DATA360(1.2),I,A,Annual,FJI,Fiji,FAO_CAHD_7006,Number of people unable to afford a healthy diet (million),_T,Total,_T,All age ranges or no breakdown by age,_T,Total,PS,Persons,_Z,Not Applicable,_Z,Not Applicable,_Z,Not Applicable,2019,0.5,FAO_CAHD,Cost and Affordability of a Healthy Diet (CoAHD),6,Millions,COUNT,Count (Integer),602,CCYY,A,Normal value,PU,Public
datastructure,WB.DATA360:DS_DATA360(1.2),I,A,Annual,FJI,Fiji,FAO_CAHD_7006,Number of people unable to afford a healthy diet (million),_T,Total,_T,All age ranges or no breakdown by age,_T,Total,PS,Persons,_Z,Not Applicable,_Z,Not Applicable,_Z,Not Applicable,2018,0.5,FAO_CAHD,Cost and Affordability of a Healthy Diet (CoAHD),6,Millions,COUNT,Count (Integer),602,CCYY,A,Normal value,PU,Public
datastructure,WB.DATA360:DS_DATA360(1.2),I,A,Annual,FJI,Fiji,FAO_CAHD_7006,Number of people unable to afford a healthy diet (million),_T,Total,_T,All age ranges or no breakdown by age,_T,Total,PS,Persons,_Z,Not Applicable,_Z,Not Applicable,_Z,Not Applicable,2017,0.5,FAO_CAHD,Cost and Affordability of a Healthy Diet (CoAHD),6,Millions,COUNT,Count (Integer),602,CCYY,A,Normal value,PU,Public
datastructure,WB.DATA360:DS_DATA360(1.2),I,A,Annual,FIN,Finland,FAO_CAHD_7006,Number of people unable to afford a healthy diet (million),_T,Total,_T,All age ranges or no breakdown by age,_T,Total,PS,Persons,_Z,Not Applicable,_Z,Not Applicable,_Z,Not Applicable,2022,0.1,FAO_CAHD,Cost and Affordability of a Healthy Diet (CoAHD),6,Millions,COUNT,Count (Integer),602,CCYY,A,Normal value,PU,Public
datastructure,WB.DATA360:DS_DATA360(1.2),I,A,Annual,FIN,Finland,FAO_CAHD_7006,Number of people unable to afford a healthy diet (million),_T,Total,_T,All age ranges or no breakdown by age,_T,Total,PS,Persons,_Z,Not Applicable,_Z,Not Applicable,_Z,Not Applicable,2017,0.1,FAO_CAHD,Cost and Affordability of a Healthy Diet (CoAHD),6,Millions,COUNT,Count (Integer),602,CCYY,A,Normal value,PU,Public
datastructure,WB.DATA360:DS_DATA360(1.2),I,A,Annual,FIN,Finland,FAO_CAHD_7006,Number of people unable to afford a healthy diet (million),_T,Total,_T,All age ranges or no breakdown by age,_T,Total,PS,Persons,_Z,Not Applicable,_Z,Not Applicable,_Z,Not Applicable,2018,0.1,FAO_CAHD,Cost and Affordability of a Healthy Diet (CoAHD),6,Millions,COUNT,Count (Integer),602,CCYY,A,Normal value,PU,Public
datastructure,WB.DATA360:DS_DATA360(1.2),I,A,Annual,FIN,Finland,FAO_CAHD_7006,Number of people unable to afford a healthy diet (million),_T,Total,_T,All age ranges or no breakdown by age,_T,Total,PS,Persons,_Z,Not Applicable,_Z,Not Applicable,_Z,Not Applicable,2019,0.1,FAO_CAHD,Cost and Affordability of a Healthy Diet (CoAHD),6,Millions,COUNT,Count (Integer),602,CCYY,A,Normal value,PU,Public
datastructure,WB.DATA360:DS_DATA360(1.2),I,A,Annual,FIN,Finland,FAO_CAHD_7006,Number of people unable to afford a healthy diet (million),_T,Total,_T,All age ranges or no breakdown by age,_T,Total,PS,Persons,_Z,Not Applicable,_Z,Not Applicable,_Z,Not Applicable,2020,0.0,FAO_CAHD,Cost and Affordability of a Healthy Diet (CoAHD),6,Millions,COUNT,Count (Integer),602,CCYY,A,Normal value,PU,Public
datastructure,WB.DATA360:DS_DATA360(1.2),I,A,Annual,FIN,Finland,FAO_CAHD_7006,Number of people unable to afford a healthy diet (million),_T,Total,_T,All age ranges or no breakdown by age,_T,Total,PS,Persons,_Z,Not Applicable,_Z,Not Applicable,_Z,Not Applicable,2021,0.1,FAO_CAHD,Cost and Affordability of a Healthy Diet (CoAHD),6,Millions,COUNT,Count (Integer),602,CCYY,A,Normal value,PU,Public
datastructure,WB.DATA360:DS_DATA360(1.2),I,A,Annual,FIN,Finland,FAO_CAHD_7006,Number of people unable to afford a healthy diet (million),_T,Total,_T,All age ranges or no breakdown by age,_T,Total,PS,Persons,_Z,Not Applicable,_Z,Not Applicable,_Z,Not Applicable,2023,0.1,FAO_CAHD,Cost and Affordability of a Healthy Diet (CoAHD),6,Millions,COUNT,Count (Integer),602,CCYY,A,Normal value,PU,Public
datastructure,WB.DATA360:DS_DATA360(1.2),I,A,Annual,FIN,Finland,FAO_CAHD_7006,Number of people unable to afford a healthy diet (million),_T,Total,_T,All age ranges or no breakdown by age,_T,Total,PS,Persons,_Z,Not Applicable,_Z,Not Applicable,_Z,Not Applicable,2024,0.1,FAO_CAHD,Cost and Affordability of a Healthy Diet (CoAHD),6,Millions,COUNT,Count (Integer),602,CCYY,A,Normal value,PU,Public
datastructure,WB.DATA360:DS_DATA360(1.2),I,A,Annual,FIN,Finland,FAO_CAHD_7006,Number of people unable to afford a healthy diet (million),_T,Total,_T,All age ranges or no breakdown by age,_T,Total,PS,Persons,_Z,Not Applicable,_Z,Not Applicable,_Z,Not Applicable,2025,0.1,FAO_CAHD,Cost and Affordability of a Healthy Diet (CoAHD),6,Millions,COUNT,Count (Integer),602,CCYY,A,Normal value,PU,Public
datastructure,WB.DATA360:DS_DATA360(1.2),I,A,Annual,GAB,Gabon,FAO_CAHD_7006,Number of people unable to afford a healthy diet (million),_T,Total,_T,All age ranges or no breakdown by age,_T,Total,PS,Persons,_Z,Not Applicable,_Z,Not Applicable,_Z,Not Applicable,2017,0.7,FAO_CAHD,Cost and Affordability of a Healthy Diet (CoAHD),6,Millions,COUNT,Count (Integer),602,CCYY,A,Normal value,PU,Public
datastructure,WB.DATA360:DS_DATA360(1.2),I,A,Annual,GAB,Gabon,FAO_CAHD_7006,Number of people unable to afford a healthy diet (million),_T,Total,_T,All age ranges or no breakdown by age,_T,Total,PS,Persons,_Z,Not Applicable,_Z,Not Applicable,_Z,Not Applicable,2018,0.7,FAO_CAHD,Cost and Affordability of a Healthy Diet (CoAHD),6,Millions,COUNT,Count (Integer),602,CCYY,A,Normal value,PU,Public
datastructure,WB.DATA360:DS_DATA360(1.2),I,A,Annual,GAB,Gabon,FAO_CAHD_7006,Number of people unable to afford a healthy diet (million),_T,Total,_T,All age ranges or no breakdown by age,_T,Total,PS,Persons,_Z,Not Applicable,_Z,Not Applicable,_Z,Not Applicable,2019,0.8,FAO_CAHD,Cost and Affordability of a Healthy Diet (CoAHD),6,Millions,COUNT,Count (Integer),602,CCYY,A,Normal value,PU,Public
datastructure,WB.DATA360:DS_DATA360(1.2),I,A,Annual,DEU,Germany,FAO_CAHD_7006,Number of people unable to afford a healthy diet (million),_T,Total,_T,All age ranges or no breakdown by age,_T,Total,PS,Persons,_Z,Not Applicable,_Z,Not Applicable,_Z,Not Applicable,2024,4.5,FAO_CAHD,Cost and Affordability of a Healthy Diet (CoAHD),6,Millions,COUNT,Count (Integer),602,CCYY,A,Normal value,PU,Public
datastructure,WB.DATA360:DS_DATA360(1.2),I,A,Annual,DEU,Germany,FAO_CAHD_7006,Number of people unable to afford a healthy diet (million),_T,Total,_T,All age ranges or no breakdown by age,_T,Total,PS,Persons,_Z,Not Applicable,_Z,Not Applicable,_Z,Not Applicable,2025,4.5,FAO_CAHD,Cost and Affordability of a Healthy Diet (CoAHD),6,Millions,COUNT,Count (Integer),602,CCYY,A,Normal value,PU,Public
datastructure,WB.DATA360:DS_DATA360(1.2),I,A,Annual,DEU,Germany,FAO_CAHD_7006,Number of people unable to afford a healthy diet (million),_T,Total,_T,All age ranges or no breakdown by age,_T,Total,PS,Persons,_Z,Not Applicable,_Z,Not Applicable,_Z,Not Applicable,2023,4.4,FAO_CAHD,Cost and Affordability of a Healthy Diet (CoAHD),6,Millions,COUNT,Count (Integer),602,CCYY,A,Normal value,PU,Public
datastructure,WB.DATA360:DS_DATA360(1.2),I,A,Annual,DEU,Germany,FAO_CAHD_7006,Number of people unable to afford a healthy diet (million),_T,Total,_T,All age ranges or no breakdown by age,_T,Total,PS,Persons,_Z,Not Applicable,_Z,Not Applicable,_Z,Not Applicable,2022,4.2,FAO_CAHD,Cost and Affordability of a Healthy Diet (CoAHD),6,Millions,COUNT,Count (Integer),602,CCYY,A,Normal value,PU,Public
datastructure,WB.DATA360:DS_DATA360(1.2),I,A,Annual,DEU,Germany,FAO_CAHD_7006,Number of people unable to afford a healthy diet (million),_T,Total,_T,All age ranges or no breakdown by age,_T,Total,PS,Persons,_Z,Not Applicable,_Z,Not Applicable,_Z,Not Applicable,2021,3.0,FAO_CAHD,Cost and Affordability of a Healthy Diet (CoAHD),6,Millions,COUNT,Count (Integer),602,CCYY,A,Normal value,PU,Public
datastructure,WB.DATA360:DS_DATA360(1.2),I,A,Annual,DEU,Germany,FAO_CAHD_7006,Number of people unable to afford a healthy diet (million),_T,Total,_T,All age ranges or no breakdown by age,_T,Total,PS,Persons,_Z,Not Applicable,_Z,Not Applicable,_Z,Not Applicable,2020,2.1,FAO_CAHD,Cost and Affordability of a Healthy Diet (CoAHD),6,Millions,COUNT,Count (Integer),602,CCYY,A,Normal value,PU,Public
datastructure,WB.DATA360:DS_DATA360(1.2),I,A,Annual,DEU,Germany,FAO_CAHD_7006,Number of people unable to afford a healthy diet (million),_T,Total,_T,All age ranges or no breakdown by age,_T,Total,PS,Persons,_Z,Not Applicable,_Z,Not Applicable,_Z,Not Applicable,2017,2.3,FAO_CAHD,Cost and Affordability of a Healthy Diet (CoAHD),6,Millions,COUNT,Count (Integer),602,CCYY,A,Normal value,PU,Public
datastructure,WB.DATA360:DS_DATA360(1.2),I,A,Annual,DEU,Germany,FAO_CAHD_7006,Number of people unable to afford a healthy diet (million),_T,Total,_T,All age ranges or no breakdown by age,_T,Total,PS,Persons,_Z,Not Applicable,_Z,Not Applicable,_Z,Not Applicable,2018,2.0,FAO_CAHD,Cost and Affordability of a Healthy Diet (CoAHD),6,Millions,COUNT,Count (Integer),602,CCYY,A,Normal value,PU,Public
datastructure,WB.DATA360:DS_DATA360(1.2),I,A,Annual,DEU,Germany,FAO_CAHD_7006,Number of people unable to afford a healthy diet (million),_T,Total,_T,All age ranges or no breakdown by age,_T,Total,PS,Persons,_Z,Not Applicable,_Z,Not Applicable,_Z,Not Applicable,2019,2.2,FAO_CAHD,Cost and Affordability of a Healthy Diet (CoAHD),6,Millions,COUNT,Count (Integer),602,CCYY,A,Normal value,PU,Public
datastructure,WB.DATA360:DS_DATA360(1.2),I,A,Annual,GHA,Ghana,FAO_CAHD_7006,Number of people unable to afford a healthy diet (million),_T,Total,_T,All age ranges or no breakdown by age,_T,Total,PS,Persons,_Z,Not Applicable,_Z,Not Applicable,_Z,Not Applicable,2024,22.6,FAO_CAHD,Cost and Affordability of a Healthy Diet (CoAHD),6,Millions,COUNT,Count (Integer),602,CCYY,A,Normal value,PU,Public
datastructure,WB.DATA360:DS_DATA360(1.2),I,A,Annual,GHA,Ghana,FAO_CAHD_7006,Number of people unable to afford a healthy diet (million),_T,Total,_T,All age ranges or no breakdown by age,_T,Total,PS,Persons,_Z,Not Applicable,_Z,Not Applicable,_Z,Not Applicable,2017,20.2,FAO_CAHD,Cost and Affordability of a Healthy Diet (CoAHD),6,Millions,COUNT,Count (Integer),602,CCYY,A,Normal value,PU,Public
datastructure,WB.DATA360:DS_DATA360(1.2),I,A,Annual,GHA,Ghana,FAO_CAHD_7006,Number of people unable to afford a healthy diet (million),_T,Total,_T,All age ranges or no breakdown by age,_T,Total,PS,Persons,_Z,Not Applicable,_Z,Not Applicable,_Z,Not Applicable,2018,20.2,FAO_CAHD,Cost and Affordability of a Healthy Diet (CoAHD),6,Millions,COUNT,Count (Integer),602,CCYY,A,Normal value,PU,Public
datastructure,WB.DATA360:DS_DATA360(1.2),I,A,Annual,GHA,Ghana,FAO_CAHD_7006,Number of people unable to afford a healthy diet (million),_T,Total,_T,All age ranges or no breakdown by age,_T,Total,PS,Persons,_Z,Not Applicable,_Z,Not Applicable,_Z,Not Applicable,2019,20.3,FAO_CAHD,Cost and Affordability of a Healthy Diet (CoAHD),6,Millions,COUNT,Count (Integer),602,CCYY,A,Normal value,PU,Public
datastructure,WB.DATA360:DS_DATA360(1.2),I,A,Annual,GHA,Ghana,FAO_CAHD_7006,Number of people unable to afford a healthy diet (million),_T,Total,_T,All age ranges or no breakdown by age,_T,Total,PS,Persons,_Z,Not Applicable,_Z,Not Applicable,_Z,Not Applicable,2020,20.9,FAO_CAHD,Cost and Affordability of a Healthy Diet (CoAHD),6,Millions,COUNT,Count (Integer),602,CCYY,A,Normal value,PU,Public
datastructure,WB.DATA360:DS_DATA360(1.2),I,A,Annual,GHA,Ghana,FAO_CAHD_7006,Number of people unable to afford a healthy diet (million),_T,Total,_T,All age ranges or no breakdown by age,_T,Total,PS,Persons,_Z,Not Applicable,_Z,Not Applicable,_Z,Not Applicable,2021,21.1,FAO_CAHD,Cost and Affordability of a Healthy Diet (CoAHD),6,Millions,COUNT,Count (Integer),602,CCYY,A,Normal value,PU,Public
datastructure,WB.DATA360:DS_DATA360(1.2),I,A,Annual,GHA,Ghana,FAO_CAHD_7006,Number of people unable to afford a healthy diet (million),_T,Total,_T,All age ranges or no breakdown by age,_T,Total,PS,Persons,_Z,Not Applicable,_Z,Not Applicable,_Z,Not Applicable,2022,21.5,FAO_CAHD,Cost and Affordability of a Healthy Diet (CoAHD),6,Millions,COUNT,Count (Integer),602,CCYY,A,Normal value,PU,Public
datastructure,WB.DATA360:DS_DATA360(1.2),I,A,Annual,GHA,Ghana,FAO_CAHD_7006,Number of people unable to afford a healthy diet (million),_T,Total,_T,All age ranges or no breakdown by age,_T,Total,PS,Persons,_Z,Not Applicable,_Z,Not Applicable,_Z,Not Applicable,2023,22.4,FAO_CAHD,Cost and Affordability of a Healthy Diet (CoAHD),6,Millions,COUNT,Count (Integer),602,CCYY,A,Normal value,PU,Public
datastructure,WB.DATA360:DS_DATA360(1.2),I,A,Annual,GHA,Ghana,FAO_CAHD_7006,Number of people unable to afford a healthy diet (million),_T,Total,_T,All age ranges or no breakdown by age,_T,Total,PS,Persons,_Z,Not Applicable,_Z,Not Applicable,_Z,Not Applicable,2025,23.1,FAO_CAHD,Cost and Affordability of a Healthy Diet (CoAHD),6,Millions,COUNT,Count (Integer),602,CCYY,A,Normal value,PU,Public
datastructure,WB.DATA360:DS_DATA360(1.2),I,A,Annual,GAB,Gabon,FAO_CAHD_7006,Number of people unable to afford a healthy diet (million),_T,Total,_T,All age ranges or no breakdown by age,_T,Total,PS,Persons,_Z,Not Applicable,_Z,Not Applicable,_Z,Not Applicable,2020,0.8,FAO_CAHD,Cost and Affordability of a Healthy Diet (CoAHD),6,Millions,COUNT,Count (Integer),602,CCYY,A,Normal value,PU,Public
datastructure,WB.DATA360:DS_DATA360(1.2),I,A,Annual,GAB,Gabon,FAO_CAHD_7006,Number of people unable to afford a healthy diet (million),_T,Total,_T,All age ranges or no breakdown by age,_T,Total,PS,Persons,_Z,Not Applicable,_Z,Not Applicable,_Z,Not Applicable,2021,0.9,FAO_CAHD,Cost and Affordability of a Healthy Diet (CoAHD),6,Millions,COUNT,Count (Integer),602,CCYY,A,Normal value,PU,Public
datastructure,WB.DATA360:DS_DATA360(1.2),I,A,Annual,GAB,Gabon,FAO_CAHD_7006,Number of people unable to afford a healthy diet (million),_T,Total,_T,All age ranges or no breakdown by age,_T,Total,PS,Persons,_Z,Not Applicable,_Z,Not Applicable,_Z,Not Applicable,2022,0.9,FAO_CAHD,Cost and Affordability of a Healthy Diet (CoAHD),6,Millions,COUNT,Count (Integer),602,CCYY,A,Normal value,PU,Public
datastructure,WB.DATA360:DS_DATA360(1.2),I,A,Annual,GAB,Gabon,FAO_CAHD_7006,Number of people unable to afford a healthy diet (million),_T,Total,_T,All age ranges or no breakdown by age,_T,Total,PS,Persons,_Z,Not Applicable,_Z,Not Applicable,_Z,Not Applicable,2023,1.0,FAO_CAHD,Cost and Affordability of a Healthy Diet (CoAHD),6,Millions,COUNT,Count (Integer),602,CCYY,A,Normal value,PU,Public
datastructure,WB.DATA360:DS_DATA360(1.2),I,A,Annual,GAB,Gabon,FAO_CAHD_7006,Number of people unable to afford a healthy diet (million),_T,Total,_T,All age ranges or no breakdown by age,_T,Total,PS,Persons,_Z,Not Applicable,_Z,Not Applicable,_Z,Not Applicable,2024,1.0,FAO_CAHD,Cost and Affordability of a Healthy Diet (CoAHD),6,Millions,COUNT,Count (Integer),602,CCYY,A,Normal value,PU,Public
datastructure,WB.DATA360:DS_DATA360(1.2),I,A,Annual,GAB,Gabon,FAO_CAHD_7006,Number of people unable to afford a healthy diet (million),_T,Total,_T,All age ranges or no breakdown by age,_T,Total,PS,Persons,_Z,Not Applicable,_Z,Not Applicable,_Z,Not Applicable,2025,1.0,FAO_CAHD,Cost and Affordability of a Healthy Diet (CoAHD),6,Millions,COUNT,Count (Integer),602,CCYY,A,Normal value,PU,Public
datastructure,WB.DATA360:DS_DATA360(1.2),I,A,Annual,GMB,"Gambia, The",FAO_CAHD_7006,Number of people unable to afford a healthy diet (million),_T,Total,_T,All age ranges or no breakdown by age,_T,Total,PS,Persons,_Z,Not Applicable,_Z,Not Applicable,_Z,Not Applicable,2019,1.0,FAO_CAHD,Cost and Affordability of a Healthy Diet (CoAHD),6,Millions,COUNT,Count (Integer),602,CCYY,A,Normal value,PU,Public
datastructure,WB.DATA360:DS_DATA360(1.2),I,A,Annual,GMB,"Gambia, The",FAO_CAHD_7006,Number of people unable to afford a healthy diet (million),_T,Total,_T,All age ranges or no breakdown by age,_T,Total,PS,Persons,_Z,Not Applicable,_Z,Not Applicable,_Z,Not Applicable,2017,1.0,FAO_CAHD,Cost and Affordability of a Healthy Diet (CoAHD),6,Millions,COUNT,Count (Integer),602,CCYY,A,Normal value,PU,Public
datastructure,WB.DATA360:DS_DATA360(1.2),I,A,Annual,GMB,"Gambia, The",FAO_CAHD_7006,Number of people unable to afford a healthy diet (million),_T,Total,_T,All age ranges or no breakdown by age,_T,Total,PS,Persons,_Z,Not Applicable,_Z,Not Applicable,_Z,Not Applicable,2018,1.0,FAO_CAHD,Cost and Affordability of a Healthy Diet (CoAHD),6,Millions,COUNT,Count (Integer),602,CCYY,A,Normal value,PU,Public
datastructure,WB.DATA360:DS_DATA360(1.2),I,A,Annual,GMB,"Gambia, The",FAO_CAHD_7006,Number of people unable to afford a healthy diet (million),_T,Total,_T,All age ranges or no breakdown by age,_T,Total,PS,Persons,_Z,Not Applicable,_Z,Not Applicable,_Z,Not Applicable,2020,1.1,FAO_CAHD,Cost and Affordability of a Healthy Diet (CoAHD),6,Millions,COUNT,Count (Integer),602,CCYY,A,Normal value,PU,Public
datastructure,WB.DATA360:DS_DATA360(1.2),I,A,Annual,GMB,"Gambia, The",FAO_CAHD_7006,Number of people unable to afford a healthy diet (million),_T,Total,_T,All age ranges or no breakdown by age,_T,Total,PS,Persons,_Z,Not Applicable,_Z,Not Applicable,_Z,Not Applicable,2021,1.2,FAO_CAHD,Cost and Affordability of a Healthy Diet (CoAHD),6,Millions,COUNT,Count (Integer),602,CCYY,A,Normal value,PU,Public
datastructure,WB.DATA360:DS_DATA360(1.2),I,A,Annual,GMB,"Gambia, The",FAO_CAHD_7006,Number of people unable to afford a healthy diet (million),_T,Total,_T,All age ranges or no breakdown by age,_T,Total,PS,Persons,_Z,Not Applicable,_Z,Not Applicable,_Z,Not Applicable,2022,1.2,FAO_CAHD,Cost and Affordability of a Healthy Diet (CoAHD),6,Millions,COUNT,Count (Integer),602,CCYY,A,Normal value,PU,Public
datastructure,WB.DATA360:DS_DATA360(1.2),I,A,Annual,GMB,"Gambia, The",FAO_CAHD_7006,Number of people unable to afford a healthy diet (million),_T,Total,_T,All age ranges or no breakdown by age,_T,Total,PS,Persons,_Z,Not Applicable,_Z,Not Applicable,_Z,Not Applicable,2023,1.2,FAO_CAHD,Cost and Affordability of a Healthy Diet (CoAHD),6,Millions,COUNT,Count (Integer),602,CCYY,A,Normal value,PU,Public
datastructure,WB.DATA360:DS_DATA360(1.2),I,A,Annual,GMB,"Gambia, The",FAO_CAHD_7006,Number of people unable to afford a healthy diet (million),_T,Total,_T,All age ranges or no breakdown by age,_T,Total,PS,Persons,_Z,Not Applicable,_Z,Not Applicable,_Z,Not Applicable,2024,1.2,FAO_CAHD,Cost and Affordability of a Healthy Diet (CoAHD),6,Millions,COUNT,Count (Integer),602,CCYY,A,Normal value,PU,Public
datastructure,WB.DATA360:DS_DATA360(1.2),I,A,Annual,GMB,"Gambia, The",FAO_CAHD_7006,Number of people unable to afford a healthy diet (million),_T,Total,_T,All age ranges or no breakdown by age,_T,Total,PS,Persons,_Z,Not Applicable,_Z,Not Applicable,_Z,Not Applicable,2025,1.2,FAO_CAHD,Cost and Affordability of a Healthy Diet (CoAHD),6,Millions,COUNT,Count (Integer),602,CCYY,A,Normal value,PU,Public
datastructure,WB.DATA360:DS_DATA360(1.2),I,A,Annual,EGY,"Egypt, Arab Rep.",FAO_CAHD_7006,Number of people unable to afford a healthy diet (million),_T,Total,_T,All age ranges or no breakdown by age,_T,Total,PS,Persons,_Z,Not Applicable,_Z,Not Applicable,_Z,Not Applicable,2020,33.9,FAO_CAHD,Cost and Affordability of a Healthy Diet (CoAHD),6,Millions,COUNT,Count (Integer),602,CCYY,A,Normal value,PU,Public
datastructure,WB.DATA360:DS_DATA360(1.2),I,A,Annual,EGY,"Egypt, Arab Rep.",FAO_CAHD_7006,Number of people unable to afford a healthy diet (million),_T,Total,_T,All age ranges or no breakdown by age,_T,Total,PS,Persons,_Z,Not Applicable,_Z,Not Applicable,_Z,Not Applicable,2021,31.2,FAO_CAHD,Cost and Affordability of a Healthy Diet (CoAHD),6,Millions,COUNT,Count (Integer),602,CCYY,A,Normal value,PU,Public
datastructure,WB.DATA360:DS_DATA360(1.2),I,A,Annual,EGY,"Egypt, Arab Rep.",FAO_CAHD_7006,Number of people unable to afford a healthy diet (million),_T,Total,_T,All age ranges or no breakdown by age,_T,Total,PS,Persons,_Z,Not Applicable,_Z,Not Applicable,_Z,Not Applicable,2022,34.5,FAO_CAHD,Cost and Affordability of a Healthy Diet (CoAHD),6,Millions,COUNT,Count (Integer),602,CCYY,A,Normal value,PU,Public
datastructure,WB.DATA360:DS_DATA360(1.2),I,A,Annual,EGY,"Egypt, Arab Rep.",FAO_CAHD_7006,Number of people unable to afford a healthy diet (million),_T,Total,_T,All age ranges or no breakdown by age,_T,Total,PS,Persons,_Z,Not Applicable,_Z,Not Applicable,_Z,Not Applicable,2023,48.9,FAO_CAHD,Cost and Affordability of a Healthy Diet (CoAHD),6,Millions,COUNT,Count (Integer),602,CCYY,A,Normal value,PU,Public
datastructure,WB.DATA360:DS_DATA360(1.2),I,A,Annual,EGY,"Egypt, Arab Rep.",FAO_CAHD_7006,Number of people unable to afford a healthy diet (million),_T,Total,_T,All age ranges or no breakdown by age,_T,Total,PS,Persons,_Z,Not Applicable,_Z,Not Applicable,_Z,Not Applicable,2024,52.9,FAO_CAHD,Cost and Affordability of a Healthy Diet (CoAHD),6,Millions,COUNT,Count (Integer),602,CCYY,A,Normal value,PU,Public
datastructure,WB.DATA360:DS_DATA360(1.2),I,A,Annual,EGY,"Egypt, Arab Rep.",FAO_CAHD_7006,Number of people unable to afford a healthy diet (million),_T,Total,_T,All age ranges or no breakdown by age,_T,Total,PS,Persons,_Z,Not Applicable,_Z,Not Applicable,_Z,Not Applicable,2025,45.5,FAO_CAHD,Cost and Affordability of a Healthy Diet (CoAHD),6,Millions,COUNT,Count (Integer),602,CCYY,A,Normal value,PU,Public
datastructure,WB.DATA360:DS_DATA360(1.2),I,A,Annual,EGY,"Egypt, Arab Rep.",FAO_CAHD_7006,Number of people unable to afford a healthy diet (million),_T,Total,_T,All age ranges or no breakdown by age,_T,Total,PS,Persons,_Z,Not Applicable,_Z,Not Applicable,_Z,Not Applicable,2019,39.5,FAO_CAHD,Cost and Affordability of a Healthy Diet (CoAHD),6,Millions,COUNT,Count (Integer),602,CCYY,A,Normal value,PU,Public
datastructure,WB.DATA360:DS_DATA360(1.2),I,A,Annual,EGY,"Egypt, Arab Rep.",FAO_CAHD_7006,Number of people unable to afford a healthy diet (million),_T,Total,_T,All age ranges or no breakdown by age,_T,Total,PS,Persons,_Z,Not Applicable,_Z,Not Applicable,_Z,Not Applicable,2018,43.7,FAO_CAHD,Cost and Affordability of a Healthy Diet (CoAHD),6,Millions,COUNT,Count (Integer),602,CCYY,A,Normal value,PU,Public
datastructure,WB.DATA360:DS_DATA360(1.2),I,A,Annual,EGY,"Egypt, Arab Rep.",FAO_CAHD_7006,Number of people unable to afford a healthy diet (million),_T,Total,_T,All age ranges or no breakdown by age,_T,Total,PS,Persons,_Z,Not Applicable,_Z,Not Applicable,_Z,Not Applicable,2017,41.7,FAO_CAHD,Cost and Affordability of a Healthy Diet (CoAHD),6,Millions,COUNT,Count (Integer),602,CCYY,A,Normal value,PU,Public
datastructure,WB.DATA360:DS_DATA360(1.2),I,A,Annual,GNQ,Equatorial Guinea,FAO_CAHD_7006,Number of people unable to afford a healthy diet (million),_T,Total,_T,All age ranges or no breakdown by age,_T,Total,PS,Persons,_Z,Not Applicable,_Z,Not Applicable,_Z,Not Applicable,2020,1.0,FAO_CAHD,Cost and Affordability of a Healthy Diet (CoAHD),6,Millions,COUNT,Count (Integer),602,CCYY,A,Normal value,PU,Public
datastructure,WB.DATA360:DS_DATA360(1.2),I,A,Annual,GNQ,Equatorial Guinea,FAO_CAHD_7006,Number of people unable to afford a healthy diet (million),_T,Total,_T,All age ranges or no breakdown by age,_T,Total,PS,Persons,_Z,Not Applicable,_Z,Not Applicable,_Z,Not Applicable,2017,0.9,FAO_CAHD,Cost and Affordability of a Healthy Diet (CoAHD),6,Millions,COUNT,Count (Integer),602,CCYY,A,Normal value,PU,Public
datastructure,WB.DATA360:DS_DATA360(1.2),I,A,Annual,GNQ,Equatorial Guinea,FAO_CAHD_7006,Number of people unable to afford a healthy diet (million),_T,Total,_T,All age ranges or no breakdown by age,_T,Total,PS,Persons,_Z,Not Applicable,_Z,Not Applicable,_Z,Not Applicable,2018,0.9,FAO_CAHD,Cost and Affordability of a Healthy Diet (CoAHD),6,Millions,COUNT,Count (Integer),602,CCYY,A,Normal value,PU,Public
datastructure,WB.DATA360:DS_DATA360(1.2),I,A,Annual,GNQ,Equatorial Guinea,FAO_CAHD_7006,Number of people unable to afford a healthy diet (million),_T,Total,_T,All age ranges or no breakdown by age,_T,Total,PS,Persons,_Z,Not Applicable,_Z,Not Applicable,_Z,Not Applicable,2019,0.9,FAO_CAHD,Cost and Affordability of a Healthy Diet (CoAHD),6,Millions,COUNT,Count (Integer),602,CCYY,A,Normal value,PU,Public
datastructure,WB.DATA360:DS_DATA360(1.2),I,A,Annual,GNQ,Equatorial Guinea,FAO_CAHD_7006,Number of people unable to afford a healthy diet (million),_T,Total,_T,All age ranges or no breakdown by age,_T,Total,PS,Persons,_Z,Not Applicable,_Z,Not Applicable,_Z,Not Applicable,2021,1.1,FAO_CAHD,Cost and Affordability of a Healthy Diet (CoAHD),6,Millions,COUNT,Count (Integer),602,CCYY,A,Normal value,PU,Public
datastructure,WB.DATA360:DS_DATA360(1.2),I,A,Annual,GNQ,Equatorial Guinea,FAO_CAHD_7006,Number of people unable to afford a healthy diet (million),_T,Total,_T,All age ranges or no breakdown by age,_T,Total,PS,Persons,_Z,Not Applicable,_Z,Not Applicable,_Z,Not Applicable,2022,1.1,FAO_CAHD,Cost and Affordability of a Healthy Diet (CoAHD),6,Millions,COUNT,Count (Integer),602,CCYY,A,Normal value,PU,Public
datastructure,WB.DATA360:DS_DATA360(1.2),I,A,Annual,GNQ,Equatorial Guinea,FAO_CAHD_7006,Number of people unable to afford a healthy diet (million),_T,Total,_T,All age ranges or no breakdown by age,_T,Total,PS,Persons,_Z,Not Applicable,_Z,Not Applicable,_Z,Not Applicable,2023,1.1,FAO_CAHD,Cost and Affordability of a Healthy Diet (CoAHD),6,Millions,COUNT,Count (Integer),602,CCYY,A,Normal value,PU,Public
datastructure,WB.DATA360:DS_DATA360(1.2),I,A,Annual,GNQ,Equatorial Guinea,FAO_CAHD_7006,Number of people unable to afford a healthy diet (million),_T,Total,_T,All age ranges or no breakdown by age,_T,Total,PS,Persons,_Z,Not Applicable,_Z,Not Applicable,_Z,Not Applicable,2024,1.2,FAO_CAHD,Cost and Affordability of a Healthy Diet (CoAHD),6,Millions,COUNT,Count (Integer),602,CCYY,A,Normal value,PU,Public
datastructure,WB.DATA360:DS_DATA360(1.2),I,A,Annual,GNQ,Equatorial Guinea,FAO_CAHD_7006,Number of people unable to afford a healthy diet (million),_T,Total,_T,All age ranges or no breakdown by age,_T,Total,PS,Persons,_Z,Not Applicable,_Z,Not Applicable,_Z,Not Applicable,2025,1.2,FAO_CAHD,Cost and Affordability of a Healthy Diet (CoAHD),6,Millions,COUNT,Count (Integer),602,CCYY,A,Normal value,PU,Public
datastructure,WB.DATA360:DS_DATA360(1.2),I,A,Annual,DOM,Dominican Republic,FAO_CAHD_7006,Number of people unable to afford a healthy diet (million),_T,Total,_T,All age ranges or no breakdown by age,_T,Total,PS,Persons,_Z,Not Applicable,_Z,Not Applicable,_Z,Not Applicable,2023,2.3,FAO_CAHD,Cost and Affordability of a Healthy Diet (CoAHD),6,Millions,COUNT,Count (Integer),602,CCYY,A,Normal value,PU,Public
datastructure,WB.DATA360:DS_DATA360(1.2),I,A,Annual,DOM,Dominican Republic,FAO_CAHD_7006,Number of people unable to afford a healthy diet (million),_T,Total,_T,All age ranges or no breakdown by age,_T,Total,PS,Persons,_Z,Not Applicable,_Z,Not Applicable,_Z,Not Applicable,2017,2.8,FAO_CAHD,Cost and Affordability of a Healthy Diet (CoAHD),6,Millions,COUNT,Count (Integer),602,CCYY,A,Normal value,PU,Public
datastructure,WB.DATA360:DS_DATA360(1.2),I,A,Annual,DOM,Dominican Republic,FAO_CAHD_7006,Number of people unable to afford a healthy diet (million),_T,Total,_T,All age ranges or no breakdown by age,_T,Total,PS,Persons,_Z,Not Applicable,_Z,Not Applicable,_Z,Not Applicable,2018,2.4,FAO_CAHD,Cost and Affordability of a Healthy Diet (CoAHD),6,Millions,COUNT,Count (Integer),602,CCYY,A,Normal value,PU,Public
datastructure,WB.DATA360:DS_DATA360(1.2),I,A,Annual,DOM,Dominican Republic,FAO_CAHD_7006,Number of people unable to afford a healthy diet (million),_T,Total,_T,All age ranges or no breakdown by age,_T,Total,PS,Persons,_Z,Not Applicable,_Z,Not Applicable,_Z,Not Applicable,2019,2.3,FAO_CAHD,Cost and Affordability of a Healthy Diet (CoAHD),6,Millions,COUNT,Count (Integer),602,CCYY,A,Normal value,PU,Public
datastructure,WB.DATA360:DS_DATA360(1.2),I,A,Annual,DOM,Dominican Republic,FAO_CAHD_7006,Number of people unable to afford a healthy diet (million),_T,Total,_T,All age ranges or no breakdown by age,_T,Total,PS,Persons,_Z,Not Applicable,_Z,Not Applicable,_Z,Not Applicable,2020,2.7,FAO_CAHD,Cost and Affordability of a Healthy Diet (CoAHD),6,Millions,COUNT,Count (Integer),602,CCYY,A,Normal value,PU,Public
datastructure,WB.DATA360:DS_DATA360(1.2),I,A,Annual,DOM,Dominican Republic,FAO_CAHD_7006,Number of people unable to afford a healthy diet (million),_T,Total,_T,All age ranges or no breakdown by age,_T,Total,PS,Persons,_Z,Not Applicable,_Z,Not Applicable,_Z,Not Applicable,2021,2.8,FAO_CAHD,Cost and Affordability of a Healthy Diet (CoAHD),6,Millions,COUNT,Count (Integer),602,CCYY,A,Normal value,PU,Public
datastructure,WB.DATA360:DS_DATA360(1.2),I,A,Annual,DOM,Dominican Republic,FAO_CAHD_7006,Number of people unable to afford a healthy diet (million),_T,Total,_T,All age ranges or no breakdown by age,_T,Total,PS,Persons,_Z,Not Applicable,_Z,Not Applicable,_Z,Not Applicable,2022,2.7,FAO_CAHD,Cost and Affordability of a Healthy Diet (CoAHD),6,Millions,COUNT,Count (Integer),602,CCYY,A,Normal value,PU,Public
datastructure,WB.DATA360:DS_DATA360(1.2),I,A,Annual,DOM,Dominican Republic,FAO_CAHD_7006,Number of people unable to afford a healthy diet (million),_T,Total,_T,All age ranges or no breakdown by age,_T,Total,PS,Persons,_Z,Not Applicable,_Z,Not Applicable,_Z,Not Applicable,2024,1.9,FAO_CAHD,Cost and Affordability of a Healthy Diet (CoAHD),6,Millions,COUNT,Count (Integer),602,CCYY,A,Normal value,PU,Public
datastructure,WB.DATA360:DS_DATA360(1.2),I,A,Annual,DOM,Dominican Republic,FAO_CAHD_7006,Number of people unable to afford a healthy diet (million),_T,Total,_T,All age ranges or no breakdown by age,_T,Total,PS,Persons,_Z,Not Applicable,_Z,Not Applicable,_Z,Not Applicable,2025,1.9,FAO_CAHD,Cost and Affordability of a Healthy Diet (CoAHD),6,Millions,COUNT,Count (Integer),602,CCYY,A,Normal value,PU,Public
datastructure,WB.DATA360:DS_DATA360(1.2),I,A,Annual,ECU,Ecuador,FAO_CAHD_7006,Number of people unable to afford a healthy diet (million),_T,Total,_T,All age ranges or no breakdown by age,_T,Total,PS,Persons,_Z,Not Applicable,_Z,Not Applicable,_Z,Not Applicable,2025,4.7,FAO_CAHD,Cost and Affordability of a Healthy Diet (CoAHD),6,Millions,COUNT,Count (Integer),602,CCYY,A,Normal value,PU,Public
datastructure,WB.DATA360:DS_DATA360(1.2),I,A,Annual,ECU,Ecuador,FAO_CAHD_7006,Number of people unable to afford a healthy diet (million),_T,Total,_T,All age ranges or no breakdown by age,_T,Total,PS,Persons,_Z,Not Applicable,_Z,Not Applicable,_Z,Not Applicable,2024,5.2,FAO_CAHD,Cost and Affordability of a Healthy Diet (CoAHD),6,Millions,COUNT,Count (Integer),602,CCYY,A,Normal value,PU,Public
datastructure,WB.DATA360:DS_DATA360(1.2),I,A,Annual,ECU,Ecuador,FAO_CAHD_7006,Number of people unable to afford a healthy diet (million),_T,Total,_T,All age ranges or no breakdown by age,_T,Total,PS,Persons,_Z,Not Applicable,_Z,Not Applicable,_Z,Not Applicable,2017,4.0,FAO_CAHD,Cost and Affordability of a Healthy Diet (CoAHD),6,Millions,COUNT,Count (Integer),602,CCYY,A,Normal value,PU,Public
datastructure,WB.DATA360:DS_DATA360(1.2),I,A,Annual,ECU,Ecuador,FAO_CAHD_7006,Number of people unable to afford a healthy diet (million),_T,Total,_T,All age ranges or no breakdown by age,_T,Total,PS,Persons,_Z,Not Applicable,_Z,Not Applicable,_Z,Not Applicable,2018,4.2,FAO_CAHD,Cost and Affordability of a Healthy Diet (CoAHD),6,Millions,COUNT,Count (Integer),602,CCYY,A,Normal value,PU,Public
datastructure,WB.DATA360:DS_DATA360(1.2),I,A,Annual,ECU,Ecuador,FAO_CAHD_7006,Number of people unable to afford a healthy diet (million),_T,Total,_T,All age ranges or no breakdown by age,_T,Total,PS,Persons,_Z,Not Applicable,_Z,Not Applicable,_Z,Not Applicable,2019,4.4,FAO_CAHD,Cost and Affordability of a Healthy Diet (CoAHD),6,Millions,COUNT,Count (Integer),602,CCYY,A,Normal value,PU,Public
datastructure,WB.DATA360:DS_DATA360(1.2),I,A,Annual,ECU,Ecuador,FAO_CAHD_7006,Number of people unable to afford a healthy diet (million),_T,Total,_T,All age ranges or no breakdown by age,_T,Total,PS,Persons,_Z,Not Applicable,_Z,Not Applicable,_Z,Not Applicable,2020,5.4,FAO_CAHD,Cost and Affordability of a Healthy Diet (CoAHD),6,Millions,COUNT,Count (Integer),602,CCYY,A,Normal value,PU,Public
datastructure,WB.DATA360:DS_DATA360(1.2),I,A,Annual,ECU,Ecuador,FAO_CAHD_7006,Number of people unable to afford a healthy diet (million),_T,Total,_T,All age ranges or no breakdown by age,_T,Total,PS,Persons,_Z,Not Applicable,_Z,Not Applicable,_Z,Not Applicable,2021,4.9,FAO_CAHD,Cost and Affordability of a Healthy Diet (CoAHD),6,Millions,COUNT,Count (Integer),602,CCYY,A,Normal value,PU,Public
datastructure,WB.DATA360:DS_DATA360(1.2),I,A,Annual,ECU,Ecuador,FAO_CAHD_7006,Number of people unable to afford a healthy diet (million),_T,Total,_T,All age ranges or no breakdown by age,_T,Total,PS,Persons,_Z,Not Applicable,_Z,Not Applicable,_Z,Not Applicable,2022,4.7,FAO_CAHD,Cost and Affordability of a Healthy Diet (CoAHD),6,Millions,COUNT,Count (Integer),602,CCYY,A,Normal value,PU,Public
datastructure,WB.DATA360:DS_DATA360(1.2),I,A,Annual,ECU,Ecuador,FAO_CAHD_7006,Number of people unable to afford a healthy diet (million),_T,Total,_T,All age ranges or no breakdown by age,_T,Total,PS,Persons,_Z,Not Applicable,_Z,Not Applicable,_Z,Not Applicable,2023,4.8,FAO_CAHD,Cost and Affordability of a Healthy Diet (CoAHD),6,Millions,COUNT,Count (Integer),602,CCYY,A,Normal value,PU,Public
datastructure,WB.DATA360:DS_DATA360(1.2),I,A,Annual,SWZ,Eswatini,FAO_CAHD_7006,Number of people unable to afford a healthy diet (million),_T,Total,_T,All age ranges or no breakdown by age,_T,Total,PS,Persons,_Z,Not Applicable,_Z,Not Applicable,_Z,Not Applicable,2024,0.9,FAO_CAHD,Cost and Affordability of a Healthy Diet (CoAHD),6,Millions,COUNT,Count (Integer),602,CCYY,A,Normal value,PU,Public
datastructure,WB.DATA360:DS_DATA360(1.2),I,A,Annual,SWZ,Eswatini,FAO_CAHD_7006,Number of people unable to afford a healthy diet (million),_T,Total,_T,All age ranges or no breakdown by age,_T,Total,PS,Persons,_Z,Not Applicable,_Z,Not Applicable,_Z,Not Applicable,2017,0.8,FAO_CAHD,Cost and Affordability of a Healthy Diet (CoAHD),6,Millions,COUNT,Count (Integer),602,CCYY,A,Normal value,PU,Public
datastructure,WB.DATA360:DS_DATA360(1.2),I,A,Annual,SWZ,Eswatini,FAO_CAHD_7006,Number of people unable to afford a healthy diet (million),_T,Total,_T,All age ranges or no breakdown by age,_T,Total,PS,Persons,_Z,Not Applicable,_Z,Not Applicable,_Z,Not Applicable,2018,0.8,FAO_CAHD,Cost and Affordability of a Healthy Diet (CoAHD),6,Millions,COUNT,Count (Integer),602,CCYY,A,Normal value,PU,Public
datastructure,WB.DATA360:DS_DATA360(1.2),I,A,Annual,SWZ,Eswatini,FAO_CAHD_7006,Number of people unable to afford a healthy diet (million),_T,Total,_T,All age ranges or no breakdown by age,_T,Total,PS,Persons,_Z,Not Applicable,_Z,Not Applicable,_Z,Not Applicable,2019,0.8,FAO_CAHD,Cost and Affordability of a Healthy Diet (CoAHD),6,Millions,COUNT,Count (Integer),602,CCYY,A,Normal value,PU,Public
datastructure,WB.DATA360:DS_DATA360(1.2),I,A,Annual,SWZ,Eswatini,FAO_CAHD_7006,Number of people unable to afford a healthy diet (million),_T,Total,_T,All age ranges or no breakdown by age,_T,Total,PS,Persons,_Z,Not Applicable,_Z,Not Applicable,_Z,Not Applicable,2020,0.8,FAO_CAHD,Cost and Affordability of a Healthy Diet (CoAHD),6,Millions,COUNT,Count (Integer),602,CCYY,A,Normal value,PU,Public
datastructure,WB.DATA360:DS_DATA360(1.2),I,A,Annual,SWZ,Eswatini,FAO_CAHD_7006,Number of people unable to afford a healthy diet (million),_T,Total,_T,All age ranges or no breakdown by age,_T,Total,PS,Persons,_Z,Not Applicable,_Z,Not Applicable,_Z,Not Applicable,2021,0.8,FAO_CAHD,Cost and Affordability of a Healthy Diet (CoAHD),6,Millions,COUNT,Count (Integer),602,CCYY,A,Normal value,PU,Public
datastructure,WB.DATA360:DS_DATA360(1.2),I,A,Annual,SWZ,Eswatini,FAO_CAHD_7006,Number of people unable to afford a healthy diet (million),_T,Total,_T,All age ranges or no breakdown by age,_T,Total,PS,Persons,_Z,Not Applicable,_Z,Not Applicable,_Z,Not Applicable,2022,0.8,FAO_CAHD,Cost and Affordability of a Healthy Diet (CoAHD),6,Millions,COUNT,Count (Integer),602,CCYY,A,Normal value,PU,Public
datastructure,WB.DATA360:DS_DATA360(1.2),I,A,Annual,SWZ,Eswatini,FAO_CAHD_7006,Number of people unable to afford a healthy diet (million),_T,Total,_T,All age ranges or no breakdown by age,_T,Total,PS,Persons,_Z,Not Applicable,_Z,Not Applicable,_Z,Not Applicable,2023,0.9,FAO_CAHD,Cost and Affordability of a Healthy Diet (CoAHD),6,Millions,COUNT,Count (Integer),602,CCYY,A,Normal value,PU,Public
datastructure,WB.DATA360:DS_DATA360(1.2),I,A,Annual,SWZ,Eswatini,FAO_CAHD_7006,Number of people unable to afford a healthy diet (million),_T,Total,_T,All age ranges or no breakdown by age,_T,Total,PS,Persons,_Z,Not Applicable,_Z,Not Applicable,_Z,Not Applicable,2025,0.9,FAO_CAHD,Cost and Affordability of a Healthy Diet (CoAHD),6,Millions,COUNT,Count (Integer),602,CCYY,A,Normal value,PU,Public
datastructure,WB.DATA360:DS_DATA360(1.2),I,A,Annual,ETH,Ethiopia,FAO_CAHD_7006,Number of people unable to afford a healthy diet (million),_T,Total,_T,All age ranges or no breakdown by age,_T,Total,PS,Persons,_Z,Not Applicable,_Z,Not Applicable,_Z,Not Applicable,2017,72.0,FAO_CAHD,Cost and Affordability of a Healthy Diet (CoAHD),6,Millions,COUNT,Count (Integer),602,CCYY,A,Normal value,PU,Public
datastructure,WB.DATA360:DS_DATA360(1.2),I,A,Annual,ETH,Ethiopia,FAO_CAHD_7006,Number of people unable to afford a healthy diet (million),_T,Total,_T,All age ranges or no breakdown by age,_T,Total,PS,Persons,_Z,Not Applicable,_Z,Not Applicable,_Z,Not Applicable,2018,73.6,FAO_CAHD,Cost and Affordability of a Healthy Diet (CoAHD),6,Millions,COUNT,Count (Integer),602,CCYY,A,Normal value,PU,Public
datastructure,WB.DATA360:DS_DATA360(1.2),I,A,Annual,ETH,Ethiopia,FAO_CAHD_7006,Number of people unable to afford a healthy diet (million),_T,Total,_T,All age ranges or no breakdown by age,_T,Total,PS,Persons,_Z,Not Applicable,_Z,Not Applicable,_Z,Not Applicable,2019,78.6,FAO_CAHD,Cost and Affordability of a Healthy Diet (CoAHD),6,Millions,COUNT,Count (Integer),602,CCYY,A,Normal value,PU,Public
datastructure,WB.DATA360:DS_DATA360(1.2),I,A,Annual,ETH,Ethiopia,FAO_CAHD_7006,Number of people unable to afford a healthy diet (million),_T,Total,_T,All age ranges or no breakdown by age,_T,Total,PS,Persons,_Z,Not Applicable,_Z,Not Applicable,_Z,Not Applicable,2020,84.3,FAO_CAHD,Cost and Affordability of a Healthy Diet (CoAHD),6,Millions,COUNT,Count (Integer),602,CCYY,A,Normal value,PU,Public
datastructure,WB.DATA360:DS_DATA360(1.2),I,A,Annual,ETH,Ethiopia,FAO_CAHD_7006,Number of people unable to afford a healthy diet (million),_T,Total,_T,All age ranges or no breakdown by age,_T,Total,PS,Persons,_Z,Not Applicable,_Z,Not Applicable,_Z,Not Applicable,2021,91.3,FAO_CAHD,Cost and Affordability of a Healthy Diet (CoAHD),6,Millions,COUNT,Count (Integer),602,CCYY,A,Normal value,PU,Public
datastructure,WB.DATA360:DS_DATA360(1.2),I,A,Annual,ETH,Ethiopia,FAO_CAHD_7006,Number of people unable to afford a healthy diet (million),_T,Total,_T,All age ranges or no breakdown by age,_T,Total,PS,Persons,_Z,Not Applicable,_Z,Not Applicable,_Z,Not Applicable,2022,93.4,FAO_CAHD,Cost and Affordability of a Healthy Diet (CoAHD),6,Millions,COUNT,Count (Integer),602,CCYY,A,Normal value,PU,Public
datastructure,WB.DATA360:DS_DATA360(1.2),I,A,Annual,ETH,Ethiopia,FAO_CAHD_7006,Number of people unable to afford a healthy diet (million),_T,Total,_T,All age ranges or no breakdown by age,_T,Total,PS,Persons,_Z,Not Applicable,_Z,Not Applicable,_Z,Not Applicable,2023,93.0,FAO_CAHD,Cost and Affordability of a Healthy Diet (CoAHD),6,Millions,COUNT,Count (Integer),602,CCYY,A,Normal value,PU,Public
datastructure,WB.DATA360:DS_DATA360(1.2),I,A,Annual,ETH,Ethiopia,FAO_CAHD_7006,Number of people unable to afford a healthy diet (million),_T,Total,_T,All age ranges or no breakdown by age,_T,Total,PS,Persons,_Z,Not Applicable,_Z,Not Applicable,_Z,Not Applicable,2024,93.6,FAO_CAHD,Cost and Affordability of a Healthy Diet (CoAHD),6,Millions,COUNT,Count (Integer),602,CCYY,A,Normal value,PU,Public
datastructure,WB.DATA360:DS_DATA360(1.2),I,A,Annual,ETH,Ethiopia,FAO_CAHD_7006,Number of people unable to afford a healthy diet (million),_T,Total,_T,All age ranges or no breakdown by age,_T,Total,PS,Persons,_Z,Not Applicable,_Z,Not Applicable,_Z,Not Applicable,2025,92.0,FAO_CAHD,Cost and Affordability of a Healthy Diet (CoAHD),6,Millions,COUNT,Count (Integer),602,CCYY,A,Normal value,PU,Public
datastructure,WB.DATA360:DS_DATA360(1.2),I,A,Annual,EST,Estonia,FAO_CAHD_7006,Number of people unable to afford a healthy diet (million),_T,Total,_T,All age ranges or no breakdown by age,_T,Total,PS,Persons,_Z,Not Applicable,_Z,Not Applicable,_Z,Not Applicable,2017,0.2,FAO_CAHD,Cost and Affordability of a Healthy Diet (CoAHD),6,Millions,COUNT,Count (Integer),602,CCYY,A,Normal value,PU,Public
datastructure,WB.DATA360:DS_DATA360(1.2),I,A,Annual,EST,Estonia,FAO_CAHD_7006,Number of people unable to afford a healthy diet (million),_T,Total,_T,All age ranges or no breakdown by age,_T,Total,PS,Persons,_Z,Not Applicable,_Z,Not Applicable,_Z,Not Applicable,2018,0.2,FAO_CAHD,Cost and Affordability of a Healthy Diet (CoAHD),6,Millions,COUNT,Count (Integer),602,CCYY,A,Normal value,PU,Public
datastructure,WB.DATA360:DS_DATA360(1.2),I,A,Annual,EST,Estonia,FAO_CAHD_7006,Number of people unable to afford a healthy diet (million),_T,Total,_T,All age ranges or no breakdown by age,_T,Total,PS,Persons,_Z,Not Applicable,_Z,Not Applicable,_Z,Not Applicable,2019,0.1,FAO_CAHD,Cost and Affordability of a Healthy Diet (CoAHD),6,Millions,COUNT,Count (Integer),602,CCYY,A,Normal value,PU,Public
datastructure,WB.DATA360:DS_DATA360(1.2),I,A,Annual,EST,Estonia,FAO_CAHD_7006,Number of people unable to afford a healthy diet (million),_T,Total,_T,All age ranges or no breakdown by age,_T,Total,PS,Persons,_Z,Not Applicable,_Z,Not Applicable,_Z,Not Applicable,2020,0.1,FAO_CAHD,Cost and Affordability of a Healthy Diet (CoAHD),6,Millions,COUNT,Count (Integer),602,CCYY,A,Normal value,PU,Public
datastructure,WB.DATA360:DS_DATA360(1.2),I,A,Annual,EST,Estonia,FAO_CAHD_7006,Number of people unable to afford a healthy diet (million),_T,Total,_T,All age ranges or no breakdown by age,_T,Total,PS,Persons,_Z,Not Applicable,_Z,Not Applicable,_Z,Not Applicable,2022,0.2,FAO_CAHD,Cost and Affordability of a Healthy Diet (CoAHD),6,Millions,COUNT,Count (Integer),602,CCYY,A,Normal value,PU,Public
datastructure,WB.DATA360:DS_DATA360(1.2),I,A,Annual,EST,Estonia,FAO_CAHD_7006,Number of people unable to afford a healthy diet (million),_T,Total,_T,All age ranges or no breakdown by age,_T,Total,PS,Persons,_Z,Not Applicable,_Z,Not Applicable,_Z,Not Applicable,2021,0.1,FAO_CAHD,Cost and Affordability of a Healthy Diet (CoAHD),6,Millions,COUNT,Count (Integer),602,CCYY,A,Normal value,PU,Public
datastructure,WB.DATA360:DS_DATA360(1.2),I,A,Annual,EST,Estonia,FAO_CAHD_7006,Number of people unable to afford a healthy diet (million),_T,Total,_T,All age ranges or no breakdown by age,_T,Total,PS,Persons,_Z,Not Applicable,_Z,Not Applicable,_Z,Not Applicable,2023,0.1,FAO_CAHD,Cost and Affordability of a Healthy Diet (CoAHD),6,Millions,COUNT,Count (Integer),602,CCYY,A,Normal value,PU,Public
datastructure,WB.DATA360:DS_DATA360(1.2),I,A,Annual,EST,Estonia,FAO_CAHD_7006,Number of people unable to afford a healthy diet (million),_T,Total,_T,All age ranges or no breakdown by age,_T,Total,PS,Persons,_Z,Not Applicable,_Z,Not Applicable,_Z,Not Applicable,2024,0.1,FAO_CAHD,Cost and Affordability of a Healthy Diet (CoAHD),6,Millions,COUNT,Count (Integer),602,CCYY,A,Normal value,PU,Public
datastructure,WB.DATA360:DS_DATA360(1.2),I,A,Annual,EST,Estonia,FAO_CAHD_7006,Number of people unable to afford a healthy diet (million),_T,Total,_T,All age ranges or no breakdown by age,_T,Total,PS,Persons,_Z,Not Applicable,_Z,Not Applicable,_Z,Not Applicable,2025,0.1,FAO_CAHD,Cost and Affordability of a Healthy Diet (CoAHD),6,Millions,COUNT,Count (Integer),602,CCYY,A,Normal value,PU,Public
datastructure,WB.DATA360:DS_DATA360(1.2),I,A,Annual,HUN,Hungary,FAO_CAHD_7006,Number of people unable to afford a healthy diet (million),_T,Total,_T,All age ranges or no breakdown by age,_T,Total,PS,Persons,_Z,Not Applicable,_Z,Not Applicable,_Z,Not Applicable,2025,2.9,FAO_CAHD,Cost and Affordability of a Healthy Diet (CoAHD),6,Millions,COUNT,Count (Integer),602,CCYY,A,Normal value,PU,Public
datastructure,WB.DATA360:DS_DATA360(1.2),I,A,Annual,HUN,Hungary,FAO_CAHD_7006,Number of people unable to afford a healthy diet (million),_T,Total,_T,All age ranges or no breakdown by age,_T,Total,PS,Persons,_Z,Not Applicable,_Z,Not Applicable,_Z,Not Applicable,2024,2.9,FAO_CAHD,Cost and Affordability of a Healthy Diet (CoAHD),6,Millions,COUNT,Count (Integer),602,CCYY,A,Normal value,PU,Public
datastructure,WB.DATA360:DS_DATA360(1.2),I,A,Annual,HUN,Hungary,FAO_CAHD_7006,Number of people unable to afford a healthy diet (million),_T,Total,_T,All age ranges or no breakdown by age,_T,Total,PS,Persons,_Z,Not Applicable,_Z,Not Applicable,_Z,Not Applicable,2017,4.0,FAO_CAHD,Cost and Affordability of a Healthy Diet (CoAHD),6,Millions,COUNT,Count (Integer),602,CCYY,A,Normal value,PU,Public
datastructure,WB.DATA360:DS_DATA360(1.2),I,A,Annual,HUN,Hungary,FAO_CAHD_7006,Number of people unable to afford a healthy diet (million),_T,Total,_T,All age ranges or no breakdown by age,_T,Total,PS,Persons,_Z,Not Applicable,_Z,Not Applicable,_Z,Not Applicable,2018,3.7,FAO_CAHD,Cost and Affordability of a Healthy Diet (CoAHD),6,Millions,COUNT,Count (Integer),602,CCYY,A,Normal value,PU,Public
datastructure,WB.DATA360:DS_DATA360(1.2),I,A,Annual,HUN,Hungary,FAO_CAHD_7006,Number of people unable to afford a healthy diet (million),_T,Total,_T,All age ranges or no breakdown by age,_T,Total,PS,Persons,_Z,Not Applicable,_Z,Not Applicable,_Z,Not Applicable,2019,3.3,FAO_CAHD,Cost and Affordability of a Healthy Diet (CoAHD),6,Millions,COUNT,Count (Integer),602,CCYY,A,Normal value,PU,Public
datastructure,WB.DATA360:DS_DATA360(1.2),I,A,Annual,HUN,Hungary,FAO_CAHD_7006,Number of people unable to afford a healthy diet (million),_T,Total,_T,All age ranges or no breakdown by age,_T,Total,PS,Persons,_Z,Not Applicable,_Z,Not Applicable,_Z,Not Applicable,2020,3.4,FAO_CAHD,Cost and Affordability of a Healthy Diet (CoAHD),6,Millions,COUNT,Count (Integer),602,CCYY,A,Normal value,PU,Public
datastructure,WB.DATA360:DS_DATA360(1.2),I,A,Annual,HUN,Hungary,FAO_CAHD_7006,Number of people unable to afford a healthy diet (million),_T,Total,_T,All age ranges or no breakdown by age,_T,Total,PS,Persons,_Z,Not Applicable,_Z,Not Applicable,_Z,Not Applicable,2021,3.1,FAO_CAHD,Cost and Affordability of a Healthy Diet (CoAHD),6,Millions,COUNT,Count (Integer),602,CCYY,A,Normal value,PU,Public
datastructure,WB.DATA360:DS_DATA360(1.2),I,A,Annual,HUN,Hungary,FAO_CAHD_7006,Number of people unable to afford a healthy diet (million),_T,Total,_T,All age ranges or no breakdown by age,_T,Total,PS,Persons,_Z,Not Applicable,_Z,Not Applicable,_Z,Not Applicable,2022,2.9,FAO_CAHD,Cost and Affordability of a Healthy Diet (CoAHD),6,Millions,COUNT,Count (Integer),602,CCYY,A,Normal value,PU,Public
datastructure,WB.DATA360:DS_DATA360(1.2),I,A,Annual,HUN,Hungary,FAO_CAHD_7006,Number of people unable to afford a healthy diet (million),_T,Total,_T,All age ranges or no breakdown by age,_T,Total,PS,Persons,_Z,Not Applicable,_Z,Not Applicable,_Z,Not Applicable,2023,3.0,FAO_CAHD,Cost and Affordability of a Healthy Diet (CoAHD),6,Millions,COUNT,Count (Integer),602,CCYY,A,Normal value,PU,Public
datastructure,WB.DATA360:DS_DATA360(1.2),I,A,Annual,ISL,Iceland,FAO_CAHD_7006,Number of people unable to afford a healthy diet (million),_T,Total,_T,All age ranges or no breakdown by age,_T,Total,PS,Persons,_Z,Not Applicable,_Z,Not Applicable,_Z,Not Applicable,2021,0.0,FAO_CAHD,Cost and Affordability of a Healthy Diet (CoAHD),6,Millions,COUNT,Count (Integer),602,CCYY,A,Normal value,PU,Public
datastructure,WB.DATA360:DS_DATA360(1.2),I,A,Annual,ISL,Iceland,FAO_CAHD_7006,Number of people unable to afford a healthy diet (million),_T,Total,_T,All age ranges or no breakdown by age,_T,Total,PS,Persons,_Z,Not Applicable,_Z,Not Applicable,_Z,Not Applicable,2022,0.0,FAO_CAHD,Cost and Affordability of a Healthy Diet (CoAHD),6,Millions,COUNT,Count (Integer),602,CCYY,A,Normal value,PU,Public
datastructure,WB.DATA360:DS_DATA360(1.2),I,A,Annual,ISL,Iceland,FAO_CAHD_7006,Number of people unable to afford a healthy diet (million),_T,Total,_T,All age ranges or no breakdown by age,_T,Total,PS,Persons,_Z,Not Applicable,_Z,Not Applicable,_Z,Not Applicable,2023,0.0,FAO_CAHD,Cost and Affordability of a Healthy Diet (CoAHD),6,Millions,COUNT,Count (Integer),602,CCYY,A,Normal value,PU,Public
datastructure,WB.DATA360:DS_DATA360(1.2),I,A,Annual,ISL,Iceland,FAO_CAHD_7006,Number of people unable to afford a healthy diet (million),_T,Total,_T,All age ranges or no breakdown by age,_T,Total,PS,Persons,_Z,Not Applicable,_Z,Not Applicable,_Z,Not Applicable,2024,0.0,FAO_CAHD,Cost and Affordability of a Healthy Diet (CoAHD),6,Millions,COUNT,Count (Integer),602,CCYY,A,Normal value,PU,Public
datastructure,WB.DATA360:DS_DATA360(1.2),I,A,Annual,ISL,Iceland,FAO_CAHD_7006,Number of people unable to afford a healthy diet (million),_T,Total,_T,All age ranges or no breakdown by age,_T,Total,PS,Persons,_Z,Not Applicable,_Z,Not Applicable,_Z,Not Applicable,2025,0.0,FAO_CAHD,Cost and Affordability of a Healthy Diet (CoAHD),6,Millions,COUNT,Count (Integer),602,CCYY,A,Normal value,PU,Public
datastructure,WB.DATA360:DS_DATA360(1.2),I,A,Annual,ISL,Iceland,FAO_CAHD_7006,Number of people unable to afford a healthy diet (million),_T,Total,_T,All age ranges or no breakdown by age,_T,Total,PS,Persons,_Z,Not Applicable,_Z,Not Applicable,_Z,Not Applicable,2019,0.0,FAO_CAHD,Cost and Affordability of a Healthy Diet (CoAHD),6,Millions,COUNT,Count (Integer),602,CCYY,A,Normal value,PU,Public
datastructure,WB.DATA360:DS_DATA360(1.2),I,A,Annual,ISL,Iceland,FAO_CAHD_7006,Number of people unable to afford a healthy diet (million),_T,Total,_T,All age ranges or no breakdown by age,_T,Total,PS,Persons,_Z,Not Applicable,_Z,Not Applicable,_Z,Not Applicable,2020,0.0,FAO_CAHD,Cost and Affordability of a Healthy Diet (CoAHD),6,Millions,COUNT,Count (Integer),602,CCYY,A,Normal value,PU,Public
datastructure,WB.DATA360:DS_DATA360(1.2),I,A,Annual,ISL,Iceland,FAO_CAHD_7006,Number of people unable to afford a healthy diet (million),_T,Total,_T,All age ranges or no breakdown by age,_T,Total,PS,Persons,_Z,Not Applicable,_Z,Not Applicable,_Z,Not Applicable,2018,0.0,FAO_CAHD,Cost and Affordability of a Healthy Diet (CoAHD),6,Millions,COUNT,Count (Integer),602,CCYY,A,Normal value,PU,Public
datastructure,WB.DATA360:DS_DATA360(1.2),I,A,Annual,ISL,Iceland,FAO_CAHD_7006,Number of people unable to afford a healthy diet (million),_T,Total,_T,All age ranges or no breakdown by age,_T,Total,PS,Persons,_Z,Not Applicable,_Z,Not Applicable,_Z,Not Applicable,2017,0.0,FAO_CAHD,Cost and Affordability of a Healthy Diet (CoAHD),6,Millions,COUNT,Count (Integer),602,CCYY,A,Normal value,PU,Public
datastructure,WB.DATA360:DS_DATA360(1.2),I,A,Annual,HTI,Haiti,FAO_CAHD_7006,Number of people unable to afford a healthy diet (million),_T,Total,_T,All age ranges or no breakdown by age,_T,Total,PS,Persons,_Z,Not Applicable,_Z,Not Applicable,_Z,Not Applicable,2023,9.8,FAO_CAHD,Cost and Affordability of a Healthy Diet (CoAHD),6,Millions,COUNT,Count (Integer),602,CCYY,A,Normal value,PU,Public
datastructure,WB.DATA360:DS_DATA360(1.2),I,A,Annual,HTI,Haiti,FAO_CAHD_7006,Number of people unable to afford a healthy diet (million),_T,Total,_T,All age ranges or no breakdown by age,_T,Total,PS,Persons,_Z,Not Applicable,_Z,Not Applicable,_Z,Not Applicable,2024,10.3,FAO_CAHD,Cost and Affordability of a Healthy Diet (CoAHD),6,Millions,COUNT,Count (Integer),602,CCYY,A,Normal value,PU,Public
datastructure,WB.DATA360:DS_DATA360(1.2),I,A,Annual,HTI,Haiti,FAO_CAHD_7006,Number of people unable to afford a healthy diet (million),_T,Total,_T,All age ranges or no breakdown by age,_T,Total,PS,Persons,_Z,Not Applicable,_Z,Not Applicable,_Z,Not Applicable,2025,10.6,FAO_CAHD,Cost and Affordability of a Healthy Diet (CoAHD),6,Millions,COUNT,Count (Integer),602,CCYY,A,Normal value,PU,Public
datastructure,WB.DATA360:DS_DATA360(1.2),I,A,Annual,HND,Honduras,FAO_CAHD_7006,Number of people unable to afford a healthy diet (million),_T,Total,_T,All age ranges or no breakdown by age,_T,Total,PS,Persons,_Z,Not Applicable,_Z,Not Applicable,_Z,Not Applicable,2023,4.2,FAO_CAHD,Cost and Affordability of a Healthy Diet (CoAHD),6,Millions,COUNT,Count (Integer),602,CCYY,A,Normal value,PU,Public
datastructure,WB.DATA360:DS_DATA360(1.2),I,A,Annual,HND,Honduras,FAO_CAHD_7006,Number of people unable to afford a healthy diet (million),_T,Total,_T,All age ranges or no breakdown by age,_T,Total,PS,Persons,_Z,Not Applicable,_Z,Not Applicable,_Z,Not Applicable,2017,3.9,FAO_CAHD,Cost and Affordability of a Healthy Diet (CoAHD),6,Millions,COUNT,Count (Integer),602,CCYY,A,Normal value,PU,Public
datastructure,WB.DATA360:DS_DATA360(1.2),I,A,Annual,HND,Honduras,FAO_CAHD_7006,Number of people unable to afford a healthy diet (million),_T,Total,_T,All age ranges or no breakdown by age,_T,Total,PS,Persons,_Z,Not Applicable,_Z,Not Applicable,_Z,Not Applicable,2018,3.9,FAO_CAHD,Cost and Affordability of a Healthy Diet (CoAHD),6,Millions,COUNT,Count (Integer),602,CCYY,A,Normal value,PU,Public
datastructure,WB.DATA360:DS_DATA360(1.2),I,A,Annual,HND,Honduras,FAO_CAHD_7006,Number of people unable to afford a healthy diet (million),_T,Total,_T,All age ranges or no breakdown by age,_T,Total,PS,Persons,_Z,Not Applicable,_Z,Not Applicable,_Z,Not Applicable,2019,3.9,FAO_CAHD,Cost and Affordability of a Healthy Diet (CoAHD),6,Millions,COUNT,Count (Integer),602,CCYY,A,Normal value,PU,Public
datastructure,WB.DATA360:DS_DATA360(1.2),I,A,Annual,HND,Honduras,FAO_CAHD_7006,Number of people unable to afford a healthy diet (million),_T,Total,_T,All age ranges or no breakdown by age,_T,Total,PS,Persons,_Z,Not Applicable,_Z,Not Applicable,_Z,Not Applicable,2020,4.5,FAO_CAHD,Cost and Affordability of a Healthy Diet (CoAHD),6,Millions,COUNT,Count (Integer),602,CCYY,A,Normal value,PU,Public
datastructure,WB.DATA360:DS_DATA360(1.2),I,A,Annual,HND,Honduras,FAO_CAHD_7006,Number of people unable to afford a healthy diet (million),_T,Total,_T,All age ranges or no breakdown by age,_T,Total,PS,Persons,_Z,Not Applicable,_Z,Not Applicable,_Z,Not Applicable,2021,4.1,FAO_CAHD,Cost and Affordability of a Healthy Diet (CoAHD),6,Millions,COUNT,Count (Integer),602,CCYY,A,Normal value,PU,Public
datastructure,WB.DATA360:DS_DATA360(1.2),I,A,Annual,HND,Honduras,FAO_CAHD_7006,Number of people unable to afford a healthy diet (million),_T,Total,_T,All age ranges or no breakdown by age,_T,Total,PS,Persons,_Z,Not Applicable,_Z,Not Applicable,_Z,Not Applicable,2022,4.1,FAO_CAHD,Cost and Affordability of a Healthy Diet (CoAHD),6,Millions,COUNT,Count (Integer),602,CCYY,A,Normal value,PU,Public
datastructure,WB.DATA360:DS_DATA360(1.2),I,A,Annual,HND,Honduras,FAO_CAHD_7006,Number of people unable to afford a healthy diet (million),_T,Total,_T,All age ranges or no breakdown by age,_T,Total,PS,Persons,_Z,Not Applicable,_Z,Not Applicable,_Z,Not Applicable,2024,3.8,FAO_CAHD,Cost and Affordability of a Healthy Diet (CoAHD),6,Millions,COUNT,Count (Integer),602,CCYY,A,Normal value,PU,Public
datastructure,WB.DATA360:DS_DATA360(1.2),I,A,Annual,HND,Honduras,FAO_CAHD_7006,Number of people unable to afford a healthy diet (million),_T,Total,_T,All age ranges or no breakdown by age,_T,Total,PS,Persons,_Z,Not Applicable,_Z,Not Applicable,_Z,Not Applicable,2025,3.8,FAO_CAHD,Cost and Affordability of a Healthy Diet (CoAHD),6,Millions,COUNT,Count (Integer),602,CCYY,A,Normal value,PU,Public
datastructure,WB.DATA360:DS_DATA360(1.2),I,A,Annual,IDN,Indonesia,FAO_CAHD_7006,Number of people unable to afford a healthy diet (million),_T,Total,_T,All age ranges or no breakdown by age,_T,Total,PS,Persons,_Z,Not Applicable,_Z,Not Applicable,_Z,Not Applicable,2025,195.9,FAO_CAHD,Cost and Affordability of a Healthy Diet (CoAHD),6,Millions,COUNT,Count (Integer),602,CCYY,A,Normal value,PU,Public
datastructure,WB.DATA360:DS_DATA360(1.2),I,A,Annual,IRN,"Iran, Islamic Rep.",FAO_CAHD_7006,Number of people unable to afford a healthy diet (million),_T,Total,_T,All age ranges or no breakdown by age,_T,Total,PS,Persons,_Z,Not Applicable,_Z,Not Applicable,_Z,Not Applicable,2017,25.4,FAO_CAHD,Cost and Affordability of a Healthy Diet (CoAHD),6,Millions,COUNT,Count (Integer),602,CCYY,A,Normal value,PU,Public
datastructure,WB.DATA360:DS_DATA360(1.2),I,A,Annual,IRN,"Iran, Islamic Rep.",FAO_CAHD_7006,Number of people unable to afford a healthy diet (million),_T,Total,_T,All age ranges or no breakdown by age,_T,Total,PS,Persons,_Z,Not Applicable,_Z,Not Applicable,_Z,Not Applicable,2025,34.5,FAO_CAHD,Cost and Affordability of a Healthy Diet (CoAHD),6,Millions,COUNT,Count (Integer),602,CCYY,A,Normal value,PU,Public
datastructure,WB.DATA360:DS_DATA360(1.2),I,A,Annual,IRN,"Iran, Islamic Rep.",FAO_CAHD_7006,Number of people unable to afford a healthy diet (million),_T,Total,_T,All age ranges or no breakdown by age,_T,Total,PS,Persons,_Z,Not Applicable,_Z,Not Applicable,_Z,Not Applicable,2018,28.1,FAO_CAHD,Cost and Affordability of a Healthy Diet (CoAHD),6,Millions,COUNT,Count (Integer),602,CCYY,A,Normal value,PU,Public
datastructure,WB.DATA360:DS_DATA360(1.2),I,A,Annual,IRN,"Iran, Islamic Rep.",FAO_CAHD_7006,Number of people unable to afford a healthy diet (million),_T,Total,_T,All age ranges or no breakdown by age,_T,Total,PS,Persons,_Z,Not Applicable,_Z,Not Applicable,_Z,Not Applicable,2019,35.9,FAO_CAHD,Cost and Affordability of a Healthy Diet (CoAHD),6,Millions,COUNT,Count (Integer),602,CCYY,A,Normal value,PU,Public
datastructure,WB.DATA360:DS_DATA360(1.2),I,A,Annual,IRN,"Iran, Islamic Rep.",FAO_CAHD_7006,Number of people unable to afford a healthy diet (million),_T,Total,_T,All age ranges or no breakdown by age,_T,Total,PS,Persons,_Z,Not Applicable,_Z,Not Applicable,_Z,Not Applicable,2020,36.7,FAO_CAHD,Cost and Affordability of a Healthy Diet (CoAHD),6,Millions,COUNT,Count (Integer),602,CCYY,A,Normal value,PU,Public
datastructure,WB.DATA360:DS_DATA360(1.2),I,A,Annual,IRN,"Iran, Islamic Rep.",FAO_CAHD_7006,Number of people unable to afford a healthy diet (million),_T,Total,_T,All age ranges or no breakdown by age,_T,Total,PS,Persons,_Z,Not Applicable,_Z,Not Applicable,_Z,Not Applicable,2021,35.8,FAO_CAHD,Cost and Affordability of a Healthy Diet (CoAHD),6,Millions,COUNT,Count (Integer),602,CCYY,A,Normal value,PU,Public
datastructure,WB.DATA360:DS_DATA360(1.2),I,A,Annual,IRN,"Iran, Islamic Rep.",FAO_CAHD_7006,Number of people unable to afford a healthy diet (million),_T,Total,_T,All age ranges or no breakdown by age,_T,Total,PS,Persons,_Z,Not Applicable,_Z,Not Applicable,_Z,Not Applicable,2022,35.4,FAO_CAHD,Cost and Affordability of a Healthy Diet (CoAHD),6,Millions,COUNT,Count (Integer),602,CCYY,A,Normal value,PU,Public
datastructure,WB.DATA360:DS_DATA360(1.2),I,A,Annual,IRN,"Iran, Islamic Rep.",FAO_CAHD_7006,Number of people unable to afford a healthy diet (million),_T,Total,_T,All age ranges or no breakdown by age,_T,Total,PS,Persons,_Z,Not Applicable,_Z,Not Applicable,_Z,Not Applicable,2023,34.9,FAO_CAHD,Cost and Affordability of a Healthy Diet (CoAHD),6,Millions,COUNT,Count (Integer),602,CCYY,A,Normal value,PU,Public
datastructure,WB.DATA360:DS_DATA360(1.2),I,A,Annual,IRN,"Iran, Islamic Rep.",FAO_CAHD_7006,Number of people unable to afford a healthy diet (million),_T,Total,_T,All age ranges or no breakdown by age,_T,Total,PS,Persons,_Z,Not Applicable,_Z,Not Applicable,_Z,Not Applicable,2024,32.7,FAO_CAHD,Cost and Affordability of a Healthy Diet (CoAHD),6,Millions,COUNT,Count (Integer),602,CCYY,A,Normal value,PU,Public
datastructure,WB.DATA360:DS_DATA360(1.2),I,A,Annual,IDN,Indonesia,FAO_CAHD_7006,Number of people unable to afford a healthy diet (million),_T,Total,_T,All age ranges or no breakdown by age,_T,Total,PS,Persons,_Z,Not Applicable,_Z,Not Applicable,_Z,Not Applicable,2024,200.2,FAO_CAHD,Cost and Affordability of a Healthy Diet (CoAHD),6,Millions,COUNT,Count (Integer),602,CCYY,A,Normal value,PU,Public
datastructure,WB.DATA360:DS_DATA360(1.2),I,A,Annual,IDN,Indonesia,FAO_CAHD_7006,Number of people unable to afford a healthy diet (million),_T,Total,_T,All age ranges or no breakdown by age,_T,Total,PS,Persons,_Z,Not Applicable,_Z,Not Applicable,_Z,Not Applicable,2023,201.4,FAO_CAHD,Cost and Affordability of a Healthy Diet (CoAHD),6,Millions,COUNT,Count (Integer),602,CCYY,A,Normal value,PU,Public
datastructure,WB.DATA360:DS_DATA360(1.2),I,A,Annual,IDN,Indonesia,FAO_CAHD_7006,Number of people unable to afford a healthy diet (million),_T,Total,_T,All age ranges or no breakdown by age,_T,Total,PS,Persons,_Z,Not Applicable,_Z,Not Applicable,_Z,Not Applicable,2022,200.7,FAO_CAHD,Cost and Affordability of a Healthy Diet (CoAHD),6,Millions,COUNT,Count (Integer),602,CCYY,A,Normal value,PU,Public
datastructure,WB.DATA360:DS_DATA360(1.2),I,A,Annual,IND,India,FAO_CAHD_7006,Number of people unable to afford a healthy diet (million),_T,Total,_T,All age ranges or no breakdown by age,_T,Total,PS,Persons,_Z,Not Applicable,_Z,Not Applicable,_Z,Not Applicable,2020,788.2,FAO_CAHD,Cost and Affordability of a Healthy Diet (CoAHD),6,Millions,COUNT,Count (Integer),602,CCYY,A,Normal value,PU,Public
datastructure,WB.DATA360:DS_DATA360(1.2),I,A,Annual,IND,India,FAO_CAHD_7006,Number of people unable to afford a healthy diet (million),_T,Total,_T,All age ranges or no breakdown by age,_T,Total,PS,Persons,_Z,Not Applicable,_Z,Not Applicable,_Z,Not Applicable,2017,813.1,FAO_CAHD,Cost and Affordability of a Healthy Diet (CoAHD),6,Millions,COUNT,Count (Integer),602,CCYY,A,Normal value,PU,Public
datastructure,WB.DATA360:DS_DATA360(1.2),I,A,Annual,IND,India,FAO_CAHD_7006,Number of people unable to afford a healthy diet (million),_T,Total,_T,All age ranges or no breakdown by age,_T,Total,PS,Persons,_Z,Not Applicable,_Z,Not Applicable,_Z,Not Applicable,2018,759.2,FAO_CAHD,Cost and Affordability of a Healthy Diet (CoAHD),6,Millions,COUNT,Count (Integer),602,CCYY,A,Normal value,PU,Public
datastructure,WB.DATA360:DS_DATA360(1.2),I,A,Annual,IND,India,FAO_CAHD_7006,Number of people unable to afford a healthy diet (million),_T,Total,_T,All age ranges or no breakdown by age,_T,Total,PS,Persons,_Z,Not Applicable,_Z,Not Applicable,_Z,Not Applicable,2019,734.4,FAO_CAHD,Cost and Affordability of a Healthy Diet (CoAHD),6,Millions,COUNT,Count (Integer),602,CCYY,A,Normal value,PU,Public
datastructure,WB.DATA360:DS_DATA360(1.2),I,A,Annual,IND,India,FAO_CAHD_7006,Number of people unable to afford a healthy diet (million),_T,Total,_T,All age ranges or no breakdown by age,_T,Total,PS,Persons,_Z,Not Applicable,_Z,Not Applicable,_Z,Not Applicable,2021,740.6,FAO_CAHD,Cost and Affordability of a Healthy Diet (CoAHD),6,Millions,COUNT,Count (Integer),602,CCYY,A,Normal value,PU,Public
datastructure,WB.DATA360:DS_DATA360(1.2),I,A,Annual,IND,India,FAO_CAHD_7006,Number of people unable to afford a healthy diet (million),_T,Total,_T,All age ranges or no breakdown by age,_T,Total,PS,Persons,_Z,Not Applicable,_Z,Not Applicable,_Z,Not Applicable,2022,681.3,FAO_CAHD,Cost and Affordability of a Healthy Diet (CoAHD),6,Millions,COUNT,Count (Integer),602,CCYY,A,Normal value,PU,Public
datastructure,WB.DATA360:DS_DATA360(1.2),I,A,Annual,IND,India,FAO_CAHD_7006,Number of people unable to afford a healthy diet (million),_T,Total,_T,All age ranges or no breakdown by age,_T,Total,PS,Persons,_Z,Not Applicable,_Z,Not Applicable,_Z,Not Applicable,2023,619.9,FAO_CAHD,Cost and Affordability of a Healthy Diet (CoAHD),6,Millions,COUNT,Count (Integer),602,CCYY,A,Normal value,PU,Public
datastructure,WB.DATA360:DS_DATA360(1.2),I,A,Annual,IND,India,FAO_CAHD_7006,Number of people unable to afford a healthy diet (million),_T,Total,_T,All age ranges or no breakdown by age,_T,Total,PS,Persons,_Z,Not Applicable,_Z,Not Applicable,_Z,Not Applicable,2024,589.2,FAO_CAHD,Cost and Affordability of a Healthy Diet (CoAHD),6,Millions,COUNT,Count (Integer),602,CCYY,A,Normal value,PU,Public
datastructure,WB.DATA360:DS_DATA360(1.2),I,A,Annual,IND,India,FAO_CAHD_7006,Number of people unable to afford a healthy diet (million),_T,Total,_T,All age ranges or no breakdown by age,_T,Total,PS,Persons,_Z,Not Applicable,_Z,Not Applicable,_Z,Not Applicable,2025,520.1,FAO_CAHD,Cost and Affordability of a Healthy Diet (CoAHD),6,Millions,COUNT,Count (Integer),602,CCYY,A,Normal value,PU,Public
datastructure,WB.DATA360:DS_DATA360(1.2),I,A,Annual,IDN,Indonesia,FAO_CAHD_7006,Number of people unable to afford a healthy diet (million),_T,Total,_T,All age ranges or no breakdown by age,_T,Total,PS,Persons,_Z,Not Applicable,_Z,Not Applicable,_Z,Not Applicable,2021,192.8,FAO_CAHD,Cost and Affordability of a Healthy Diet (CoAHD),6,Millions,COUNT,Count (Integer),602,CCYY,A,Normal value,PU,Public
datastructure,WB.DATA360:DS_DATA360(1.2),I,A,Annual,IDN,Indonesia,FAO_CAHD_7006,Number of people unable to afford a healthy diet (million),_T,Total,_T,All age ranges or no breakdown by age,_T,Total,PS,Persons,_Z,Not Applicable,_Z,Not Applicable,_Z,Not Applicable,2017,198.9,FAO_CAHD,Cost and Affordability of a Healthy Diet (CoAHD),6,Millions,COUNT,Count (Integer),602,CCYY,A,Normal value,PU,Public
datastructure,WB.DATA360:DS_DATA360(1.2),I,A,Annual,IDN,Indonesia,FAO_CAHD_7006,Number of people unable to afford a healthy diet (million),_T,Total,_T,All age ranges or no breakdown by age,_T,Total,PS,Persons,_Z,Not Applicable,_Z,Not Applicable,_Z,Not Applicable,2018,193.5,FAO_CAHD,Cost and Affordability of a Healthy Diet (CoAHD),6,Millions,COUNT,Count (Integer),602,CCYY,A,Normal value,PU,Public
datastructure,WB.DATA360:DS_DATA360(1.2),I,A,Annual,IDN,Indonesia,FAO_CAHD_7006,Number of people unable to afford a healthy diet (million),_T,Total,_T,All age ranges or no breakdown by age,_T,Total,PS,Persons,_Z,Not Applicable,_Z,Not Applicable,_Z,Not Applicable,2019,192.1,FAO_CAHD,Cost and Affordability of a Healthy Diet (CoAHD),6,Millions,COUNT,Count (Integer),602,CCYY,A,Normal value,PU,Public
datastructure,WB.DATA360:DS_DATA360(1.2),I,A,Annual,IDN,Indonesia,FAO_CAHD_7006,Number of people unable to afford a healthy diet (million),_T,Total,_T,All age ranges or no breakdown by age,_T,Total,PS,Persons,_Z,Not Applicable,_Z,Not Applicable,_Z,Not Applicable,2020,193.0,FAO_CAHD,Cost and Affordability of a Healthy Diet (CoAHD),6,Millions,COUNT,Count (Integer),602,CCYY,A,Normal value,PU,Public
datastructure,WB.DATA360:DS_DATA360(1.2),I,A,Annual,HTI,Haiti,FAO_CAHD_7006,Number of people unable to afford a healthy diet (million),_T,Total,_T,All age ranges or no breakdown by age,_T,Total,PS,Persons,_Z,Not Applicable,_Z,Not Applicable,_Z,Not Applicable,2022,9.6,FAO_CAHD,Cost and Affordability of a Healthy Diet (CoAHD),6,Millions,COUNT,Count (Integer),602,CCYY,A,Normal value,PU,Public
datastructure,WB.DATA360:DS_DATA360(1.2),I,A,Annual,HTI,Haiti,FAO_CAHD_7006,Number of people unable to afford a healthy diet (million),_T,Total,_T,All age ranges or no breakdown by age,_T,Total,PS,Persons,_Z,Not Applicable,_Z,Not Applicable,_Z,Not Applicable,2021,9.4,FAO_CAHD,Cost and Affordability of a Healthy Diet (CoAHD),6,Millions,COUNT,Count (Integer),602,CCYY,A,Normal value,PU,Public
datastructure,WB.DATA360:DS_DATA360(1.2),I,A,Annual,HTI,Haiti,FAO_CAHD_7006,Number of people unable to afford a healthy diet (million),_T,Total,_T,All age ranges or no breakdown by age,_T,Total,PS,Persons,_Z,Not Applicable,_Z,Not Applicable,_Z,Not Applicable,2020,9.2,FAO_CAHD,Cost and Affordability of a Healthy Diet (CoAHD),6,Millions,COUNT,Count (Integer),602,CCYY,A,Normal value,PU,Public
datastructure,WB.DATA360:DS_DATA360(1.2),I,A,Annual,GRD,Grenada,FAO_CAHD_7006,Number of people unable to afford a healthy diet (million),_T,Total,_T,All age ranges or no breakdown by age,_T,Total,PS,Persons,_Z,Not Applicable,_Z,Not Applicable,_Z,Not Applicable,2021,0.0,FAO_CAHD,Cost and Affordability of a Healthy Diet (CoAHD),6,Millions,COUNT,Count (Integer),602,CCYY,A,Normal value,PU,Public
datastructure,WB.DATA360:DS_DATA360(1.2),I,A,Annual,GRD,Grenada,FAO_CAHD_7006,Number of people unable to afford a healthy diet (million),_T,Total,_T,All age ranges or no breakdown by age,_T,Total,PS,Persons,_Z,Not Applicable,_Z,Not Applicable,_Z,Not Applicable,2022,0.0,FAO_CAHD,Cost and Affordability of a Healthy Diet (CoAHD),6,Millions,COUNT,Count (Integer),602,CCYY,A,Normal value,PU,Public
datastructure,WB.DATA360:DS_DATA360(1.2),I,A,Annual,GRD,Grenada,FAO_CAHD_7006,Number of people unable to afford a healthy diet (million),_T,Total,_T,All age ranges or no breakdown by age,_T,Total,PS,Persons,_Z,Not Applicable,_Z,Not Applicable,_Z,Not Applicable,2023,0.0,FAO_CAHD,Cost and Affordability of a Healthy Diet (CoAHD),6,Millions,COUNT,Count (Integer),602,CCYY,A,Normal value,PU,Public
datastructure,WB.DATA360:DS_DATA360(1.2),I,A,Annual,GRD,Grenada,FAO_CAHD_7006,Number of people unable to afford a healthy diet (million),_T,Total,_T,All age ranges or no breakdown by age,_T,Total,PS,Persons,_Z,Not Applicable,_Z,Not Applicable,_Z,Not Applicable,2024,0.0,FAO_CAHD,Cost and Affordability of a Healthy Diet (CoAHD),6,Millions,COUNT,Count (Integer),602,CCYY,A,Normal value,PU,Public
datastructure,WB.DATA360:DS_DATA360(1.2),I,A,Annual,GRD,Grenada,FAO_CAHD_7006,Number of people unable to afford a healthy diet (million),_T,Total,_T,All age ranges or no breakdown by age,_T,Total,PS,Persons,_Z,Not Applicable,_Z,Not Applicable,_Z,Not Applicable,2025,0.0,FAO_CAHD,Cost and Affordability of a Healthy Diet (CoAHD),6,Millions,COUNT,Count (Integer),602,CCYY,A,Normal value,PU,Public
datastructure,WB.DATA360:DS_DATA360(1.2),I,A,Annual,GTM,Guatemala,FAO_CAHD_7006,Number of people unable to afford a healthy diet (million),_T,Total,_T,All age ranges or no breakdown by age,_T,Total,PS,Persons,_Z,Not Applicable,_Z,Not Applicable,_Z,Not Applicable,2021,8.6,FAO_CAHD,Cost and Affordability of a Healthy Diet (CoAHD),6,Millions,COUNT,Count (Integer),602,CCYY,A,Normal value,PU,Public
datastructure,WB.DATA360:DS_DATA360(1.2),I,A,Annual,GTM,Guatemala,FAO_CAHD_7006,Number of people unable to afford a healthy diet (million),_T,Total,_T,All age ranges or no breakdown by age,_T,Total,PS,Persons,_Z,Not Applicable,_Z,Not Applicable,_Z,Not Applicable,2017,7.5,FAO_CAHD,Cost and Affordability of a Healthy Diet (CoAHD),6,Millions,COUNT,Count (Integer),602,CCYY,A,Normal value,PU,Public
datastructure,WB.DATA360:DS_DATA360(1.2),I,A,Annual,GTM,Guatemala,FAO_CAHD_7006,Number of people unable to afford a healthy diet (million),_T,Total,_T,All age ranges or no breakdown by age,_T,Total,PS,Persons,_Z,Not Applicable,_Z,Not Applicable,_Z,Not Applicable,2018,7.8,FAO_CAHD,Cost and Affordability of a Healthy Diet (CoAHD),6,Millions,COUNT,Count (Integer),602,CCYY,A,Normal value,PU,Public
datastructure,WB.DATA360:DS_DATA360(1.2),I,A,Annual,GTM,Guatemala,FAO_CAHD_7006,Number of people unable to afford a healthy diet (million),_T,Total,_T,All age ranges or no breakdown by age,_T,Total,PS,Persons,_Z,Not Applicable,_Z,Not Applicable,_Z,Not Applicable,2019,8.1,FAO_CAHD,Cost and Affordability of a Healthy Diet (CoAHD),6,Millions,COUNT,Count (Integer),602,CCYY,A,Normal value,PU,Public
datastructure,WB.DATA360:DS_DATA360(1.2),I,A,Annual,GTM,Guatemala,FAO_CAHD_7006,Number of people unable to afford a healthy diet (million),_T,Total,_T,All age ranges or no breakdown by age,_T,Total,PS,Persons,_Z,Not Applicable,_Z,Not Applicable,_Z,Not Applicable,2020,8.8,FAO_CAHD,Cost and Affordability of a Healthy Diet (CoAHD),6,Millions,COUNT,Count (Integer),602,CCYY,A,Normal value,PU,Public
datastructure,WB.DATA360:DS_DATA360(1.2),I,A,Annual,GTM,Guatemala,FAO_CAHD_7006,Number of people unable to afford a healthy diet (million),_T,Total,_T,All age ranges or no breakdown by age,_T,Total,PS,Persons,_Z,Not Applicable,_Z,Not Applicable,_Z,Not Applicable,2022,8.8,FAO_CAHD,Cost and Affordability of a Healthy Diet (CoAHD),6,Millions,COUNT,Count (Integer),602,CCYY,A,Normal value,PU,Public
datastructure,WB.DATA360:DS_DATA360(1.2),I,A,Annual,GTM,Guatemala,FAO_CAHD_7006,Number of people unable to afford a healthy diet (million),_T,Total,_T,All age ranges or no breakdown by age,_T,Total,PS,Persons,_Z,Not Applicable,_Z,Not Applicable,_Z,Not Applicable,2023,9.1,FAO_CAHD,Cost and Affordability of a Healthy Diet (CoAHD),6,Millions,COUNT,Count (Integer),602,CCYY,A,Normal value,PU,Public
datastructure,WB.DATA360:DS_DATA360(1.2),I,A,Annual,GTM,Guatemala,FAO_CAHD_7006,Number of people unable to afford a healthy diet (million),_T,Total,_T,All age ranges or no breakdown by age,_T,Total,PS,Persons,_Z,Not Applicable,_Z,Not Applicable,_Z,Not Applicable,2024,8.9,FAO_CAHD,Cost and Affordability of a Healthy Diet (CoAHD),6,Millions,COUNT,Count (Integer),602,CCYY,A,Normal value,PU,Public
datastructure,WB.DATA360:DS_DATA360(1.2),I,A,Annual,GTM,Guatemala,FAO_CAHD_7006,Number of people unable to afford a healthy diet (million),_T,Total,_T,All age ranges or no breakdown by age,_T,Total,PS,Persons,_Z,Not Applicable,_Z,Not Applicable,_Z,Not Applicable,2025,8.8,FAO_CAHD,Cost and Affordability of a Healthy Diet (CoAHD),6,Millions,COUNT,Count (Integer),602,CCYY,A,Normal value,PU,Public
datastructure,WB.DATA360:DS_DATA360(1.2),I,A,Annual,GRD,Grenada,FAO_CAHD_7006,Number of people unable to afford a healthy diet (million),_T,Total,_T,All age ranges or no breakdown by age,_T,Total,PS,Persons,_Z,Not Applicable,_Z,Not Applicable,_Z,Not Applicable,2020,0.0,FAO_CAHD,Cost and Affordability of a Healthy Diet (CoAHD),6,Millions,COUNT,Count (Integer),602,CCYY,A,Normal value,PU,Public
datastructure,WB.DATA360:DS_DATA360(1.2),I,A,Annual,GRD,Grenada,FAO_CAHD_7006,Number of people unable to afford a healthy diet (million),_T,Total,_T,All age ranges or no breakdown by age,_T,Total,PS,Persons,_Z,Not Applicable,_Z,Not Applicable,_Z,Not Applicable,2019,0.0,FAO_CAHD,Cost and Affordability of a Healthy Diet (CoAHD),6,Millions,COUNT,Count (Integer),602,CCYY,A,Normal value,PU,Public
datastructure,WB.DATA360:DS_DATA360(1.2),I,A,Annual,GRD,Grenada,FAO_CAHD_7006,Number of people unable to afford a healthy diet (million),_T,Total,_T,All age ranges or no breakdown by age,_T,Total,PS,Persons,_Z,Not Applicable,_Z,Not Applicable,_Z,Not Applicable,2018,0.0,FAO_CAHD,Cost and Affordability of a Healthy Diet (CoAHD),6,Millions,COUNT,Count (Integer),602,CCYY,A,Normal value,PU,Public
datastructure,WB.DATA360:DS_DATA360(1.2),I,A,Annual,GRC,Greece,FAO_CAHD_7006,Number of people unable to afford a healthy diet (million),_T,Total,_T,All age ranges or no breakdown by age,_T,Total,PS,Persons,_Z,Not Applicable,_Z,Not Applicable,_Z,Not Applicable,2017,3.8,FAO_CAHD,Cost and Affordability of a Healthy Diet (CoAHD),6,Millions,COUNT,Count (Integer),602,CCYY,A,Normal value,PU,Public
datastructure,WB.DATA360:DS_DATA360(1.2),I,A,Annual,GRC,Greece,FAO_CAHD_7006,Number of people unable to afford a healthy diet (million),_T,Total,_T,All age ranges or no breakdown by age,_T,Total,PS,Persons,_Z,Not Applicable,_Z,Not Applicable,_Z,Not Applicable,2018,3.6,FAO_CAHD,Cost and Affordability of a Healthy Diet (CoAHD),6,Millions,COUNT,Count (Integer),602,CCYY,A,Normal value,PU,Public
datastructure,WB.DATA360:DS_DATA360(1.2),I,A,Annual,GRC,Greece,FAO_CAHD_7006,Number of people unable to afford a healthy diet (million),_T,Total,_T,All age ranges or no breakdown by age,_T,Total,PS,Persons,_Z,Not Applicable,_Z,Not Applicable,_Z,Not Applicable,2019,3.0,FAO_CAHD,Cost and Affordability of a Healthy Diet (CoAHD),6,Millions,COUNT,Count (Integer),602,CCYY,A,Normal value,PU,Public
datastructure,WB.DATA360:DS_DATA360(1.2),I,A,Annual,GRC,Greece,FAO_CAHD_7006,Number of people unable to afford a healthy diet (million),_T,Total,_T,All age ranges or no breakdown by age,_T,Total,PS,Persons,_Z,Not Applicable,_Z,Not Applicable,_Z,Not Applicable,2020,3.1,FAO_CAHD,Cost and Affordability of a Healthy Diet (CoAHD),6,Millions,COUNT,Count (Integer),602,CCYY,A,Normal value,PU,Public
datastructure,WB.DATA360:DS_DATA360(1.2),I,A,Annual,GRC,Greece,FAO_CAHD_7006,Number of people unable to afford a healthy diet (million),_T,Total,_T,All age ranges or no breakdown by age,_T,Total,PS,Persons,_Z,Not Applicable,_Z,Not Applicable,_Z,Not Applicable,2021,2.7,FAO_CAHD,Cost and Affordability of a Healthy Diet (CoAHD),6,Millions,COUNT,Count (Integer),602,CCYY,A,Normal value,PU,Public
datastructure,WB.DATA360:DS_DATA360(1.2),I,A,Annual,GRC,Greece,FAO_CAHD_7006,Number of people unable to afford a healthy diet (million),_T,Total,_T,All age ranges or no breakdown by age,_T,Total,PS,Persons,_Z,Not Applicable,_Z,Not Applicable,_Z,Not Applicable,2022,2.7,FAO_CAHD,Cost and Affordability of a Healthy Diet (CoAHD),6,Millions,COUNT,Count (Integer),602,CCYY,A,Normal value,PU,Public
datastructure,WB.DATA360:DS_DATA360(1.2),I,A,Annual,GRC,Greece,FAO_CAHD_7006,Number of people unable to afford a healthy diet (million),_T,Total,_T,All age ranges or no breakdown by age,_T,Total,PS,Persons,_Z,Not Applicable,_Z,Not Applicable,_Z,Not Applicable,2023,2.5,FAO_CAHD,Cost and Affordability of a Healthy Diet (CoAHD),6,Millions,COUNT,Count (Integer),602,CCYY,A,Normal value,PU,Public
datastructure,WB.DATA360:DS_DATA360(1.2),I,A,Annual,GRC,Greece,FAO_CAHD_7006,Number of people unable to afford a healthy diet (million),_T,Total,_T,All age ranges or no breakdown by age,_T,Total,PS,Persons,_Z,Not Applicable,_Z,Not Applicable,_Z,Not Applicable,2024,2.4,FAO_CAHD,Cost and Affordability of a Healthy Diet (CoAHD),6,Millions,COUNT,Count (Integer),602,CCYY,A,Normal value,PU,Public
datastructure,WB.DATA360:DS_DATA360(1.2),I,A,Annual,GRC,Greece,FAO_CAHD_7006,Number of people unable to afford a healthy diet (million),_T,Total,_T,All age ranges or no breakdown by age,_T,Total,PS,Persons,_Z,Not Applicable,_Z,Not Applicable,_Z,Not Applicable,2025,2.3,FAO_CAHD,Cost and Affordability of a Healthy Diet (CoAHD),6,Millions,COUNT,Count (Integer),602,CCYY,A,Normal value,PU,Public
datastructure,WB.DATA360:DS_DATA360(1.2),I,A,Annual,GRD,Grenada,FAO_CAHD_7006,Number of people unable to afford a healthy diet (million),_T,Total,_T,All age ranges or no breakdown by age,_T,Total,PS,Persons,_Z,Not Applicable,_Z,Not Applicable,_Z,Not Applicable,2017,0.0,FAO_CAHD,Cost and Affordability of a Healthy Diet (CoAHD),6,Millions,COUNT,Count (Integer),602,CCYY,A,Normal value,PU,Public
datastructure,WB.DATA360:DS_DATA360(1.2),I,A,Annual,HTI,Haiti,FAO_CAHD_7006,Number of people unable to afford a healthy diet (million),_T,Total,_T,All age ranges or no breakdown by age,_T,Total,PS,Persons,_Z,Not Applicable,_Z,Not Applicable,_Z,Not Applicable,2019,8.8,FAO_CAHD,Cost and Affordability of a Healthy Diet (CoAHD),6,Millions,COUNT,Count (Integer),602,CCYY,A,Normal value,PU,Public
datastructure,WB.DATA360:DS_DATA360(1.2),I,A,Annual,GUY,Guyana,FAO_CAHD_7006,Number of people unable to afford a healthy diet (million),_T,Total,_T,All age ranges or no breakdown by age,_T,Total,PS,Persons,_Z,Not Applicable,_Z,Not Applicable,_Z,Not Applicable,2017,0.6,FAO_CAHD,Cost and Affordability of a Healthy Diet (CoAHD),6,Millions,COUNT,Count (Integer),602,CCYY,A,Normal value,PU,Public
datastructure,WB.DATA360:DS_DATA360(1.2),I,A,Annual,GUY,Guyana,FAO_CAHD_7006,Number of people unable to afford a healthy diet (million),_T,Total,_T,All age ranges or no breakdown by age,_T,Total,PS,Persons,_Z,Not Applicable,_Z,Not Applicable,_Z,Not Applicable,2018,0.6,FAO_CAHD,Cost and Affordability of a Healthy Diet (CoAHD),6,Millions,COUNT,Count (Integer),602,CCYY,A,Normal value,PU,Public
datastructure,WB.DATA360:DS_DATA360(1.2),I,A,Annual,GUY,Guyana,FAO_CAHD_7006,Number of people unable to afford a healthy diet (million),_T,Total,_T,All age ranges or no breakdown by age,_T,Total,PS,Persons,_Z,Not Applicable,_Z,Not Applicable,_Z,Not Applicable,2019,0.6,FAO_CAHD,Cost and Affordability of a Healthy Diet (CoAHD),6,Millions,COUNT,Count (Integer),602,CCYY,A,Normal value,PU,Public
datastructure,WB.DATA360:DS_DATA360(1.2),I,A,Annual,GUY,Guyana,FAO_CAHD_7006,Number of people unable to afford a healthy diet (million),_T,Total,_T,All age ranges or no breakdown by age,_T,Total,PS,Persons,_Z,Not Applicable,_Z,Not Applicable,_Z,Not Applicable,2020,0.5,FAO_CAHD,Cost and Affordability of a Healthy Diet (CoAHD),6,Millions,COUNT,Count (Integer),602,CCYY,A,Normal value,PU,Public
datastructure,WB.DATA360:DS_DATA360(1.2),I,A,Annual,GUY,Guyana,FAO_CAHD_7006,Number of people unable to afford a healthy diet (million),_T,Total,_T,All age ranges or no breakdown by age,_T,Total,PS,Persons,_Z,Not Applicable,_Z,Not Applicable,_Z,Not Applicable,2021,0.4,FAO_CAHD,Cost and Affordability of a Healthy Diet (CoAHD),6,Millions,COUNT,Count (Integer),602,CCYY,A,Normal value,PU,Public
datastructure,WB.DATA360:DS_DATA360(1.2),I,A,Annual,GUY,Guyana,FAO_CAHD_7006,Number of people unable to afford a healthy diet (million),_T,Total,_T,All age ranges or no breakdown by age,_T,Total,PS,Persons,_Z,Not Applicable,_Z,Not Applicable,_Z,Not Applicable,2022,0.2,FAO_CAHD,Cost and Affordability of a Healthy Diet (CoAHD),6,Millions,COUNT,Count (Integer),602,CCYY,A,Normal value,PU,Public
datastructure,WB.DATA360:DS_DATA360(1.2),I,A,Annual,GUY,Guyana,FAO_CAHD_7006,Number of people unable to afford a healthy diet (million),_T,Total,_T,All age ranges or no breakdown by age,_T,Total,PS,Persons,_Z,Not Applicable,_Z,Not Applicable,_Z,Not Applicable,2023,0.1,FAO_CAHD,Cost and Affordability of a Healthy Diet (CoAHD),6,Millions,COUNT,Count (Integer),602,CCYY,A,Normal value,PU,Public
datastructure,WB.DATA360:DS_DATA360(1.2),I,A,Annual,GUY,Guyana,FAO_CAHD_7006,Number of people unable to afford a healthy diet (million),_T,Total,_T,All age ranges or no breakdown by age,_T,Total,PS,Persons,_Z,Not Applicable,_Z,Not Applicable,_Z,Not Applicable,2024,0.1,FAO_CAHD,Cost and Affordability of a Healthy Diet (CoAHD),6,Millions,COUNT,Count (Integer),602,CCYY,A,Normal value,PU,Public
datastructure,WB.DATA360:DS_DATA360(1.2),I,A,Annual,GUY,Guyana,FAO_CAHD_7006,Number of people unable to afford a healthy diet (million),_T,Total,_T,All age ranges or no breakdown by age,_T,Total,PS,Persons,_Z,Not Applicable,_Z,Not Applicable,_Z,Not Applicable,2025,0.1,FAO_CAHD,Cost and Affordability of a Healthy Diet (CoAHD),6,Millions,COUNT,Count (Integer),602,CCYY,A,Normal value,PU,Public
datastructure,WB.DATA360:DS_DATA360(1.2),I,A,Annual,HTI,Haiti,FAO_CAHD_7006,Number of people unable to afford a healthy diet (million),_T,Total,_T,All age ranges or no breakdown by age,_T,Total,PS,Persons,_Z,Not Applicable,_Z,Not Applicable,_Z,Not Applicable,2017,8.4,FAO_CAHD,Cost and Affordability of a Healthy Diet (CoAHD),6,Millions,COUNT,Count (Integer),602,CCYY,A,Normal value,PU,Public
datastructure,WB.DATA360:DS_DATA360(1.2),I,A,Annual,HTI,Haiti,FAO_CAHD_7006,Number of people unable to afford a healthy diet (million),_T,Total,_T,All age ranges or no breakdown by age,_T,Total,PS,Persons,_Z,Not Applicable,_Z,Not Applicable,_Z,Not Applicable,2018,8.6,FAO_CAHD,Cost and Affordability of a Healthy Diet (CoAHD),6,Millions,COUNT,Count (Integer),602,CCYY,A,Normal value,PU,Public
datastructure,WB.DATA360:DS_DATA360(1.2),I,A,Annual,GIN,Guinea,FAO_CAHD_7006,Number of people unable to afford a healthy diet (million),_T,Total,_T,All age ranges or no breakdown by age,_T,Total,PS,Persons,_Z,Not Applicable,_Z,Not Applicable,_Z,Not Applicable,2024,7.4,FAO_CAHD,Cost and Affordability of a Healthy Diet (CoAHD),6,Millions,COUNT,Count (Integer),602,CCYY,A,Normal value,PU,Public
datastructure,WB.DATA360:DS_DATA360(1.2),I,A,Annual,GIN,Guinea,FAO_CAHD_7006,Number of people unable to afford a healthy diet (million),_T,Total,_T,All age ranges or no breakdown by age,_T,Total,PS,Persons,_Z,Not Applicable,_Z,Not Applicable,_Z,Not Applicable,2025,7.6,FAO_CAHD,Cost and Affordability of a Healthy Diet (CoAHD),6,Millions,COUNT,Count (Integer),602,CCYY,A,Normal value,PU,Public
datastructure,WB.DATA360:DS_DATA360(1.2),I,A,Annual,GIN,Guinea,FAO_CAHD_7006,Number of people unable to afford a healthy diet (million),_T,Total,_T,All age ranges or no breakdown by age,_T,Total,PS,Persons,_Z,Not Applicable,_Z,Not Applicable,_Z,Not Applicable,2023,7.0,FAO_CAHD,Cost and Affordability of a Healthy Diet (CoAHD),6,Millions,COUNT,Count (Integer),602,CCYY,A,Normal value,PU,Public
datastructure,WB.DATA360:DS_DATA360(1.2),I,A,Annual,GIN,Guinea,FAO_CAHD_7006,Number of people unable to afford a healthy diet (million),_T,Total,_T,All age ranges or no breakdown by age,_T,Total,PS,Persons,_Z,Not Applicable,_Z,Not Applicable,_Z,Not Applicable,2022,6.5,FAO_CAHD,Cost and Affordability of a Healthy Diet (CoAHD),6,Millions,COUNT,Count (Integer),602,CCYY,A,Normal value,PU,Public
datastructure,WB.DATA360:DS_DATA360(1.2),I,A,Annual,GIN,Guinea,FAO_CAHD_7006,Number of people unable to afford a healthy diet (million),_T,Total,_T,All age ranges or no breakdown by age,_T,Total,PS,Persons,_Z,Not Applicable,_Z,Not Applicable,_Z,Not Applicable,2017,5.8,FAO_CAHD,Cost and Affordability of a Healthy Diet (CoAHD),6,Millions,COUNT,Count (Integer),602,CCYY,A,Normal value,PU,Public
datastructure,WB.DATA360:DS_DATA360(1.2),I,A,Annual,GIN,Guinea,FAO_CAHD_7006,Number of people unable to afford a healthy diet (million),_T,Total,_T,All age ranges or no breakdown by age,_T,Total,PS,Persons,_Z,Not Applicable,_Z,Not Applicable,_Z,Not Applicable,2018,5.9,FAO_CAHD,Cost and Affordability of a Healthy Diet (CoAHD),6,Millions,COUNT,Count (Integer),602,CCYY,A,Normal value,PU,Public
datastructure,WB.DATA360:DS_DATA360(1.2),I,A,Annual,GIN,Guinea,FAO_CAHD_7006,Number of people unable to afford a healthy diet (million),_T,Total,_T,All age ranges or no breakdown by age,_T,Total,PS,Persons,_Z,Not Applicable,_Z,Not Applicable,_Z,Not Applicable,2019,5.9,FAO_CAHD,Cost and Affordability of a Healthy Diet (CoAHD),6,Millions,COUNT,Count (Integer),602,CCYY,A,Normal value,PU,Public
datastructure,WB.DATA360:DS_DATA360(1.2),I,A,Annual,GIN,Guinea,FAO_CAHD_7006,Number of people unable to afford a healthy diet (million),_T,Total,_T,All age ranges or no breakdown by age,_T,Total,PS,Persons,_Z,Not Applicable,_Z,Not Applicable,_Z,Not Applicable,2020,6.1,FAO_CAHD,Cost and Affordability of a Healthy Diet (CoAHD),6,Millions,COUNT,Count (Integer),602,CCYY,A,Normal value,PU,Public
datastructure,WB.DATA360:DS_DATA360(1.2),I,A,Annual,GIN,Guinea,FAO_CAHD_7006,Number of people unable to afford a healthy diet (million),_T,Total,_T,All age ranges or no breakdown by age,_T,Total,PS,Persons,_Z,Not Applicable,_Z,Not Applicable,_Z,Not Applicable,2021,6.2,FAO_CAHD,Cost and Affordability of a Healthy Diet (CoAHD),6,Millions,COUNT,Count (Integer),602,CCYY,A,Normal value,PU,Public
datastructure,WB.DATA360:DS_DATA360(1.2),I,A,Annual,GNB,Guinea-Bissau,FAO_CAHD_7006,Number of people unable to afford a healthy diet (million),_T,Total,_T,All age ranges or no breakdown by age,_T,Total,PS,Persons,_Z,Not Applicable,_Z,Not Applicable,_Z,Not Applicable,2025,1.5,FAO_CAHD,Cost and Affordability of a Healthy Diet (CoAHD),6,Millions,COUNT,Count (Integer),602,CCYY,A,Normal value,PU,Public
datastructure,WB.DATA360:DS_DATA360(1.2),I,A,Annual,GNB,Guinea-Bissau,FAO_CAHD_7006,Number of people unable to afford a healthy diet (million),_T,Total,_T,All age ranges or no breakdown by age,_T,Total,PS,Persons,_Z,Not Applicable,_Z,Not Applicable,_Z,Not Applicable,2018,1.3,FAO_CAHD,Cost and Affordability of a Healthy Diet (CoAHD),6,Millions,COUNT,Count (Integer),602,CCYY,A,Normal value,PU,Public
datastructure,WB.DATA360:DS_DATA360(1.2),I,A,Annual,GNB,Guinea-Bissau,FAO_CAHD_7006,Number of people unable to afford a healthy diet (million),_T,Total,_T,All age ranges or no breakdown by age,_T,Total,PS,Persons,_Z,Not Applicable,_Z,Not Applicable,_Z,Not Applicable,2019,1.2,FAO_CAHD,Cost and Affordability of a Healthy Diet (CoAHD),6,Millions,COUNT,Count (Integer),602,CCYY,A,Normal value,PU,Public
datastructure,WB.DATA360:DS_DATA360(1.2),I,A,Annual,GNB,Guinea-Bissau,FAO_CAHD_7006,Number of people unable to afford a healthy diet (million),_T,Total,_T,All age ranges or no breakdown by age,_T,Total,PS,Persons,_Z,Not Applicable,_Z,Not Applicable,_Z,Not Applicable,2020,1.3,FAO_CAHD,Cost and Affordability of a Healthy Diet (CoAHD),6,Millions,COUNT,Count (Integer),602,CCYY,A,Normal value,PU,Public
datastructure,WB.DATA360:DS_DATA360(1.2),I,A,Annual,GNB,Guinea-Bissau,FAO_CAHD_7006,Number of people unable to afford a healthy diet (million),_T,Total,_T,All age ranges or no breakdown by age,_T,Total,PS,Persons,_Z,Not Applicable,_Z,Not Applicable,_Z,Not Applicable,2021,1.4,FAO_CAHD,Cost and Affordability of a Healthy Diet (CoAHD),6,Millions,COUNT,Count (Integer),602,CCYY,A,Normal value,PU,Public
datastructure,WB.DATA360:DS_DATA360(1.2),I,A,Annual,GNB,Guinea-Bissau,FAO_CAHD_7006,Number of people unable to afford a healthy diet (million),_T,Total,_T,All age ranges or no breakdown by age,_T,Total,PS,Persons,_Z,Not Applicable,_Z,Not Applicable,_Z,Not Applicable,2022,1.4,FAO_CAHD,Cost and Affordability of a Healthy Diet (CoAHD),6,Millions,COUNT,Count (Integer),602,CCYY,A,Normal value,PU,Public
datastructure,WB.DATA360:DS_DATA360(1.2),I,A,Annual,GNB,Guinea-Bissau,FAO_CAHD_7006,Number of people unable to afford a healthy diet (million),_T,Total,_T,All age ranges or no breakdown by age,_T,Total,PS,Persons,_Z,Not Applicable,_Z,Not Applicable,_Z,Not Applicable,2023,1.4,FAO_CAHD,Cost and Affordability of a Healthy Diet (CoAHD),6,Millions,COUNT,Count (Integer),602,CCYY,A,Normal value,PU,Public
datastructure,WB.DATA360:DS_DATA360(1.2),I,A,Annual,GNB,Guinea-Bissau,FAO_CAHD_7006,Number of people unable to afford a healthy diet (million),_T,Total,_T,All age ranges or no breakdown by age,_T,Total,PS,Persons,_Z,Not Applicable,_Z,Not Applicable,_Z,Not Applicable,2024,1.4,FAO_CAHD,Cost and Affordability of a Healthy Diet (CoAHD),6,Millions,COUNT,Count (Integer),602,CCYY,A,Normal value,PU,Public
datastructure,WB.DATA360:DS_DATA360(1.2),I,A,Annual,GNB,Guinea-Bissau,FAO_CAHD_7006,Number of people unable to afford a healthy diet (million),_T,Total,_T,All age ranges or no breakdown by age,_T,Total,PS,Persons,_Z,Not Applicable,_Z,Not Applicable,_Z,Not Applicable,2017,1.3,FAO_CAHD,Cost and Affordability of a Healthy Diet (CoAHD),6,Millions,COUNT,Count (Integer),602,CCYY,A,Normal value,PU,Public
